player_id,date,market_value_in_eur_val,current_club_name_val,current_club_id_val,player_club_domestic_competition_id,first_name,last_name,name,last_season,current_club_id_profile,player_code,country_of_birth,city_of_birth,country_of_citizenship,date_of_birth,sub_position,position,foot,height_in_cm,contract_expiration_date,agent_name,image_url,international_caps,international_goals,current_national_team_id,url,current_club_domestic_competition_id,current_club_name_profile,market_value_in_eur_profile,highest_market_value_in_eur,season_clean,matched_fbref_name,league,season,team,player,nation_,pos_,age_,born_,Playing Time_MP,Playing Time_Starts,Playing Time_Min,90s_,Performance_GA,Performance_GA90,Performance_SoTA,Performance_Saves,Performance_Save%,Performance_W,Performance_D,Performance_L,Performance_CS,Performance_CS%,Penalty Kicks_PKatt,Penalty Kicks_PKA,Penalty Kicks_PKsv,Penalty Kicks_PKm,Penalty Kicks_Save%,age_at_val,contract_days_left
934159,2023-07-01,200000,ACF Fiorentina,430,IT1,Tommaso,Martinelli,Tommaso Martinelli,2025,430,tommaso-martinelli,Italy,Bagno a Ripoli  ,Italy,2006-01-06 00:00:00,Goalkeeper,Goalkeeper,right,194.0,2027-06-30 00:00:00,CAA Base Ltd,https://img.a.transfermarkt.technology/portrait/header/934159-1676018484.jpg?lm=1,1.0,0.0,,https://www.transfermarkt.co.uk/tommaso-martinelli/profil/spieler/934159,IT1,ACF Fiorentina,2000000.0,2000000.0,2023,Tommaso Martinelli,ITA-Serie A,2324,Fiorentina,Tommaso Martinelli,ITA,GK,17,2006,1,1,90,1.0,2,2.0,3,1,33.3,1,0,0,0,0.0,0,0,0,0,,17.481177275838466,1460.0
275218,2023-07-04,3500000,CA San Lorenzo de Almagro,1775,ARG1,Augusto,Batalla,Augusto Batalla,2025,367,augusto-batalla,Argentina,Hurlingham  ,Argentina,1996-04-30 00:00:00,Goalkeeper,Goalkeeper,right,185.0,2030-06-30 00:00:00,Hernan Berman,https://img.a.transfermarkt.technology/portrait/header/275218-1775761484.jpg?lm=1,13.0,0.0,,https://www.transfermarkt.co.uk/augusto-batalla/profil/spieler/275218,ES1,Rayo Vallecano,6000000.0,6000000.0,2023,Augusto Batalla,ESP-La Liga,2324,Granada,Augusto Batalla,ARG,GK,27,1996,17,17,1530,17.0,28,1.65,87,59,67.8,3,4,10,3,17.6,0,0,0,0,,27.175906913073238,2553.0
284270,2023-07-04,350000,Borussia Mönchengladbach,18,L1,Moritz,Nicolas,Moritz Nicolas,2025,18,moritz-nicolas,Germany,Gladbeck  ,Germany,1997-10-21 00:00:00,Goalkeeper,Goalkeeper,right,193.0,2029-06-30 00:00:00,PORT,https://img.a.transfermarkt.technology/portrait/header/284270-1722945496.jpg?lm=1,1.0,0.0,,https://www.transfermarkt.co.uk/moritz-nicolas/profil/spieler/284270,L1,Borussia Mönchengladbach,8000000.0,8000000.0,2023,Moritz Nicolas,,2324,Gladbach,Moritz Nicolas,GER,GK,25,1997,27,27,2430,27.0,49,1.81,159,113,69.2,6,11,10,4,14.8,4,4,0,0,0.0,25.700205338809035,2188.0
654326,2023-07-06,400000,CD Leones Negros de la UdeG,23505,,Salim,Hernández,Salim Hernández,2025,13353,salim-hernandez,Mexico,Guadalajara  ,Mexico,1998-12-07 00:00:00,Goalkeeper,Goalkeeper,right,191.0,2026-06-30 00:00:00,PitZGroup,https://img.a.transfermarkt.technology/portrait/header/654326-1681671323.jpg?lm=1,,,,https://www.transfermarkt.co.uk/salim-hernandez/profil/spieler/654326,MEX1,Club Tijuana,450000.0,700000.0,2023,Raúl Fernández,ESP-La Liga,2324,Granada,Raúl Fernández,ESP,GK,35,1988,4,4,280,3.1,11,3.54,19,8,42.1,1,0,3,0,0.0,1,0,0,1,,24.577686516084874,1090.0
491542,2023-07-07,3200000,Atlético Nacional,8172,COL1,Kevin,Mier,Kevin Mier,2025,3711,kevin-mier,Colombia,Barrancabermeja  ,Colombia,2000-05-18 00:00:00,Goalkeeper,Goalkeeper,right,187.0,2029-06-30 00:00:00,Elite Player,https://img.a.transfermarkt.technology/portrait/header/491542-1693600544.JPG?lm=1,3.0,0.0,,https://www.transfermarkt.co.uk/kevin-mier/profil/spieler/491542,MEX1,CD Cruz Azul,6000000.0,8000000.0,2023,Kevin Müller,,2324,Heidenheim,Kevin Müller,GER,GK,32,1991,34,34,3060,34.0,55,1.62,178,123,69.1,10,12,12,5,14.7,10,7,1,2,12.5,23.134839151266256,2185.0
465682,2023-07-10,800000,Montevideo Wanderers,2403,,Mauro,Silveira,Mauro Silveira,2025,11854,mauro-silveira,Uruguay,Montevideo  ,Uruguay,2000-05-06 00:00:00,Goalkeeper,Goalkeeper,right,187.0,2028-06-30 00:00:00,JM Agente Deportivo,https://img.a.transfermarkt.technology/portrait/header/465682-1752505115.JPG?lm=1,0.0,0.0,,https://www.transfermarkt.co.uk/mauro-silveira/profil/spieler/465682,COL1,Junior FC,1000000.0,1000000.0,2023,Marco Silvestri,ITA-Serie A,2324,Udinese,Marco Silvestri,ITA,GK,32,1991,17,17,1530,17.0,28,1.65,69,41,59.4,1,11,5,4,23.5,6,6,0,0,0.0,23.175906913073238,1817.0
466783,2023-07-12,5000000,FC Barcelona Atlètic,2464,,Arnau,Tenas,Arnau Tenas,2025,1050,arnau-tenas,Spain,Vic  ,Spain,2001-05-30 00:00:00,Goalkeeper,Goalkeeper,right,185.0,2029-06-30 00:00:00,De la Peña & Sostres,https://img.a.transfermarkt.technology/portrait/header/466783-1701444229.jpg?lm=1,0.0,0.0,,https://www.transfermarkt.co.uk/arnau-tenas/profil/spieler/466783,ES1,Villarreal CF,4000000.0,5000000.0,2023,Arnau Tenas,FRA-Ligue 1,2324,Paris SG,Arnau Tenas,ESP,GK,22,2001,6,5,529,5.9,7,1.19,26,19,73.1,2,2,1,1,20.0,0,0,0,0,,22.116358658453116,2180.0
468539,2023-07-12,4000000,Maccabi Tel Aviv,119,,Daniel,Peretz,Daniel Peretz,2025,41,daniel-peretz,Israel,Tel Aviv  ,Israel,2000-07-10 00:00:00,Goalkeeper,Goalkeeper,right,190.0,2030-06-30 00:00:00,,https://img.a.transfermarkt.technology/portrait/header/468539-1758188153.jpg?lm=1,12.0,0.0,,https://www.transfermarkt.co.uk/daniel-peretz/profil/spieler/468539,L1,Hamburger SV,4000000.0,5000000.0,2023,Daniel Peretz,,2324,Bayern Munich,Daniel Peretz,ISR,GK,23,2000,1,0,17,0.2,0,0.0,0,0,,0,0,0,0,,0,0,0,0,,23.003422313483917,2545.0
566799,2023-07-12,15000000,Manchester City,281,GB1,James,Trafford,James Trafford,2025,281,james-trafford,England,Greysouthen  ,England,2002-10-10 00:00:00,Goalkeeper,Goalkeeper,right,192.0,2030-06-30 00:00:00,,https://img.a.transfermarkt.technology/portrait/header/566799-1689876147.jpg?lm=1,2.0,0.0,,https://www.transfermarkt.co.uk/james-trafford/profil/spieler/566799,GB1,Manchester City,25000000.0,30000000.0,2023,James Trafford,ENG-Premier League,2324,Burnley,James Trafford,ENG,GK,20,2002,28,28,2520,28.0,62,2.21,168,106,63.1,3,5,20,2,7.1,5,5,0,0,0.0,20.752908966461327,2545.0
354198,2023-07-18,75000,SCR Altach,3551,A1,Alexander,Eckmayr,Alexander Eckmayr,2025,2446,alexander-eckmayr,Germany,München  ,Austria,1999-07-06 00:00:00,Goalkeeper,Goalkeeper,right,186.0,,Centerfield,https://img.a.transfermarkt.technology/portrait/header/354198-1722351250.jpg?lm=1,,,,https://www.transfermarkt.co.uk/alexander-eckmayr/profil/spieler/354198,A1,WSG Tirol,150000.0,150000.0,2023,Alexander Meyer,,2324,Dortmund,Alexander Meyer,GER,GK,32,1991,8,7,695,7.7,9,1.17,28,19,67.9,4,1,2,3,42.9,0,0,0,0,,24.032854209445585,0.0
662335,2023-07-18,50000,Ceará Sporting Club,2029,BRA1,,Cristian,Cristian,2025,2423,cristian,Brazil,Maravilha  ,Brazil,2002-02-25 00:00:00,Goalkeeper,Goalkeeper,right,192.0,2027-06-30 00:00:00,DK,https://img.a.transfermarkt.technology/portrait/header/662335-1595155136.jpg?lm=1,1.0,0.0,,https://www.transfermarkt.co.uk/cristian/profil/spieler/662335,PO1,CD Santa Clara,75000.0,75000.0,2023,Cristian,ESP-La Liga,2324,Valencia,Cristian,ESP,GK,25,1998,1,0,57,0.6,1,1.58,3,2,66.7,0,0,0,0,,0,0,0,0,,21.39082819986311,1443.0
842187,2023-07-18,10000,SV Ried,266,A1,Dominik,Stöger,Dominik Stöger,2025,266,dominik-stoger,,,Austria,2006-09-22 00:00:00,Goalkeeper,Goalkeeper,,200.0,2028-06-30 00:00:00,,https://img.a.transfermarkt.technology/portrait/header/842187-1753368072.png?lm=1,0.0,0.0,,https://www.transfermarkt.co.uk/dominik-stoger/profil/spieler/842187,A1,SV Ried,10000.0,10000.0,2023,Dominik Greif,ESP-La Liga,2324,Mallorca,Dominik Greif,SVK,GK,26,1997,1,1,90,1.0,0,0.0,4,4,100.0,0,1,0,1,100.0,0,0,0,0,,16.8186173853525,1809.0
417084,2023-07-25,1500000,Sport Club Internacional,6600,BRA1,,Keiller,Keiller,2025,776,keiller,Brazil,Eldorado do Sul  ,Brazil,1996-10-29 00:00:00,Goalkeeper,Goalkeeper,right,193.0,2026-12-30 00:00:00,,https://img.a.transfermarkt.technology/portrait/header/417084-1748479165.jpg?lm=1,0.0,0.0,,https://www.transfermarkt.co.uk/keiller/profil/spieler/417084,BRA1,Coritiba Foot Ball Club,500000.0,1500000.0,2023,Kevin Müller,,2324,Heidenheim,Kevin Müller,GER,GK,32,1991,34,34,3060,34.0,55,1.62,178,123,69.1,10,12,12,5,14.7,10,7,1,2,12.5,26.73511293634497,1254.0
646741,2023-08-21,200000,RC Celta Fortuna,8733,,César,Fernández,César Fernández,2024,940,cesar-fernandez,Spain,O Barco de Valdeorras  ,Spain,2004-01-28 00:00:00,Goalkeeper,Goalkeeper,right,181.0,2027-06-30 00:00:00,Unique Sports Group,https://img.a.transfermarkt.technology/portrait/header/default.jpg?lm=1,10.0,0.0,,https://www.transfermarkt.co.uk/cesar-fernandez/profil/spieler/646741,ES1,Celta de Vigo,200000.0,200000.0,2023,Aitor Fernández,ESP-La Liga,2324,Osasuna,Aitor Fernández,ESP,GK,32,1991,7,6,551,6.1,9,1.47,20,11,55.0,0,2,4,1,16.7,1,1,0,0,0.0,19.561943874058862,1409.0
99617,2023-08-22,300000,Seattle Sounders FC,9636,MLS1,Stefan,Frei,Stefan Frei,2025,9636,stefan-frei,Switzerland,Altstätten  ,United States,1986-04-20 00:00:00,Goalkeeper,Goalkeeper,,195.0,2027-12-31 00:00:00,THE·TEAM,https://img.a.transfermarkt.technology/portrait/header/99617-1771756765.jpg?lm=1,0.0,0.0,,https://www.transfermarkt.co.uk/stefan-frei/profil/spieler/99617,MLS1,Seattle Sounders FC,100000.0,1000000.0,2023,Stefan Ortega,ENG-Premier League,2324,Manchester City,Stefan Ortega,GER,GK,30,1992,9,5,635,7.1,7,0.99,27,20,74.1,4,1,0,3,60.0,0,0,0,0,,37.3388090349076,1592.0
126630,2023-08-22,1200000,Toronto FC,11141,MLS1,Sean,Johnson,Sean Johnson,2025,2440,sean-johnson,United States,"Lilburn, Georgia  ",United States,1989-05-31 00:00:00,Goalkeeper,Goalkeeper,right,190.0,2027-06-30 00:00:00,,https://img.a.transfermarkt.technology/portrait/header/126630-1771687154.jpg?lm=1,13.0,0.0,,https://www.transfermarkt.co.uk/sean-johnson/profil/spieler/126630,MLS1,D.C. United,300000.0,1800000.0,2023,Sam Johnstone,ENG-Premier League,2324,Crystal Palace,Sam Johnstone,ENG,GK,30,1993,20,20,1796,20.0,27,1.35,68,41,60.3,5,6,9,6,30.0,2,2,0,0,0.0,34.2258726899384,1408.0
826462,2023-08-22,25000,FC Dallas,8816,MLS1,Antonio,Carrera,Antonio Carrera,2025,7055,antonio-carrera,Mexico,"Pachuca de Soto, Hidalgo  ",United States,2004-03-15 00:00:00,Goalkeeper,Goalkeeper,right,191.0,,THE·TEAM,https://img.a.transfermarkt.technology/portrait/header/826462-1740506003.jpg?lm=1,3.0,0.0,,https://www.transfermarkt.co.uk/antonio-carrera/profil/spieler/826462,MEX1,Tigres UANL,25000.0,25000.0,2023,Antonio Sivera,ESP-La Liga,2324,Alavés,Antonio Sivera,ESP,GK,26,1996,34,34,3060,34.0,38,1.12,125,87,69.6,11,8,15,9,26.5,8,8,0,0,0.0,19.43600273785079,0.0
643063,2023-09-04,425000,Universitario de Deportes,6593,,Diego,Romero,Diego Romero,2025,6593,diego-romero,Peru,Chiclayo  ,Peru,2001-08-17 00:00:00,Goalkeeper,Goalkeeper,right,189.0,2027-12-31 00:00:00,Alemannogroup,https://img.a.transfermarkt.technology/portrait/header/643063-1770731016.jpg?lm=1,0.0,0.0,3584.0,https://www.transfermarkt.co.uk/diego-romero/profil/spieler/643063,,,1000000.0,1000000.0,2023,Diego Mariño,ESP-La Liga,2324,Almería,Diego Mariño,ESP,GK,33,1990,1,1,90,1.0,2,2.0,4,2,50.0,0,0,1,0,0.0,2,2,0,0,0.0,22.04791238877481,1579.0
106851,2023-09-11,300000,SV Ried,266,A1,Andreas,Leitner,Andreas Leitner,2025,266,andreas-leitner,Austria,Leoben  ,Austria,1994-03-25 00:00:00,Goalkeeper,Goalkeeper,both,185.0,2028-06-30 00:00:00,ROGON,https://img.a.transfermarkt.technology/portrait/header/106851-1753367284.png?lm=1,2.0,0.0,,https://www.transfermarkt.co.uk/andreas-leitner/profil/spieler/106851,A1,SV Ried,250000.0,700000.0,2023,Andreas Luthe,,2324,Bochum,Andreas Luthe,GER,GK,36,1987,1,1,90,1.0,4,4.0,5,1,20.0,0,0,1,0,0.0,0,0,0,0,,29.464750171115675,1754.0
186374,2023-09-11,2000000,Red Bull Salzburg,409,A1,Alexander,Schlager,Alexander Schlager,2025,409,alexander-schlager,Austria,Salzburg  ,Austria,1996-02-01 00:00:00,Goalkeeper,Goalkeeper,right,185.0,2029-06-30 00:00:00,ROOF,https://img.a.transfermarkt.technology/portrait/header/186374-1754994062.png?lm=1,30.0,0.0,,https://www.transfermarkt.co.uk/alexander-schlager/profil/spieler/186374,A1,Fußballclub Red Bull Salzburg,2000000.0,4500000.0,2023,Alexander Schwolow,,2324,Union Berlin,Alexander Schwolow,GER,GK,31,1992,1,1,90,1.0,2,2.0,6,4,66.7,0,0,1,0,0.0,0,0,0,0,,27.60848733744011,2119.0
912902,2023-09-11,2000000,FC Toulouse,415,FR1,Guillaume,Restes,Guillaume Restes,2025,415,guillaume-restes,France,Toulouse  ,France,2005-03-11 00:00:00,Goalkeeper,Goalkeeper,left,188.0,2028-06-30 00:00:00,Unique Sports Group,https://img.a.transfermarkt.technology/portrait/header/912902-1676656145.jpg?lm=1,19.0,0.0,,https://www.transfermarkt.co.uk/guillaume-restes/profil/spieler/912902,FR1,FC Toulouse,18000000.0,20000000.0,2023,Guillaume Restes,FRA-Ligue 1,2324,Toulouse,Guillaume Restes,FRA,GK,18,2005,34,34,3060,34.0,46,1.35,142,96,67.6,11,10,13,6,17.6,4,4,0,0,0.0,18.50239561943874,1754.0
843915,2023-09-21,50000,Atromitos Athens,3060,GR1,Christos,Dimos,Christos Dimos,2023,3060,christos-dimos,,,Greece,2003-07-03 00:00:00,Goalkeeper,Goalkeeper,,,2025-06-30 00:00:00,,https://img.a.transfermarkt.technology/portrait/header/default.jpg?lm=1,,,,https://www.transfermarkt.co.uk/christos-dimos/profil/spieler/843915,GR1,APS Atromitos Athinon,50000.0,50000.0,2023,Christos Mandas,ITA-Serie A,2324,Lazio,Christos Mandas,GRE,GK,21,2001,9,8,721,8.0,6,0.75,29,23,79.3,6,1,1,2,25.0,0,0,0,0,,20.21902806297057,648.0
372468,2023-09-29,200000,CF Os Belenenses,68608,PO1,David,Grilo,David Grilo,2025,2431,david-grilo,Portugal,Massamá  ,Portugal,1996-08-13 00:00:00,Goalkeeper,Goalkeeper,right,184.0,2028-06-30 00:00:00,,https://img.a.transfermarkt.technology/portrait/header/372468-1638712058.jpg?lm=1,,,,https://www.transfermarkt.co.uk/david-grilo/profil/spieler/372468,PO1,CF Estrela Amadora,100000.0,250000.0,2023,David Gil,ESP-La Liga,2324,Cádiz,David Gil,ESP,GK,29,1994,5,4,372,4.1,8,1.94,25,17,68.0,0,3,1,1,25.0,0,0,0,0,,27.12662559890486,1736.0
275218,2023-10-04,5500000,CA San Lorenzo de Almagro,1775,ARG1,Augusto,Batalla,Augusto Batalla,2025,367,augusto-batalla,Argentina,Hurlingham  ,Argentina,1996-04-30 00:00:00,Goalkeeper,Goalkeeper,right,185.0,2030-06-30 00:00:00,Hernan Berman,https://img.a.transfermarkt.technology/portrait/header/275218-1775761484.jpg?lm=1,13.0,0.0,,https://www.transfermarkt.co.uk/augusto-batalla/profil/spieler/275218,ES1,Rayo Vallecano,6000000.0,6000000.0,2023,Augusto Batalla,ESP-La Liga,2324,Granada,Augusto Batalla,ARG,GK,27,1996,17,17,1530,17.0,28,1.65,87,59,67.8,3,4,10,3,17.6,0,0,0,0,,27.42778918548939,2461.0
381250,2023-10-04,75000,FSV Zwickau,167,L1,Benjamin,Leneis,Benjamin Leneis,2022,167,benjamin-leneis,Germany,München  ,Germany,1999-03-08 00:00:00,Goalkeeper,Goalkeeper,both,195.0,2024-06-30 00:00:00,projekt p,https://img.a.transfermarkt.technology/portrait/header/381250-1627912987.jpg?lm=1,,,,https://www.transfermarkt.co.uk/benjamin-leneis/profil/spieler/381250,L1,FC Augsburg,75000.0,300000.0,2023,Benjamin Lecomte,FRA-Ligue 1,2324,Montpellier,Benjamin Lecomte,FRA,GK,32,1991,30,30,2700,30.0,37,1.23,139,102,73.4,9,11,10,10,33.3,5,4,1,0,20.0,24.57494866529774,270.0
77757,2023-10-09,2800000,Luton Town,1031,GB1,Thomas,Kaminski,Thomas Kaminski,2023,1031,thomas-kaminski,Belgium,Dendermonde  ,Belgium,1992-10-23 00:00:00,Goalkeeper,Goalkeeper,,190.0,,SEG,https://img.a.transfermarkt.technology/portrait/header/77757-1546948273.jpg?lm=1,,,,https://www.transfermarkt.co.uk/thomas-kaminski/profil/spieler/77757,GB1,Luton Town,3000000.0,3000000.0,2023,Thomas Kaminski,ENG-Premier League,2324,Luton Town,Thomas Kaminski,BEL,GK,30,1992,38,38,3405,37.8,85,2.25,229,144,62.9,6,8,24,2,5.3,4,4,0,0,0.0,30.9596167008898,0.0
110864,2023-10-09,10000000,Crystal Palace,873,GB1,Sam,Johnstone,Sam Johnstone,2025,543,sam-johnstone,England,Preston  ,England,1993-03-25 00:00:00,Goalkeeper,Goalkeeper,right,193.0,2028-06-30 00:00:00,Unique Sports Group,https://img.a.transfermarkt.technology/portrait/header/110864-1672915792.jpg?lm=1,4.0,0.0,,https://www.transfermarkt.co.uk/sam-johnstone/profil/spieler/110864,GB1,Wolverhampton Wanderers,2000000.0,12000000.0,2023,Sam Johnstone,ENG-Premier League,2324,Crystal Palace,Sam Johnstone,ENG,GK,30,1993,20,20,1796,20.0,27,1.35,68,41,60.3,5,6,9,6,30.0,2,2,0,0,0.0,30.54072553045859,1726.0
120629,2023-10-09,10000000,West Ham United,379,GB1,Alphonse,Areola,Alphonse Areola,2025,379,alphonse-areola,France,Paris  ,France,1993-02-27 00:00:00,Goalkeeper,Goalkeeper,right,195.0,2027-06-30 00:00:00,Rafaela Pimenta,https://img.a.transfermarkt.technology/portrait/header/120629-1663243036.jpg?lm=1,5.0,0.0,,https://www.transfermarkt.co.uk/alphonse-areola/profil/spieler/120629,GB1,West Ham United,4000000.0,17500000.0,2023,Alphonse Areola,ENG-Premier League,2324,West Ham,Alphonse Areola,FRA,GK,30,1993,31,31,2699,30.0,53,1.77,189,136,72.0,11,9,11,4,12.9,7,5,2,0,28.6,30.611909650924023,1360.0
124419,2023-10-09,10000000,Nottingham Forest,703,GB1,Odysseas,Vlachodimos,Odysseas Vlachodimos,2025,368,odysseas-vlachodimos,Germany,Stuttgart  ,Greece,1994-04-26 00:00:00,Goalkeeper,Goalkeeper,right,191.0,2027-06-30 00:00:00,fair-sport GmbH,https://img.a.transfermarkt.technology/portrait/header/124419-1706829687.jpg?lm=1,53.0,0.0,,https://www.transfermarkt.co.uk/odysseas-vlachodimos/profil/spieler/124419,ES1,Sevilla FC,3000000.0,18000000.0,2023,Odysseas Vlachodimos,ENG-Premier League,2324,Nottingham,Odysseas Vlachodimos,GRE,GK,29,1994,5,5,450,5.0,12,2.4,22,10,45.5,1,0,4,1,20.0,1,1,0,0,0.0,29.453798767967147,1360.0
125714,2023-10-09,12000000,Brentford FC,1148,GB1,Mark,Flekken,Mark Flekken,2025,15,mark-flekken,Netherlands,Bocholtz   ,Netherlands,1993-06-13 00:00:00,Goalkeeper,Goalkeeper,both,195.0,2028-06-30 00:00:00,SEG,https://img.a.transfermarkt.technology/portrait/header/125714-1758704276.jpg?lm=1,12.0,0.0,,https://www.transfermarkt.co.uk/mark-flekken/profil/spieler/125714,L1,Bayer 04 Leverkusen,6000000.0,12000000.0,2023,Mark Flekken,ENG-Premier League,2324,Brentford,Mark Flekken,NED,GK,30,1993,37,37,3285,36.5,63,1.73,178,115,64.6,10,9,18,7,18.9,2,2,0,0,0.0,30.321697467488022,1726.0
234509,2023-10-09,40000000,Manchester United,985,GB1,André,Onana,André Onana,2025,449,andre-onana,Cameroon,Nkol Ngok  ,Cameroon,1996-04-02 00:00:00,Goalkeeper,Goalkeeper,right,190.0,2027-06-30 00:00:00,LIAN Sports Group,https://img.a.transfermarkt.technology/portrait/header/234509-1769612568.jpg?lm=1,53.0,0.0,,https://www.transfermarkt.co.uk/andre-onana/profil/spieler/234509,TR1,Trabzonspor,10000000.0,45000000.0,2023,André Onana,ENG-Premier League,2324,Manchester Utd,André Onana,CMR,GK,27,1996,38,38,3420,38.0,58,1.53,200,148,71.0,18,6,14,9,23.7,7,7,0,0,0.0,27.51813826146475,1360.0
262749,2023-10-09,32000000,Arsenal FC,11,GB1,David,Raya,David Raya,2025,11,david-raya,Spain,Barcelona  ,Spain,1995-09-15 00:00:00,Goalkeeper,Goalkeeper,right,186.0,2028-06-30 00:00:00,FUTBOL21 AGENCY,https://img.a.transfermarkt.technology/portrait/header/262749-1780663789.jpg?lm=1,13.0,0.0,,https://www.transfermarkt.co.uk/david-raya/profil/spieler/262749,GB1,Arsenal FC,30000000.0,40000000.0,2023,David Raya,ENG-Premier League,2324,Arsenal,David Raya,ESP,GK,27,1995,32,32,2880,32.0,24,0.75,69,45,65.2,23,4,5,14,43.8,3,2,1,0,33.3,28.06570841889117,1726.0
286047,2023-10-09,20000000,Tottenham Hotspur,148,GB1,Guglielmo,Vicario,Guglielmo Vicario,2025,148,guglielmo-vicario,Italy,Udine  ,Italy,1996-10-07 00:00:00,Goalkeeper,Goalkeeper,right,194.0,2028-06-30 00:00:00,THE·TEAM,https://img.a.transfermarkt.technology/portrait/header/286047-1725874745.jpg?lm=1,5.0,0.0,,https://www.transfermarkt.co.uk/guglielmo-vicario/profil/spieler/286047,GB1,Tottenham Hotspur,18000000.0,35000000.0,2023,Guglielmo Vicario,ENG-Premier League,2324,Tottenham,Guglielmo Vicario,ITA,GK,26,1996,38,38,3420,38.0,61,1.61,171,110,64.3,20,6,12,6,15.8,7,7,0,0,0.0,27.003422313483917,1726.0
340918,2023-10-09,15000000,Liverpool FC,31,GB1,Caoimhín,Kelleher,Caoimhín Kelleher,2025,1148,caoimhin-kelleher,Ireland,Cork  ,Ireland,1998-11-23 00:00:00,Goalkeeper,Goalkeeper,right,188.0,2030-06-30 00:00:00,ROOF,https://img.a.transfermarkt.technology/portrait/header/340918-1708933663.jpg?lm=1,32.0,0.0,,https://www.transfermarkt.co.uk/caoimhin-kelleher/profil/spieler/340918,GB1,Brentford FC,28000000.0,28000000.0,2023,Caoimhín Kelleher,ENG-Premier League,2324,Liverpool,Caoimhín Kelleher,IRL,GK,24,1998,10,10,900,10.0,11,1.1,39,28,71.8,8,2,0,2,20.0,0,0,0,0,,24.876112251882272,2456.0
371021,2023-10-09,9000000,Burnley FC,1132,GB1,Arijanet,Murić,Arijanet Murić,2025,6574,arijanet-muric,Switzerland,Schlieren  ,Kosovo,1998-11-07 00:00:00,Goalkeeper,Goalkeeper,right,198.0,,11WINS,https://img.a.transfermarkt.technology/portrait/header/371021-1685718424.jpg?lm=1,51.0,0.0,,https://www.transfermarkt.co.uk/arijanet-muric/profil/spieler/371021,IT1,US Sassuolo,7500000.0,12000000.0,2023,Arijanet Muric,ENG-Premier League,2324,Burnley,Arijanet Muric,KVX,GK,24,1998,10,10,900,10.0,16,1.6,79,63,79.7,2,4,4,0,0.0,2,1,1,0,50.0,24.919917864476385,0.0
403151,2023-10-09,28000000,Chelsea FC,631,GB1,Robert,Sánchez,Robert Sánchez,2025,631,robert-sanchez,Spain,Cartagena  ,Spain,1997-11-18 00:00:00,Goalkeeper,Goalkeeper,right,197.0,2030-06-30 00:00:00,CAA Stellar,https://img.a.transfermarkt.technology/portrait/header/403151-1695028195.jpg?lm=1,3.0,0.0,,https://www.transfermarkt.co.uk/robert-sanchez/profil/spieler/403151,GB1,Chelsea FC,22000000.0,32000000.0,2023,Robert Sánchez,ENG-Premier League,2324,Chelsea,Robert Sánchez,ESP,GK,25,1997,16,16,1433,15.9,25,1.57,77,52,67.5,5,4,7,3,18.8,3,2,1,0,33.3,25.88911704312115,2456.0
425306,2023-10-09,10000000,Nottingham Forest,703,GB1,Matt,Turner,Matt Turner,2025,626,matt-turner,United States,"Park Ridge, New Jersey  ",United States,1994-06-24 00:00:00,Goalkeeper,Goalkeeper,right,190.0,2026-06-30 00:00:00,THE·TEAM,https://img.a.transfermarkt.technology/portrait/header/425306-1771708610.jpg?lm=1,54.0,0.0,3505.0,https://www.transfermarkt.co.uk/matt-turner/profil/spieler/425306,MLS1,New England Revolution,2500000.0,10000000.0,2023,Matt Turner,ENG-Premier League,2324,Nottingham,Matt Turner,USA,GK,29,1994,17,17,1530,17.0,28,1.65,83,55,66.3,4,5,8,2,11.8,2,2,0,0,0.0,29.29226557152635,995.0
427568,2023-10-09,32000000,Arsenal FC,11,GB1,Aaron,Ramsdale,Aaron Ramsdale,2025,762,aaron-ramsdale,England,Stoke-on-Trent  ,England,1998-05-14 00:00:00,Goalkeeper,Goalkeeper,right,190.0,2028-06-30 00:00:00,World in Motion,https://img.a.transfermarkt.technology/portrait/header/427568-1681828000.jpg?lm=1,5.0,0.0,,https://www.transfermarkt.co.uk/aaron-ramsdale/profil/spieler/427568,GB1,Newcastle United,12000000.0,40000000.0,2023,Aaron Ramsdale,ENG-Premier League,2324,Arsenal,Aaron Ramsdale,ENG,GK,25,1998,6,6,540,6.0,5,0.83,14,9,64.3,5,1,0,2,33.3,0,0,0,0,,25.404517453798768,1726.0
565093,2023-10-09,15000000,Brighton & Hove Albion,1237,GB1,Bart,Verbruggen,Bart Verbruggen,2025,1237,bart-verbruggen,Netherlands,Zwolle  ,Netherlands,2002-08-18 00:00:00,Goalkeeper,Goalkeeper,right,193.0,2028-06-30 00:00:00,Stirr Associates,https://img.a.transfermarkt.technology/portrait/header/565093-1716990260.jpg?lm=1,33.0,0.0,,https://www.transfermarkt.co.uk/bart-verbruggen/profil/spieler/565093,GB1,Brighton & Hove Albion,40000000.0,40000000.0,2023,Bart Verbruggen,ENG-Premier League,2324,Brighton,Bart Verbruggen,NED,GK,20,2002,21,21,1890,21.0,28,1.33,93,65,69.9,7,8,6,4,19.0,3,3,0,0,0.0,21.141683778234086,1726.0
257474,2023-10-11,6000000,Torino FC,416,IT1,Vanja,Milinković-Savić,Vanja Milinković-Savić,2025,6195,vanja-milinkovic-savic,Spain,Ourense  ,Serbia,1997-02-20 00:00:00,Goalkeeper,Goalkeeper,right,202.0,2030-06-30 00:00:00,DOO Magnum,https://img.a.transfermarkt.technology/portrait/header/257474-1730125139.jpg?lm=1,20.0,0.0,,https://www.transfermarkt.co.uk/vanja-milinkovic-savic/profil/spieler/257474,IT1,SSC Napoli,20000000.0,20000000.0,2023,Vanja Milinković-Savić,ITA-Serie A,2324,Torino,Vanja Milinković-Savić,SRB,GK,26,1997,36,36,3240,36.0,31,0.86,134,103,76.9,13,14,9,17,47.2,6,6,0,0,0.0,26.636550308008214,2454.0
421873,2023-10-11,6000000,FC Empoli,749,IT1,Elia,Caprile,Elia Caprile,2025,1390,elia-caprile,Italy,Verona  ,Italy,2001-08-25 00:00:00,Goalkeeper,Goalkeeper,right,191.0,2029-06-30 00:00:00,GB1,https://img.a.transfermarkt.technology/portrait/header/421873-1704902651.jpg?lm=1,0.0,0.0,,https://www.transfermarkt.co.uk/elia-caprile/profil/spieler/421873,IT1,Cagliari Calcio,15000000.0,15000000.0,2023,Elia Caprile,ITA-Serie A,2324,Empoli,Elia Caprile,ITA,GK,21,2001,23,23,2070,23.0,27,1.17,106,79,74.5,6,6,11,4,17.4,5,4,1,0,20.0,22.127310061601644,2089.0
73517,2023-10-13,1000000,Sevilla FC,368,ES1,Ørjan,Nyland,Ørjan Nyland,2025,368,orjan-nyland,Norway,Volda  ,Norway,1990-09-10 00:00:00,Goalkeeper,Goalkeeper,right,192.0,,,https://img.a.transfermarkt.technology/portrait/header/73517-1779430891.jpg?lm=1,75.0,0.0,,https://www.transfermarkt.co.uk/orjan-nyland/profil/spieler/73517,ES1,Sevilla FC,800000.0,3000000.0,2023,Ørjan Nyland,ESP-La Liga,2324,Sevilla,Ørjan Nyland,NOR,GK,32,1990,24,24,2160,24.0,27,1.13,106,79,74.5,8,9,7,5,20.8,3,3,0,0,0.0,33.08966461327858,0.0
81997,2023-10-13,1500000,UD Almería,3302,ES1,Fernando,Martínez,Fernando Martínez,2023,3302,fernando-martinez,Spain,Murcia  ,Spain,1990-06-10 00:00:00,Goalkeeper,Goalkeeper,right,183.0,2025-06-30 00:00:00,JV SPORTS,https://img.a.transfermarkt.technology/portrait/header/81997-1588059525.jpg?lm=1,,,,https://www.transfermarkt.co.uk/fernando-martinez/profil/spieler/81997,ES1,UD Almería,700000.0,2000000.0,2023,Emiliano Martínez,ENG-Premier League,2324,Aston Villa,Emiliano Martínez,ARG,GK,30,1992,34,34,3015,33.5,48,1.43,143,95,66.4,19,8,7,7,20.6,1,1,0,0,0.0,33.34154688569473,626.0
94308,2023-10-13,2000000,Sevilla FC,368,ES1,Marko,Dmitrovic,Marko Dmitrovic,2025,714,marko-dmitrovic,Jugoslawien (SFR),Subotica  ,Serbia,1992-01-24 00:00:00,Goalkeeper,Goalkeeper,left,189.0,2028-06-30 00:00:00,IDUB GLOBAL,https://img.a.transfermarkt.technology/portrait/header/94308-1669364494.jpg?lm=1,19.0,0.0,,https://www.transfermarkt.co.uk/marko-dmitrovic/profil/spieler/94308,ES1,RCD Espanyol Barcelona,700000.0,12000000.0,2023,Marko Dmitrović,ESP-La Liga,2324,Sevilla,Marko Dmitrović,SRB,GK,31,1992,13,13,1170,13.0,25,1.92,69,44,63.8,2,2,9,2,15.4,2,2,0,0,0.0,31.718001368925393,1722.0
248738,2023-10-13,6000000,CA Osasuna,331,ES1,Sergio,Herrera,Sergio Herrera,2025,331,sergio-herrera,Spain,Miranda de Ebro  ,Spain,1993-06-05 00:00:00,Goalkeeper,Goalkeeper,right,192.0,2028-06-30 00:00:00,Gersh,https://img.a.transfermarkt.technology/portrait/header/248738-1732220099.jpg?lm=1,,,,https://www.transfermarkt.co.uk/sergio-herrera/profil/spieler/248738,ES1,CA Osasuna,2800000.0,8000000.0,2023,Sergio Herrera,ESP-La Liga,2324,Osasuna,Sergio Herrera,ESP,GK,30,1993,32,32,2869,31.9,47,1.47,132,85,64.4,12,7,13,9,28.1,1,0,1,0,100.0,30.354551676933607,1722.0
417913,2023-10-13,4000000,UD Las Palmas,472,ES1,Álvaro,Valles,Álvaro Valles,2025,150,alvaro-valles,Spain,La Rinconada  ,Spain,1997-07-25 00:00:00,Goalkeeper,Goalkeeper,right,191.0,2030-06-30 00:00:00,Gersh,https://img.a.transfermarkt.technology/portrait/header/417913-1773343747.jpg?lm=1,,,,https://www.transfermarkt.co.uk/alvaro-valles/profil/spieler/417913,ES1,Real Betis Balompié,7000000.0,15000000.0,2023,Álvaro Vallés,ESP-La Liga,2324,Las Palmas,Álvaro Vallés,ESP,GK,26,1997,37,37,3263,36.3,44,1.21,147,109,70.1,10,10,17,8,21.6,8,4,3,1,42.9,26.217659137577,2452.0
502676,2023-10-13,30000000,Valencia CF,1049,ES1,Giorgi,Mamardashvili,Giorgi Mamardashvili,2025,31,giorgi-mamardashvili,Georgia,Tiflis  ,Georgia,2000-09-29 00:00:00,Goalkeeper,Goalkeeper,left,197.0,2031-06-30 00:00:00,Free Football,https://img.a.transfermarkt.technology/portrait/header/502676-1716542116.jpg?lm=1,38.0,0.0,,https://www.transfermarkt.co.uk/giorgi-mamardashvili/profil/spieler/502676,GB1,Liverpool FC,28000000.0,45000000.0,2023,Giorgi Mamardashvili,ESP-La Liga,2324,Valencia,Giorgi Mamardashvili,GEO,GK,22,2000,37,37,3284,36.5,41,1.12,140,104,70.7,13,10,14,9,24.3,6,3,3,0,50.0,23.0362765229295,2817.0
585323,2023-10-13,5000000,Villarreal CF,1050,ES1,Filip,Jørgensen,Filip Jørgensen,2025,631,filip-jorgensen,Sweden,Lomma  ,Denmark,2002-04-16 00:00:00,Goalkeeper,Goalkeeper,right,192.0,2031-06-30 00:00:00,LIAN Sports Group,https://img.a.transfermarkt.technology/portrait/header/585323-1718280485.jpg?lm=1,2.0,0.0,,https://www.transfermarkt.co.uk/filip-jorgensen/profil/spieler/585323,GB1,Chelsea FC,15000000.0,20000000.0,2023,Filip Jørgensen,ESP-La Liga,2324,Villarreal,Filip Jørgensen,DEN,GK,21,2002,36,36,3240,36.0,63,1.75,206,143,69.4,13,10,13,3,8.3,5,5,0,0,0.0,21.492128678986994,2817.0
625657,2023-10-13,300000,Real Sociedad,681,ES1,Unai,Marrero,Unai Marrero,2025,681,unai-marrero,Spain,Donostia-San Sebastián  ,Spain,2001-10-09 00:00:00,Goalkeeper,Goalkeeper,right,189.0,2030-06-30 00:00:00,IDUB GLOBAL,https://img.a.transfermarkt.technology/portrait/header/625657-1692370133.jpg?lm=1,,,,https://www.transfermarkt.co.uk/unai-marrero/profil/spieler/625657,ES1,Real Sociedad,1000000.0,1000000.0,2023,Unai Marrero,ESP-La Liga,2324,Real Sociedad,Unai Marrero,ESP,GK,21,2001,2,1,142,1.6,3,1.9,6,3,50.0,0,0,1,0,0.0,1,1,0,0,0.0,22.00958247775496,2452.0
60561,2023-10-16,6000000,Olympique Lyon,1041,FR1,Anthony,Lopes,Anthony Lopes,2025,995,anthony-lopes,France,Givors  ,Portugal,1990-10-01 00:00:00,Goalkeeper,Goalkeeper,left,184.0,2028-06-30 00:00:00,,https://img.a.transfermarkt.technology/portrait/header/60561-1640775949.jpg?lm=1,14.0,0.0,,https://www.transfermarkt.co.uk/anthony-lopes/profil/spieler/60561,FR1,FC Nantes,900000.0,25000000.0,2023,Anthony Lopes,FRA-Ligue 1,2324,Lyon,Anthony Lopes,POR,GK,32,1990,31,31,2790,31.0,49,1.58,154,109,68.2,16,4,11,8,25.8,6,4,1,1,20.0,33.040383299110196,1719.0
79422,2023-10-16,3000000,Paris Saint-Germain,583,FR1,Keylor,Navas,Keylor Navas,2025,7633,keylor-navas,Costa Rica,San Isidro de El General  ,Costa Rica,1986-12-15 00:00:00,Goalkeeper,Goalkeeper,right,185.0,2027-06-30 00:00:00,,https://img.a.transfermarkt.technology/portrait/header/79422-1672304953.jpg?lm=1,126.0,0.0,,https://www.transfermarkt.co.uk/keylor-navas/profil/spieler/79422,MEX1,UNAM Pumas,750000.0,20000000.0,2023,Keylor Navas,FRA-Ligue 1,2324,Paris SG,Keylor Navas,CRC,GK,36,1986,4,4,360,4.0,6,1.5,12,6,50.0,2,2,0,1,25.0,1,1,0,0,0.0,36.83504449007529,1353.0
191056,2023-10-16,15000000,RC Lens,826,FR1,Brice,Samba,Brice Samba,2025,273,brice-samba,Congo,Linzolo  ,France,1994-04-25 00:00:00,Goalkeeper,Goalkeeper,left,187.0,2029-06-30 00:00:00,Sport Cover,https://img.a.transfermarkt.technology/portrait/header/191056-1602242038.jpg?lm=1,4.0,0.0,,https://www.transfermarkt.co.uk/brice-samba/profil/spieler/191056,FR1,Stade Rennais FC,7000000.0,15000000.0,2023,Brice Samba,FRA-Ligue 1,2324,Lens,Brice Samba,FRA,GK,29,1994,33,33,2970,33.0,35,1.06,131,102,73.3,14,8,11,13,39.4,8,6,1,1,14.3,29.475701574264203,2084.0
199321,2023-10-16,3000000,Olympique Marseille,244,FR1,Rubén,Blanco,Rubén Blanco,2025,3828,ruben-blanco,Spain,Mos  ,Spain,1995-07-25 00:00:00,Goalkeeper,Goalkeeper,right,188.0,,,https://img.a.transfermarkt.technology/portrait/header/199321-1676905860.jpg?lm=1,2.0,0.0,,https://www.transfermarkt.co.uk/ruben-blanco/profil/spieler/199321,JAP1,Yokohama Marinos,700000.0,10000000.0,2023,Rubén Blanco,FRA-Ligue 1,2324,Marseille,Rubén Blanco,ESP,GK,28,1995,2,1,121,1.3,2,1.49,6,4,66.7,0,0,1,0,0.0,0,0,0,0,,28.227241615331966,0.0
251322,2023-10-16,7000000,AS Monaco,162,FR1,Philipp,Köhn,Philipp Köhn,2025,162,philipp-kohn,Germany,Dinslaken  ,Switzerland,1998-04-02 00:00:00,Goalkeeper,Goalkeeper,right,190.0,2028-06-30 00:00:00,,https://img.a.transfermarkt.technology/portrait/header/251322-1661531623.png?lm=1,0.0,0.0,,https://www.transfermarkt.co.uk/philipp-kohn/profil/spieler/251322,FR1,AS Monaco,3500000.0,8000000.0,2023,Philipp Köhn,FRA-Ligue 1,2324,Monaco,Philipp Köhn,SUI,GK,25,1998,22,22,1980,22.0,32,1.45,98,66,67.3,11,5,6,5,22.7,6,5,1,0,16.7,25.53867214236824,1719.0
282028,2023-10-16,1500000,FC Nantes,995,FR1,Rémy,Descamps,Rémy Descamps,2025,1041,remy-descamps,France,Marcq-en-Barœul  ,France,1996-06-25 00:00:00,Goalkeeper,Goalkeeper,both,196.0,2029-06-30 00:00:00,BESTWAY SOCCER,https://img.a.transfermarkt.technology/portrait/header/282028-1608790532.jpg?lm=1,0.0,0.0,,https://www.transfermarkt.co.uk/remy-descamps/profil/spieler/282028,FR1,Olympique Lyon,1500000.0,2000000.0,2023,Rémy Descamps,FRA-Ligue 1,2324,Nantes,Rémy Descamps,FRA,GK,27,1996,6,6,540,6.0,11,1.83,37,26,70.3,2,2,2,1,16.7,2,1,0,1,0.0,27.307323750855577,2084.0
357117,2023-10-16,13000000,FC Nantes,995,FR1,Alban,Lafont,Alban Lafont,2025,265,alban-lafont,Burkina Faso,Ouagadougou  ,Cote d'Ivoire,1999-01-23 00:00:00,Goalkeeper,Goalkeeper,right,196.0,2027-06-30 00:00:00,Sport Cover,https://img.a.transfermarkt.technology/portrait/header/357117-1756042679.png?lm=1,4.0,0.0,,https://www.transfermarkt.co.uk/alban-lafont/profil/spieler/357117,GR1,Panathinaikos Athlitikos Omilos,3000000.0,20000000.0,2023,Alban Lafont,FRA-Ligue 1,2324,Nantes,Alban Lafont,CIV,GK,24,1999,28,28,2496,27.7,43,1.55,111,75,61.3,7,4,17,6,21.4,8,8,0,0,0.0,24.72826830937714,1353.0
448632,2023-10-16,10000000,Stade Reims,1421,FR1,Yehvann,Diouf,Yehvann Diouf,2025,417,yehvann-diouf,France,Montreuil-sous-Bois  ,Senegal,1999-11-16 00:00:00,Goalkeeper,Goalkeeper,right,188.0,2030-06-30 00:00:00,FAIR SPORT MNG,https://img.a.transfermarkt.technology/portrait/header/448632-1756822717.jpg?lm=1,2.0,0.0,,https://www.transfermarkt.co.uk/yehvann-diouf/profil/spieler/448632,FR1,OGC Nice,7000000.0,12000000.0,2023,Yehvann Diouf,FRA-Ligue 1,2324,Reims,Yehvann Diouf,SEN,GK,23,1999,34,34,3060,34.0,47,1.38,137,90,65.7,13,8,13,7,20.6,7,6,1,0,14.3,23.915126625598905,2449.0
465955,2023-10-16,7000000,OGC Nice,417,FR1,Marcin,Bulka,Marcin Bulka,2025,34911,marcin-bulka,Poland,Płock  ,Poland,1999-10-04 00:00:00,Goalkeeper,Goalkeeper,right,199.0,2029-06-30 00:00:00,Gol International,https://img.a.transfermarkt.technology/portrait/header/465955-1739970628.jpg?lm=1,6.0,0.0,,https://www.transfermarkt.co.uk/marcin-bulka/profil/spieler/465955,SA1,Neom Sports Club,12000000.0,20000000.0,2023,Marcin Bułka,FRA-Ligue 1,2324,Nice,Marcin Bułka,POL,GK,23,1999,34,34,3060,34.0,29,0.85,96,74,69.8,15,10,9,17,50.0,8,5,3,0,37.5,24.032854209445585,2084.0
912902,2023-10-16,9000000,FC Toulouse,415,FR1,Guillaume,Restes,Guillaume Restes,2025,415,guillaume-restes,France,Toulouse  ,France,2005-03-11 00:00:00,Goalkeeper,Goalkeeper,left,188.0,2028-06-30 00:00:00,Unique Sports Group,https://img.a.transfermarkt.technology/portrait/header/912902-1676656145.jpg?lm=1,19.0,0.0,,https://www.transfermarkt.co.uk/guillaume-restes/profil/spieler/912902,FR1,FC Toulouse,18000000.0,20000000.0,2023,Guillaume Restes,FRA-Ligue 1,2324,Toulouse,Guillaume Restes,FRA,GK,18,2005,34,34,3060,34.0,46,1.35,142,96,67.6,11,10,13,6,17.6,4,4,0,0,0.0,18.598220396988363,1719.0
17259,2023-10-18,5000000,Bayern Munich,27,L1,Manuel,Neuer,Manuel Neuer,2025,27,manuel-neuer,Germany,Gelsenkirchen  ,Germany,1986-03-27 00:00:00,Goalkeeper,Goalkeeper,right,193.0,2027-06-30 00:00:00,PRO Profil GmbH,https://img.a.transfermarkt.technology/portrait/header/17259-1762943283.jpg?lm=1,128.0,0.0,,https://www.transfermarkt.co.uk/manuel-neuer/profil/spieler/17259,L1,Bayern Munich,4000000.0,45000000.0,2023,Manuel Neuer,,2324,Bayern Munich,Manuel Neuer,GER,GK,37,1986,23,23,2053,22.8,33,1.45,92,59,64.1,16,1,6,6,26.1,3,2,1,0,33.3,37.5605749486653,1351.0
57071,2023-10-18,3500000,RB Leipzig,23826,L1,Péter,Gulácsi,Péter Gulácsi,2025,23826,peter-gulacsi,Hungary,Budapest  ,Hungary,1990-05-06 00:00:00,Goalkeeper,Goalkeeper,right,193.0,2027-06-30 00:00:00,,https://img.a.transfermarkt.technology/portrait/header/57071-1719214600.jpg?lm=1,58.0,0.0,,https://www.transfermarkt.co.uk/peter-gulacsi/profil/spieler/57071,L1,RB Leipzig,1000000.0,13000000.0,2023,Péter Gulácsi,,2324,RB Leipzig,Péter Gulácsi,HUN,GK,33,1990,13,13,1170,13.0,9,0.69,42,33,78.6,9,4,0,5,38.5,1,0,0,1,,33.451060917180016,1351.0
81173,2023-10-18,4000000,RB Leipzig,23826,L1,Janis,Blaswich,Janis Blaswich,2025,15,janis-blaswich,Germany,Willich  ,Germany,1991-05-02 00:00:00,Goalkeeper,Goalkeeper,right,193.0,2027-06-30 00:00:00,PRO Profil GmbH,https://img.a.transfermarkt.technology/portrait/header/81173-1758702865.jpg?lm=1,0.0,0.0,,https://www.transfermarkt.co.uk/janis-blaswich/profil/spieler/81173,L1,Bayer 04 Leverkusen,700000.0,4000000.0,2023,Janis Blaswich,,2324,RB Leipzig,Janis Blaswich,GER,GK,32,1991,21,21,1890,21.0,30,1.43,77,47,61.0,10,4,7,5,23.8,4,4,0,0,0.0,32.46269678302532,1351.0
93651,2023-10-18,1500000,SV Darmstadt 98,105,L1,Marcel,Schuhen,Marcel Schuhen,2023,105,marcel-schuhen,Germany,Kirchen (Sieg)  ,Germany,1993-01-13 00:00:00,Goalkeeper,Goalkeeper,right,188.0,2025-06-30 00:00:00,VIDA Sports GmbH,https://img.a.transfermarkt.technology/portrait/header/93651-1657111595.jpg?lm=1,,,,https://www.transfermarkt.co.uk/marcel-schuhen/profil/spieler/93651,L1,SV Darmstadt 98,800000.0,1500000.0,2023,Marcel Schuhen,,2324,Darmstadt 98,Marcel Schuhen,GER,GK,30,1993,31,31,2790,31.0,76,2.45,199,123,61.8,3,7,21,3,9.7,2,1,1,0,50.0,30.759753593429156,621.0
251299,2023-10-18,3500000,FC Augsburg,167,L1,Finn,Dahmen,Finn Dahmen,2025,167,finn-dahmen,Germany,Wiesbaden  ,Germany,1998-03-27 00:00:00,Goalkeeper,Goalkeeper,right,186.0,2027-06-30 00:00:00,CN Sports,https://img.a.transfermarkt.technology/portrait/header/251299-1755200500.jpg?lm=1,0.0,0.0,,https://www.transfermarkt.co.uk/finn-dahmen/profil/spieler/251299,L1,FC Augsburg,12000000.0,12000000.0,2023,Finn Dahmen,,2324,Augsburg,Finn Dahmen,GER,GK,25,1998,31,31,2790,31.0,52,1.68,160,108,67.5,10,9,12,3,9.7,10,7,2,1,22.2,25.560574948665298,1351.0
284270,2023-10-18,800000,Borussia Mönchengladbach,18,L1,Moritz,Nicolas,Moritz Nicolas,2025,18,moritz-nicolas,Germany,Gladbeck  ,Germany,1997-10-21 00:00:00,Goalkeeper,Goalkeeper,right,193.0,2029-06-30 00:00:00,PORT,https://img.a.transfermarkt.technology/portrait/header/284270-1722945496.jpg?lm=1,1.0,0.0,,https://www.transfermarkt.co.uk/moritz-nicolas/profil/spieler/284270,L1,Borussia Mönchengladbach,8000000.0,8000000.0,2023,Moritz Nicolas,,2324,Gladbach,Moritz Nicolas,GER,GK,25,1997,27,27,2430,27.0,49,1.81,159,113,69.2,6,11,10,4,14.8,4,4,0,0,0.0,25.99041752224504,2082.0
468539,2023-10-18,5000000,Bayern Munich,27,L1,Daniel,Peretz,Daniel Peretz,2025,41,daniel-peretz,Israel,Tel Aviv  ,Israel,2000-07-10 00:00:00,Goalkeeper,Goalkeeper,right,190.0,2030-06-30 00:00:00,,https://img.a.transfermarkt.technology/portrait/header/468539-1758188153.jpg?lm=1,12.0,0.0,,https://www.transfermarkt.co.uk/daniel-peretz/profil/spieler/468539,L1,Hamburger SV,4000000.0,5000000.0,2023,Daniel Peretz,,2324,Bayern Munich,Daniel Peretz,ISR,GK,23,2000,1,0,17,0.2,0,0.0,0,0,,0,0,0,0,,0,0,0,0,,23.27173169062286,2447.0
526845,2023-10-18,5000000,SC Freiburg,60,L1,Noah,Atubolu,Noah Atubolu,2025,60,noah-atubolu,Germany,Freiburg im Breisgau  ,Germany,2002-05-25 00:00:00,Goalkeeper,Goalkeeper,right,190.0,2027-06-30 00:00:00,Epic Atubolu,https://img.a.transfermarkt.technology/portrait/header/526845-1753984204.jpg?lm=1,0.0,0.0,,https://www.transfermarkt.co.uk/noah-atubolu/profil/spieler/526845,L1,SC Freiburg,25000000.0,25000000.0,2023,Noah Atubolu,,2324,Freiburg,Noah Atubolu,GER,GK,21,2002,34,34,3060,34.0,58,1.71,159,101,63.5,11,9,14,9,26.5,5,3,2,0,40.0,21.399041752224505,1351.0
550829,2023-10-18,5000000,Bayer 04 Leverkusen,15,L1,Matej,Kovar,Matej Kovar,2025,383,matej-kovar,Czech Republic,Uherské Hradiště  ,Czech Republic,2000-05-17 00:00:00,Goalkeeper,Goalkeeper,right,196.0,2030-06-30 00:00:00,SPORT INVEST,https://img.a.transfermarkt.technology/portrait/header/550829-1765213743.jpg?lm=1,23.0,0.0,,https://www.transfermarkt.co.uk/matej-kovar/profil/spieler/550829,NL1,PSV Eindhoven,8000000.0,8000000.0,2023,Matej Kovar,,2324,Leverkusen,Matej Kovar,CZE,GK,23,2000,1,1,90,1.0,0,0.0,3,3,100.0,0,1,0,1,100.0,0,0,0,0,,23.419575633127995,2447.0
254968,2023-10-19,100000,BSC Young Boys,452,C1,Dario,Marzino,Dario Marzino,2025,452,dario-marzino,Switzerland,Thun  ,Switzerland,1996-09-19 00:00:00,Goalkeeper,Goalkeeper,right,184.0,2027-06-30 00:00:00,Front Group GmbH,https://img.a.transfermarkt.technology/portrait/header/254968-1533135547.jpg?lm=1,2.0,0.0,,https://www.transfermarkt.co.uk/dario-marzino/profil/spieler/254968,C1,BSC Young Boys,100000.0,300000.0,2023,Diego Mariño,ESP-La Liga,2324,Almería,Diego Mariño,ESP,GK,33,1990,1,1,90,1.0,2,2.0,4,2,50.0,0,0,1,0,0.0,2,2,0,0,0.0,27.080082135523615,1350.0
207834,2023-10-24,11000000,Al-Hilal SFC,1114,SA1,Yassine,Bounou,Yassine Bounou,2025,1114,yassine-bounou,Canada,"Montréal, Québec  ",Morocco,1991-04-05 00:00:00,Goalkeeper,Goalkeeper,left,192.0,2028-06-30 00:00:00,11MANGMT,https://img.a.transfermarkt.technology/portrait/header/207834-1668503728.jpg?lm=1,96.0,0.0,,https://www.transfermarkt.co.uk/yassine-bounou/profil/spieler/207834,SA1,Al-Hilal Saudi Football Club,3000000.0,18000000.0,2023,Yassine Bounou,ESP-La Liga,2324,Sevilla,Yassine Bounou,MAR,GK,32,1991,1,1,90,1.0,2,2.0,3,1,33.3,0,0,1,0,0.0,0,0,0,0,,32.55304585900068,1711.0
357658,2023-10-27,3500000,AFC Bournemouth,989,GB1,Mark,Travers,Mark Travers,2025,29,mark-travers,Ireland,Maynooth  ,Ireland,1999-05-18 00:00:00,Goalkeeper,Goalkeeper,right,191.0,2029-06-30 00:00:00,Unique Sports Group,https://img.a.transfermarkt.technology/portrait/header/357658-1702296610.jpg?lm=1,6.0,0.0,,https://www.transfermarkt.co.uk/mark-travers/profil/spieler/357658,GB1,Everton FC,3000000.0,4000000.0,2023,Mark Travers,ENG-Premier League,2324,Bournemouth,Mark Travers,IRL,GK,24,1999,4,4,360,4.0,5,1.25,18,13,72.2,2,0,2,1,25.0,1,1,0,0,0.0,24.4435318275154,2073.0
217130,2023-11-15,200000,Alianza Universidad,35589,,Daniel,Prieto,Daniel Prieto,2025,17479,daniel-prieto,Peru,Lima  ,Peru,1995-09-19 00:00:00,Goalkeeper,Goalkeeper,right,191.0,2026-12-31 00:00:00,TCW Partners,https://img.a.transfermarkt.technology/portrait/header/217130-1617643824.jpg?lm=1,0.0,0.0,3584.0,https://www.transfermarkt.co.uk/daniel-prieto/profil/spieler/217130,,,150000.0,200000.0,2023,Daniel Peretz,,2324,Bayern Munich,Daniel Peretz,ISR,GK,23,2000,1,0,17,0.2,0,0.0,0,0,,0,0,0,0,,0,0,0,0,,28.15605749486653,1142.0
643063,2023-11-20,475000,Universitario de Deportes,6593,,Diego,Romero,Diego Romero,2025,6593,diego-romero,Peru,Chiclayo  ,Peru,2001-08-17 00:00:00,Goalkeeper,Goalkeeper,right,189.0,2027-12-31 00:00:00,Alemannogroup,https://img.a.transfermarkt.technology/portrait/header/643063-1770731016.jpg?lm=1,0.0,0.0,3584.0,https://www.transfermarkt.co.uk/diego-romero/profil/spieler/643063,,,1000000.0,1000000.0,2023,Diego Mariño,ESP-La Liga,2324,Almería,Diego Mariño,ESP,GK,33,1990,1,1,90,1.0,2,2.0,4,2,50.0,0,0,1,0,0.0,2,2,0,0,0.0,22.258726899383984,1502.0
662335,2023-11-27,50000,Ceará Sporting Club,2029,BRA1,,Cristian,Cristian,2025,2423,cristian,Brazil,Maravilha  ,Brazil,2002-02-25 00:00:00,Goalkeeper,Goalkeeper,right,192.0,2027-06-30 00:00:00,DK,https://img.a.transfermarkt.technology/portrait/header/662335-1595155136.jpg?lm=1,1.0,0.0,,https://www.transfermarkt.co.uk/cristian/profil/spieler/662335,PO1,CD Santa Clara,75000.0,75000.0,2023,Cristian,ESP-La Liga,2324,Valencia,Cristian,ESP,GK,25,1998,1,0,57,0.6,1,1.58,3,2,66.7,0,0,0,0,,0,0,0,0,,21.752224503764545,1311.0
45527,2023-12-05,200000,Inverness Caledonian Thistle FC,2760,SC1,Mark,Ridgers,Mark Ridgers,2016,2760,mark-ridgers,Scotland,Inverness  ,Scotland,1990-08-09 00:00:00,Goalkeeper,Goalkeeper,right,185.0,2024-05-31 00:00:00,,https://img.a.transfermarkt.technology/portrait/header/default.jpg?lm=1,,,,https://www.transfermarkt.co.uk/mark-ridgers/profil/spieler/45527,SC1,Partick Thistle FC,200000.0,350000.0,2023,Mark Travers,ENG-Premier League,2324,Bournemouth,Mark Travers,IRL,GK,24,1999,4,4,360,4.0,5,1.25,18,13,72.2,2,0,2,1,25.0,1,1,0,0,0.0,33.322381930184804,178.0
106851,2023-12-05,300000,SV Ried,266,A1,Andreas,Leitner,Andreas Leitner,2025,266,andreas-leitner,Austria,Leoben  ,Austria,1994-03-25 00:00:00,Goalkeeper,Goalkeeper,both,185.0,2028-06-30 00:00:00,ROGON,https://img.a.transfermarkt.technology/portrait/header/106851-1753367284.png?lm=1,2.0,0.0,,https://www.transfermarkt.co.uk/andreas-leitner/profil/spieler/106851,A1,SV Ried,250000.0,700000.0,2023,Andreas Luthe,,2324,Bochum,Andreas Luthe,GER,GK,36,1987,1,1,90,1.0,4,4.0,5,1,20.0,0,0,1,0,0.0,0,0,0,0,,29.697467488021903,1669.0
316729,2023-12-05,150000,SKN St. Pölten,2662,,Thomas,Turner,Thomas Turner,2025,2157,thomas-turner,Austria,Schärding  ,Austria,1998-03-03 00:00:00,Goalkeeper,Goalkeeper,left,191.0,,SEG,https://img.a.transfermarkt.technology/portrait/header/316729-1755081867.jpg?lm=1,,,,https://www.transfermarkt.co.uk/thomas-turner/profil/spieler/316729,A1,FC Blau-Weiss Linz,200000.0,250000.0,2023,Matt Turner,ENG-Premier League,2324,Nottingham,Matt Turner,USA,GK,29,1994,17,17,1530,17.0,28,1.65,83,55,66.3,4,5,8,2,11.8,2,2,0,0,0.0,25.75770020533881,0.0
842187,2023-12-05,10000,SV Ried,266,A1,Dominik,Stöger,Dominik Stöger,2025,266,dominik-stoger,,,Austria,2006-09-22 00:00:00,Goalkeeper,Goalkeeper,,200.0,2028-06-30 00:00:00,,https://img.a.transfermarkt.technology/portrait/header/842187-1753368072.png?lm=1,0.0,0.0,,https://www.transfermarkt.co.uk/dominik-stoger/profil/spieler/842187,A1,SV Ried,10000.0,10000.0,2023,Dominik Greif,ESP-La Liga,2324,Mallorca,Dominik Greif,SVK,GK,26,1997,1,1,90,1.0,0,0.0,4,4,100.0,0,1,0,1,100.0,0,0,0,0,,17.201916495550993,1669.0
654326,2023-12-06,400000,CD Leones Negros de la UdeG,23505,,Salim,Hernández,Salim Hernández,2025,13353,salim-hernandez,Mexico,Guadalajara  ,Mexico,1998-12-07 00:00:00,Goalkeeper,Goalkeeper,right,191.0,2026-06-30 00:00:00,PitZGroup,https://img.a.transfermarkt.technology/portrait/header/654326-1681671323.jpg?lm=1,,,,https://www.transfermarkt.co.uk/salim-hernandez/profil/spieler/654326,MEX1,Club Tijuana,450000.0,700000.0,2023,Raúl Fernández,ESP-La Liga,2324,Granada,Raúl Fernández,ESP,GK,35,1988,4,4,280,3.1,11,3.54,19,8,42.1,1,0,3,0,0.0,1,0,0,1,,24.996577686516083,937.0
491542,2023-12-07,3500000,Atlético Nacional,8172,COL1,Kevin,Mier,Kevin Mier,2025,3711,kevin-mier,Colombia,Barrancabermeja  ,Colombia,2000-05-18 00:00:00,Goalkeeper,Goalkeeper,right,187.0,2029-06-30 00:00:00,Elite Player,https://img.a.transfermarkt.technology/portrait/header/491542-1693600544.JPG?lm=1,3.0,0.0,,https://www.transfermarkt.co.uk/kevin-mier/profil/spieler/491542,MEX1,CD Cruz Azul,6000000.0,8000000.0,2023,Kevin Müller,,2324,Heidenheim,Kevin Müller,GER,GK,32,1991,34,34,3060,34.0,55,1.62,178,123,69.1,10,12,12,5,14.7,10,7,1,2,12.5,23.55373032169747,2032.0
184745,2023-12-08,125000,Mjällby AIF,2719,SE1,Alexander,Lundin,Alexander Lundin,2025,2719,alexander-lundin,Sweden,Nättraby  ,Sweden,1992-10-25 00:00:00,Goalkeeper,Goalkeeper,right,186.0,2026-12-31 00:00:00,,https://img.a.transfermarkt.technology/portrait/header/184745-1725484759.jpg?lm=1,0.0,0.0,,https://www.transfermarkt.co.uk/alexander-lundin/profil/spieler/184745,SE1,Mjällby Almänna Idrottsförening,100000.0,125000.0,2023,Alexander Brunst,,2324,Darmstadt 98,Alexander Brunst,GER,GK,28,1995,3,3,270,3.0,10,3.33,17,7,41.2,0,1,2,0,0.0,0,0,0,0,,31.11841204654346,1119.0
186374,2023-12-11,3000000,Red Bull Salzburg,409,A1,Alexander,Schlager,Alexander Schlager,2025,409,alexander-schlager,Austria,Salzburg  ,Austria,1996-02-01 00:00:00,Goalkeeper,Goalkeeper,right,185.0,2029-06-30 00:00:00,ROOF,https://img.a.transfermarkt.technology/portrait/header/186374-1754994062.png?lm=1,30.0,0.0,,https://www.transfermarkt.co.uk/alexander-schlager/profil/spieler/186374,A1,Fußballclub Red Bull Salzburg,2000000.0,4500000.0,2023,Alexander Schwolow,,2324,Union Berlin,Alexander Schwolow,GER,GK,31,1992,1,1,90,1.0,2,2.0,6,4,66.7,0,0,1,0,0.0,0,0,0,0,,27.857631759069132,2028.0
354198,2023-12-11,75000,SCR Altach,3551,A1,Alexander,Eckmayr,Alexander Eckmayr,2025,2446,alexander-eckmayr,Germany,München  ,Austria,1999-07-06 00:00:00,Goalkeeper,Goalkeeper,right,186.0,,Centerfield,https://img.a.transfermarkt.technology/portrait/header/354198-1722351250.jpg?lm=1,,,,https://www.transfermarkt.co.uk/alexander-eckmayr/profil/spieler/354198,A1,WSG Tirol,150000.0,150000.0,2023,Alexander Meyer,,2324,Dortmund,Alexander Meyer,GER,GK,32,1991,8,7,695,7.7,9,1.17,28,19,67.9,4,1,2,3,42.9,0,0,0,0,,24.432580424366872,0.0
417084,2023-12-11,1500000,Sport Club Internacional,6600,BRA1,,Keiller,Keiller,2025,776,keiller,Brazil,Eldorado do Sul  ,Brazil,1996-10-29 00:00:00,Goalkeeper,Goalkeeper,right,193.0,2026-12-30 00:00:00,,https://img.a.transfermarkt.technology/portrait/header/417084-1748479165.jpg?lm=1,0.0,0.0,,https://www.transfermarkt.co.uk/keiller/profil/spieler/417084,BRA1,Coritiba Foot Ball Club,500000.0,1500000.0,2023,Kevin Müller,,2324,Heidenheim,Kevin Müller,GER,GK,32,1991,34,34,3060,34.0,55,1.62,178,123,69.1,10,12,12,5,14.7,10,7,1,2,12.5,27.11567419575633,1115.0
124901,2023-12-13,400000,US Quevilly-Rouen Métropole,7124,,Benjamin,Leroy,Benjamin Leroy,2025,1158,benjamin-leroy,France,Cucq  ,France,1989-04-07 00:00:00,Goalkeeper,Goalkeeper,right,184.0,2027-06-30 00:00:00,Gersh,https://img.a.transfermarkt.technology/portrait/header/124901-1525692013.jpg?lm=1,,,,https://www.transfermarkt.co.uk/benjamin-leroy/profil/spieler/124901,FR1,FC Lorient,100000.0,1250000.0,2023,Benjamin Lecomte,FRA-Ligue 1,2324,Montpellier,Benjamin Lecomte,FRA,GK,32,1991,30,30,2700,30.0,37,1.23,139,102,73.4,9,11,10,10,33.3,5,4,1,0,20.0,34.68309377138946,1295.0
17259,2023-12-14,5000000,Bayern Munich,27,L1,Manuel,Neuer,Manuel Neuer,2025,27,manuel-neuer,Germany,Gelsenkirchen  ,Germany,1986-03-27 00:00:00,Goalkeeper,Goalkeeper,right,193.0,2027-06-30 00:00:00,PRO Profil GmbH,https://img.a.transfermarkt.technology/portrait/header/17259-1762943283.jpg?lm=1,128.0,0.0,,https://www.transfermarkt.co.uk/manuel-neuer/profil/spieler/17259,L1,Bayern Munich,4000000.0,45000000.0,2023,Manuel Neuer,,2324,Bayern Munich,Manuel Neuer,GER,GK,37,1986,23,23,2053,22.8,33,1.45,92,59,64.1,16,1,6,6,26.1,3,2,1,0,33.3,37.71663244353183,1294.0
40034,2023-12-14,200000,Eintracht Frankfurt,24,L1,Jens,Grahl,Jens Grahl,2025,24,jens-grahl,Germany,Stuttgart  ,Germany,1988-09-22 00:00:00,Goalkeeper,Goalkeeper,right,192.0,2027-06-30 00:00:00,PESM,https://img.a.transfermarkt.technology/portrait/header/40034-1663064684.jpg?lm=1,,,,https://www.transfermarkt.co.uk/jens-grahl/profil/spieler/40034,L1,Eintracht Frankfurt,200000.0,750000.0,2023,Jens Grahl,,2324,Frankfurt,Jens Grahl,GER,GK,34,1988,2,2,180,2.0,2,1.0,9,7,77.8,1,1,0,0,0.0,0,0,0,0,,35.22518822724162,1294.0
40680,2023-12-14,700000,Bayern Munich,27,L1,Sven,Ulreich,Sven Ulreich,2025,27,sven-ulreich,Germany,Schorndorf  ,Germany,1988-08-03 00:00:00,Goalkeeper,Goalkeeper,right,192.0,2027-06-30 00:00:00,,https://img.a.transfermarkt.technology/portrait/header/40680-1700659982.jpg?lm=1,0.0,0.0,,https://www.transfermarkt.co.uk/sven-ulreich/profil/spieler/40680,L1,Bayern Munich,500000.0,6000000.0,2023,Sven Ulreich,,2324,Bayern Munich,Sven Ulreich,GER,GK,34,1988,11,11,990,11.0,12,1.09,31,19,61.3,7,2,2,4,36.4,1,1,0,0,0.0,35.36208076659822,1294.0
40792,2023-12-14,800000,VfL Bochum,80,L1,Manuel,Riemann,Manuel Riemann,2023,80,manuel-riemann,Germany,Mühldorf am Inn  ,Germany,1988-09-09 00:00:00,Goalkeeper,Goalkeeper,right,186.0,2025-06-30 00:00:00,ROOF,https://img.a.transfermarkt.technology/portrait/header/40792-1691250480.jpg?lm=1,,,,https://www.transfermarkt.co.uk/manuel-riemann/profil/spieler/40792,L1,VfL Bochum,600000.0,1200000.0,2023,Manuel Riemann,,2324,Bochum,Manuel Riemann,GER,GK,34,1988,33,33,2970,33.0,70,2.12,185,115,62.2,7,12,14,4,12.1,11,9,2,0,18.2,35.26078028747433,564.0
43824,2023-12-14,800000,1.FC Heidenheim 1846,2036,L1,Kevin,Müller,Kevin Müller,2025,2036,kevin-muller,Germany,Rostock  ,Germany,1991-03-15 00:00:00,Goalkeeper,Goalkeeper,right,190.0,,,https://img.a.transfermarkt.technology/portrait/header/43824-1755089032.jpg?lm=1,7.0,0.0,,https://www.transfermarkt.co.uk/kevin-muller/profil/spieler/43824,L1,1. Fußballclub Heidenheim 1846,300000.0,1200000.0,2023,Kevin Müller,,2324,Heidenheim,Kevin Müller,GER,GK,32,1991,34,34,3060,34.0,55,1.62,178,123,69.1,10,12,12,5,14.7,10,7,1,2,12.5,32.7501711156742,0.0
45672,2023-12-14,7000000,Eintracht Frankfurt,24,L1,Kevin,Trapp,Kevin Trapp,2025,10004,kevin-trapp,Germany,Merzig  ,Germany,1990-07-08 00:00:00,Goalkeeper,Goalkeeper,right,189.0,2028-06-30 00:00:00,Sports360 GmbH,https://img.a.transfermarkt.technology/portrait/header/45672-1724772525.jpg?lm=1,9.0,0.0,,https://www.transfermarkt.co.uk/kevin-trapp/profil/spieler/45672,FR1,Paris FC,1800000.0,12000000.0,2023,Kevin Trapp,,2324,Frankfurt,Kevin Trapp,GER,GK,33,1990,32,32,2880,32.0,48,1.5,135,87,64.4,10,13,9,7,21.9,11,9,2,0,18.2,33.43463381245722,1660.0
48015,2023-12-14,2500000,Bayer 04 Leverkusen,15,L1,Lukas,Hradecky,Lukas Hradecky,2025,162,lukas-hradecky,CSSR,Bratislava  ,Finland,1989-11-24 00:00:00,Goalkeeper,Goalkeeper,right,192.0,2027-06-30 00:00:00,,https://img.a.transfermarkt.technology/portrait/header/48015-1695367833.jpg?lm=1,105.0,0.0,3443.0,https://www.transfermarkt.co.uk/lukas-hradecky/profil/spieler/48015,FR1,AS Monaco,1500000.0,12000000.0,2023,Lukáš Hrádecký,,2324,Leverkusen,Lukáš Hrádecký,FIN,GK,33,1989,33,33,2970,33.0,24,0.73,102,78,76.5,28,5,0,15,45.5,0,0,0,0,,34.053388090349074,1294.0
51977,2023-12-14,400000,VfL Wolfsburg,82,L1,Pavao,Pervan,Pavao Pervan,2025,82,pavao-pervan,Jugoslawien (SFR),Livno  ,Austria,1987-11-13 00:00:00,Goalkeeper,Goalkeeper,both,194.0,2027-06-30 00:00:00,,https://img.a.transfermarkt.technology/portrait/header/51977-1657202144.jpg?lm=1,7.0,0.0,,https://www.transfermarkt.co.uk/pavao-pervan/profil/spieler/51977,L1,VfL Wolfsburg,300000.0,800000.0,2023,Pavao Pervan,,2324,Wolfsburg,Pavao Pervan,AUT,GK,35,1987,9,9,810,9.0,17,1.89,37,20,54.1,2,1,6,2,22.2,0,0,0,0,,36.0848733744011,1294.0
55089,2023-12-14,4000000,TSG 1899 Hoffenheim,533,L1,Oliver,Baumann,Oliver Baumann,2025,533,oliver-baumann,Germany,Breisach am Rhein  ,Germany,1990-06-02 00:00:00,Goalkeeper,Goalkeeper,right,187.0,2028-06-30 00:00:00,CN Sports,https://img.a.transfermarkt.technology/portrait/header/55089-1755090197.jpg?lm=1,13.0,0.0,,https://www.transfermarkt.co.uk/oliver-baumann/profil/spieler/55089,L1,TSG 1899 Hoffenheim,2500000.0,10000000.0,2023,Oliver Baumann,,2324,Hoffenheim,Oliver Baumann,GER,GK,33,1990,34,34,3060,34.0,66,1.94,209,143,68.4,13,7,14,1,2.9,5,2,3,0,60.0,33.53319644079398,1660.0
57071,2023-12-14,3500000,RB Leipzig,23826,L1,Péter,Gulácsi,Péter Gulácsi,2025,23826,peter-gulacsi,Hungary,Budapest  ,Hungary,1990-05-06 00:00:00,Goalkeeper,Goalkeeper,right,193.0,2027-06-30 00:00:00,,https://img.a.transfermarkt.technology/portrait/header/57071-1719214600.jpg?lm=1,58.0,0.0,,https://www.transfermarkt.co.uk/peter-gulacsi/profil/spieler/57071,L1,RB Leipzig,1000000.0,13000000.0,2023,Péter Gulácsi,,2324,RB Leipzig,Péter Gulácsi,HUN,GK,33,1990,13,13,1170,13.0,9,0.69,42,33,78.6,9,4,0,5,38.5,1,0,0,1,,33.607118412046546,1294.0
76158,2023-12-14,800000,Borussia Dortmund,16,L1,Alexander,Meyer,Alexander Meyer,2025,16,alexander-meyer,Germany,Bad Oldesloe  ,Germany,1991-04-13 00:00:00,Goalkeeper,Goalkeeper,right,195.0,2027-06-30 00:00:00,AKA Global GmbH,https://img.a.transfermarkt.technology/portrait/header/76158-1716381651.jpg?lm=1,,,,https://www.transfermarkt.co.uk/alexander-meyer/profil/spieler/76158,L1,Borussia Dortmund,500000.0,1000000.0,2023,Alexander Meyer,,2324,Dortmund,Alexander Meyer,GER,GK,32,1991,8,7,695,7.7,9,1.17,28,19,67.9,4,1,2,3,42.9,0,0,0,0,,32.67077344284736,1294.0
81173,2023-12-14,4000000,RB Leipzig,23826,L1,Janis,Blaswich,Janis Blaswich,2025,15,janis-blaswich,Germany,Willich  ,Germany,1991-05-02 00:00:00,Goalkeeper,Goalkeeper,right,193.0,2027-06-30 00:00:00,PRO Profil GmbH,https://img.a.transfermarkt.technology/portrait/header/81173-1758702865.jpg?lm=1,0.0,0.0,,https://www.transfermarkt.co.uk/janis-blaswich/profil/spieler/81173,L1,Bayer 04 Leverkusen,700000.0,4000000.0,2023,Janis Blaswich,,2324,RB Leipzig,Janis Blaswich,GER,GK,32,1991,21,21,1890,21.0,30,1.43,77,47,61.0,10,4,7,5,23.8,4,4,0,0,0.0,32.61875427789185,1294.0
90317,2023-12-14,350000,1.FSV Mainz 05,39,L1,Daniel,Batz,Daniel Batz,2025,39,daniel-batz,Germany,Erlangen  ,Germany,1991-01-12 00:00:00,Goalkeeper,Goalkeeper,both,191.0,2026-06-30 00:00:00,Soccer and more,https://img.a.transfermarkt.technology/portrait/header/90317-1722886526.jpg?lm=1,0.0,0.0,,https://www.transfermarkt.co.uk/daniel-batz/profil/spieler/90317,L1,1.FSV Mainz 05,350000.0,350000.0,2023,Daniel Batz,,2324,Mainz 05,Daniel Batz,GER,GK,32,1991,4,4,360,4.0,3,0.75,17,14,82.4,0,2,2,1,25.0,0,0,0,0,,32.91991786447639,929.0
93651,2023-12-14,1500000,SV Darmstadt 98,105,L1,Marcel,Schuhen,Marcel Schuhen,2023,105,marcel-schuhen,Germany,Kirchen (Sieg)  ,Germany,1993-01-13 00:00:00,Goalkeeper,Goalkeeper,right,188.0,2025-06-30 00:00:00,VIDA Sports GmbH,https://img.a.transfermarkt.technology/portrait/header/93651-1657111595.jpg?lm=1,,,,https://www.transfermarkt.co.uk/marcel-schuhen/profil/spieler/93651,L1,SV Darmstadt 98,800000.0,1500000.0,2023,Marcel Schuhen,,2324,Darmstadt 98,Marcel Schuhen,GER,GK,30,1993,31,31,2790,31.0,76,2.45,199,123,61.8,3,7,21,3,9.7,2,1,1,0,50.0,30.915811088295687,564.0
93763,2023-12-14,900000,1.FC Union Berlin,89,L1,Alexander,Schwolow,Alexander Schwolow,2025,43,alexander-schwolow,Germany,Wiesbaden  ,Germany,1992-06-02 00:00:00,Goalkeeper,Goalkeeper,right,190.0,2027-05-31 00:00:00,feel soccer GmbH,https://img.a.transfermarkt.technology/portrait/header/93763-1726351593.jpg?lm=1,7.0,0.0,,https://www.transfermarkt.co.uk/alexander-schwolow/profil/spieler/93763,SC1,Heart of Midlothian FC,450000.0,9000000.0,2023,Alexander Schwolow,,2324,Union Berlin,Alexander Schwolow,GER,GK,31,1992,1,1,90,1.0,2,2.0,6,4,66.7,0,0,1,0,0.0,0,0,0,0,,31.531827515400412,1264.0
107775,2023-12-14,5500000,1.FC Union Berlin,89,L1,Frederik,Rönnow,Frederik Rönnow,2025,89,frederik-ronnow,Denmark,Horsens  ,Denmark,1992-08-04 00:00:00,Goalkeeper,Goalkeeper,right,188.0,,BTAM,https://img.a.transfermarkt.technology/portrait/header/107775-1692707378.jpg?lm=1,10.0,0.0,,https://www.transfermarkt.co.uk/frederik-ronnow/profil/spieler/107775,L1,1.FC Union Berlin,2000000.0,5500000.0,2023,Frederik Rønnow,,2324,Union Berlin,Frederik Rønnow,DEN,GK,30,1992,33,33,2970,33.0,56,1.7,162,106,65.4,9,6,18,7,21.2,7,5,2,0,28.6,31.359342915811087,0.0
108880,2023-12-14,8000000,VfL Wolfsburg,82,L1,Koen,Casteels,Koen Casteels,2025,26069,koen-casteels,Belgium,Bonheiden  ,Belgium,1992-06-25 00:00:00,Goalkeeper,Goalkeeper,left,197.0,2027-06-30 00:00:00,,https://img.a.transfermarkt.technology/portrait/header/108880-1689877715.jpg?lm=1,20.0,0.0,,https://www.transfermarkt.co.uk/koen-casteels/profil/spieler/108880,SA1,Al-Qadsiah Saudi Football Club,3500000.0,14000000.0,2023,Koen Casteels,,2324,Wolfsburg,Koen Casteels,BEL,GK,31,1992,25,25,2250,25.0,39,1.56,117,78,66.7,8,6,11,3,12.0,3,2,0,1,0.0,31.468856947296374,1294.0
146693,2023-12-14,400000,SV Darmstadt 98,105,L1,Alexander,Brunst,Alexander Brunst,2023,105,alexander-brunst,Germany,Neumünster  ,Germany,1995-07-07 00:00:00,Goalkeeper,Goalkeeper,right,195.0,2027-06-30 00:00:00,extratime GmbH,https://img.a.transfermarkt.technology/portrait/header/146693-1657111617.jpg?lm=1,,,,https://www.transfermarkt.co.uk/alexander-brunst/profil/spieler/146693,L1,SV Darmstadt 98,400000.0,450000.0,2023,Alexander Brunst,,2324,Darmstadt 98,Alexander Brunst,GER,GK,28,1995,3,3,270,3.0,10,3.33,17,7,41.2,0,1,2,0,0.0,0,0,0,0,,28.438056125941138,1294.0
146714,2023-12-14,800000,FC Augsburg,167,L1,Tomas,Koubek,Tomas Koubek,2025,697,tomas-koubek,CSSR,Hradec Králové  ,Czech Republic,1992-08-26 00:00:00,Goalkeeper,Goalkeeper,right,197.0,2027-06-30 00:00:00,SPORT INVEST,https://img.a.transfermarkt.technology/portrait/header/146714-1658599187.jpg?lm=1,12.0,0.0,,https://www.transfermarkt.co.uk/tomas-koubek/profil/spieler/146714,TS1,FC Slovan Liberec,300000.0,7000000.0,2023,Tomáš Koubek,,2324,Augsburg,Tomáš Koubek,CZE,GK,30,1992,3,3,270,3.0,8,2.67,25,17,68.0,0,0,3,0,0.0,0,0,0,0,,31.299110198494184,1294.0
160929,2023-12-14,7000000,1.FC Köln,3,L1,Marvin,Schwäbe,Marvin Schwäbe,2025,3,marvin-schwabe,Germany,Dieburg  ,Germany,1995-04-25 00:00:00,Goalkeeper,Goalkeeper,right,190.0,2027-06-30 00:00:00,,https://img.a.transfermarkt.technology/portrait/header/160929-1721140634.jpg?lm=1,4.0,0.0,,https://www.transfermarkt.co.uk/marvin-schwabe/profil/spieler/160929,L1,1.FC Köln,3000000.0,7000000.0,2023,Marvin Schwäbe,,2324,Köln,Marvin Schwäbe,GER,GK,28,1995,34,34,3060,34.0,60,1.76,169,109,64.5,5,12,17,3,8.8,3,3,0,0,0.0,28.637919233401778,1294.0
160963,2023-12-14,5000000,1.FSV Mainz 05,39,L1,Robin,Zentner,Robin Zentner,2025,39,robin-zentner,Germany,Rüdesheim am Rhein  ,Germany,1994-10-28 00:00:00,Goalkeeper,Goalkeeper,right,194.0,2028-06-30 00:00:00,W&K Fairplay,https://img.a.transfermarkt.technology/portrait/header/160963-1676499369.jpg?lm=1,1.0,0.0,,https://www.transfermarkt.co.uk/robin-zentner/profil/spieler/160963,L1,1.FSV Mainz 05,2500000.0,5000000.0,2023,Robin Zentner,,2324,Mainz 05,Robin Zentner,GER,GK,28,1994,30,30,2700,30.0,48,1.6,130,82,63.1,7,12,11,7,23.3,4,3,0,1,0.0,29.127994524298426,1660.0
187624,2023-12-14,1000000,VfB Stuttgart,79,L1,Fabian,Bredlow,Fabian Bredlow,2025,79,fabian-bredlow,Germany,Berlin  ,Germany,1995-03-02 00:00:00,Goalkeeper,Goalkeeper,both,190.0,2027-06-30 00:00:00,SEG,https://img.a.transfermarkt.technology/portrait/header/187624-1723707742.jpg?lm=1,5.0,0.0,,https://www.transfermarkt.co.uk/fabian-bredlow/profil/spieler/187624,L1,VfB Stuttgart,700000.0,1500000.0,2023,Fabian Bredlow,,2324,Stuttgart,Fabian Bredlow,GER,GK,28,1995,4,4,360,4.0,3,0.75,22,19,86.4,3,1,0,1,25.0,0,0,0,0,,28.78576317590691,1294.0
195778,2023-12-14,10000000,VfB Stuttgart,79,L1,Alexander,Nübel,Alexander Nübel,2025,79,alexander-nubel,Germany,Paderborn  ,Germany,1996-09-30 00:00:00,Goalkeeper,Goalkeeper,right,193.0,2029-06-30 00:00:00,Siebert & Backs,https://img.a.transfermarkt.technology/portrait/header/195778-1783582812.png?lm=1,3.0,0.0,,https://www.transfermarkt.co.uk/alexander-nubel/profil/spieler/195778,L1,VfB Stuttgart,12000000.0,16000000.0,2023,Alexander Nübel,,2324,Stuttgart,Alexander Nübel,GER,GK,26,1996,30,30,2700,30.0,36,1.2,108,74,66.7,20,3,7,9,30.0,3,3,0,0,0.0,27.20328542094456,2025.0
196813,2023-12-14,1000000,SV Werder Bremen,86,L1,Michael,Zetterer,Michael Zetterer,2025,86,michael-zetterer,Germany,München  ,Germany,1995-07-12 00:00:00,Goalkeeper,Goalkeeper,both,187.0,2029-06-30 00:00:00,Siebert & Backs,https://img.a.transfermarkt.technology/portrait/header/196813-1757598019.jpg?lm=1,1.0,0.0,,https://www.transfermarkt.co.uk/michael-zetterer/profil/spieler/196813,L1,SV Werder Bremen,4000000.0,4500000.0,2023,Michael Zetterer,,2324,Werder Bremen,Michael Zetterer,GER,GK,28,1995,27,27,2430,27.0,37,1.37,130,93,71.5,9,9,9,5,18.5,4,4,0,0,0.0,28.424366872005475,2025.0
247915,2023-12-14,9000000,Borussia Mönchengladbach,18,L1,Jonas,Omlin,Jonas Omlin,2025,15,jonas-omlin,Switzerland,Sarnen  ,Switzerland,1994-01-10 00:00:00,Goalkeeper,Goalkeeper,right,190.0,2029-06-30 00:00:00,Signature - ISCM AG,https://img.a.transfermarkt.technology/portrait/header/247915-1691248651.jpg?lm=1,4.0,0.0,,https://www.transfermarkt.co.uk/jonas-omlin/profil/spieler/247915,L1,Bayer 04 Leverkusen,800000.0,9000000.0,2023,Jonas Omlin,,2324,Gladbach,Jonas Omlin,SUI,GK,29,1994,7,7,630,7.0,18,2.57,47,29,61.7,1,2,4,0,0.0,2,2,0,0,0.0,29.924709103353866,2025.0
251299,2023-12-14,5000000,FC Augsburg,167,L1,Finn,Dahmen,Finn Dahmen,2025,167,finn-dahmen,Germany,Wiesbaden  ,Germany,1998-03-27 00:00:00,Goalkeeper,Goalkeeper,right,186.0,2027-06-30 00:00:00,CN Sports,https://img.a.transfermarkt.technology/portrait/header/251299-1755200500.jpg?lm=1,0.0,0.0,,https://www.transfermarkt.co.uk/finn-dahmen/profil/spieler/251299,L1,FC Augsburg,12000000.0,12000000.0,2023,Finn Dahmen,,2324,Augsburg,Finn Dahmen,GER,GK,25,1998,31,31,2790,31.0,52,1.68,160,108,67.5,10,9,12,3,9.7,10,7,2,1,22.2,25.71663244353183,1294.0
257814,2023-12-14,40000000,Borussia Dortmund,16,L1,Gregor,Kobel,Gregor Kobel,2025,16,gregor-kobel,Switzerland,Zürich  ,Switzerland,1997-12-06 00:00:00,Goalkeeper,Goalkeeper,right,196.0,2028-06-30 00:00:00,SBE Management AG,https://img.a.transfermarkt.technology/portrait/header/257814-1709559904.jpg?lm=1,26.0,0.0,,https://www.transfermarkt.co.uk/gregor-kobel/profil/spieler/257814,L1,Borussia Dortmund,40000000.0,40000000.0,2023,Gregor Kobel,,2324,Dortmund,Gregor Kobel,SUI,GK,25,1997,27,27,2365,26.3,34,1.29,118,84,71.2,14,8,5,7,25.9,6,5,1,0,16.7,26.02053388090349,1660.0
260053,2023-12-14,2000000,SV Werder Bremen,86,L1,Jiri,Pavlenka,Jiri Pavlenka,2025,1091,jiri-pavlenka,CSSR,Hlučín  ,Czech Republic,1992-04-14 00:00:00,Goalkeeper,Goalkeeper,right,196.0,2027-06-30 00:00:00,SPORT INVEST,https://img.a.transfermarkt.technology/portrait/header/260053-1783068576.png?lm=1,21.0,0.0,,https://www.transfermarkt.co.uk/jiri-pavlenka/profil/spieler/260053,GR1,Panthessalonikios Athlitikos Omilos Konstantinoupoliton,700000.0,12000000.0,2023,Jiří Pavlenka,,2324,Werder Bremen,Jiří Pavlenka,CZE,GK,31,1992,7,7,630,7.0,17,2.43,39,22,56.4,2,0,5,1,14.3,2,2,0,0,0.0,31.665982203969882,1294.0
284270,2023-12-14,1500000,Borussia Mönchengladbach,18,L1,Moritz,Nicolas,Moritz Nicolas,2025,18,moritz-nicolas,Germany,Gladbeck  ,Germany,1997-10-21 00:00:00,Goalkeeper,Goalkeeper,right,193.0,2029-06-30 00:00:00,PORT,https://img.a.transfermarkt.technology/portrait/header/284270-1722945496.jpg?lm=1,1.0,0.0,,https://www.transfermarkt.co.uk/moritz-nicolas/profil/spieler/284270,L1,Borussia Mönchengladbach,8000000.0,8000000.0,2023,Moritz Nicolas,,2324,Gladbach,Moritz Nicolas,GER,GK,25,1997,27,27,2430,27.0,49,1.81,159,113,69.2,6,11,10,4,14.8,4,4,0,0,0.0,26.146475017111566,2025.0
372468,2023-12-14,225000,CF Os Belenenses,68608,PO1,David,Grilo,David Grilo,2025,2431,david-grilo,Portugal,Massamá  ,Portugal,1996-08-13 00:00:00,Goalkeeper,Goalkeeper,right,184.0,2028-06-30 00:00:00,,https://img.a.transfermarkt.technology/portrait/header/372468-1638712058.jpg?lm=1,,,,https://www.transfermarkt.co.uk/david-grilo/profil/spieler/372468,PO1,CF Estrela Amadora,100000.0,250000.0,2023,David Gil,ESP-La Liga,2324,Cádiz,David Gil,ESP,GK,29,1994,5,4,372,4.1,8,1.94,25,17,68.0,0,3,1,1,25.0,0,0,0,0,,27.3347022587269,1660.0
468539,2023-12-14,4000000,Bayern Munich,27,L1,Daniel,Peretz,Daniel Peretz,2025,41,daniel-peretz,Israel,Tel Aviv  ,Israel,2000-07-10 00:00:00,Goalkeeper,Goalkeeper,right,190.0,2030-06-30 00:00:00,,https://img.a.transfermarkt.technology/portrait/header/468539-1758188153.jpg?lm=1,12.0,0.0,,https://www.transfermarkt.co.uk/daniel-peretz/profil/spieler/468539,L1,Hamburger SV,4000000.0,5000000.0,2023,Daniel Peretz,,2324,Bayern Munich,Daniel Peretz,ISR,GK,23,2000,1,0,17,0.2,0,0.0,0,0,,0,0,0,0,,0,0,0,0,,23.42778918548939,2390.0
526845,2023-12-14,6500000,SC Freiburg,60,L1,Noah,Atubolu,Noah Atubolu,2025,60,noah-atubolu,Germany,Freiburg im Breisgau  ,Germany,2002-05-25 00:00:00,Goalkeeper,Goalkeeper,right,190.0,2027-06-30 00:00:00,Epic Atubolu,https://img.a.transfermarkt.technology/portrait/header/526845-1753984204.jpg?lm=1,0.0,0.0,,https://www.transfermarkt.co.uk/noah-atubolu/profil/spieler/526845,L1,SC Freiburg,25000000.0,25000000.0,2023,Noah Atubolu,,2324,Freiburg,Noah Atubolu,GER,GK,21,2002,34,34,3060,34.0,58,1.71,159,101,63.5,11,9,14,9,26.5,5,3,2,0,40.0,21.555099247091032,1294.0
550829,2023-12-14,5000000,Bayer 04 Leverkusen,15,L1,Matej,Kovar,Matej Kovar,2025,383,matej-kovar,Czech Republic,Uherské Hradiště  ,Czech Republic,2000-05-17 00:00:00,Goalkeeper,Goalkeeper,right,196.0,2030-06-30 00:00:00,SPORT INVEST,https://img.a.transfermarkt.technology/portrait/header/550829-1765213743.jpg?lm=1,23.0,0.0,,https://www.transfermarkt.co.uk/matej-kovar/profil/spieler/550829,NL1,PSV Eindhoven,8000000.0,8000000.0,2023,Matej Kovar,,2324,Leverkusen,Matej Kovar,CZE,GK,23,2000,1,1,90,1.0,0,0.0,3,3,100.0,0,1,0,1,100.0,0,0,0,0,,23.575633127994525,2390.0
41323,2023-12-15,300000,1.FC Kaiserslautern,2,,Andreas,Luthe,Andreas Luthe,2023,80,andreas-luthe,Germany,Velbert  ,Germany,1987-03-10 00:00:00,Goalkeeper,Goalkeeper,right,195.0,,act SPORTS GROUP,https://img.a.transfermarkt.technology/portrait/header/41323-1692861087.jpg?lm=1,,,,https://www.transfermarkt.co.uk/andreas-luthe/profil/spieler/41323,L1,VfL Bochum,300000.0,1750000.0,2023,Andreas Luthe,,2324,Bochum,Andreas Luthe,GER,GK,36,1987,1,1,90,1.0,4,4.0,5,1,20.0,0,0,1,0,0.0,0,0,0,0,,36.766598220396986,0.0
73396,2023-12-15,2500000,Al-Nassr FC,18544,SA1,David,Ospina,David Ospina,2025,8172,david-ospina,Colombia,Medellín  ,Colombia,1988-08-31 00:00:00,Goalkeeper,Goalkeeper,right,183.0,2026-06-30 00:00:00,Alinea,https://img.a.transfermarkt.technology/portrait/header/73396-1722444561.JPG?lm=1,131.0,0.0,3816.0,https://www.transfermarkt.co.uk/david-ospina/profil/spieler/73396,COL1,Atlético Nacional,100000.0,8000000.0,2023,David Soria,ESP-La Liga,2324,Getafe,David Soria,ESP,GK,30,1993,38,38,3413,37.9,52,1.37,174,122,70.1,10,13,15,10,26.3,7,5,1,1,16.7,35.28815879534565,928.0
199221,2023-12-15,600000,SpVgg Greuther Fürth,65,L1,Andreas,Linde,Andreas Linde,2025,1109,andreas-linde,Sweden,Rydebäck  ,Sweden,1993-07-24 00:00:00,Goalkeeper,Goalkeeper,right,200.0,2026-12-31 00:00:00,BHM Sports Agency,https://img.a.transfermarkt.technology/portrait/header/199221-1657044624.jpg?lm=1,1.0,0.0,,https://www.transfermarkt.co.uk/andreas-linde/profil/spieler/199221,SE1,BK Häcken,250000.0,900000.0,2023,Andreas Luthe,,2324,Bochum,Andreas Luthe,GER,GK,36,1987,1,1,90,1.0,4,4.0,5,1,20.0,0,0,1,0,0.0,0,0,0,0,,30.392881587953458,1112.0
207834,2023-12-15,11000000,Al-Hilal SFC,1114,SA1,Yassine,Bounou,Yassine Bounou,2025,1114,yassine-bounou,Canada,"Montréal, Québec  ",Morocco,1991-04-05 00:00:00,Goalkeeper,Goalkeeper,left,192.0,2028-06-30 00:00:00,11MANGMT,https://img.a.transfermarkt.technology/portrait/header/207834-1668503728.jpg?lm=1,96.0,0.0,,https://www.transfermarkt.co.uk/yassine-bounou/profil/spieler/207834,SA1,Al-Hilal Saudi Football Club,3000000.0,18000000.0,2023,Yassine Bounou,ESP-La Liga,2324,Sevilla,Yassine Bounou,MAR,GK,32,1991,1,1,90,1.0,2,2.0,3,1,33.3,0,0,1,0,0.0,0,0,0,0,,32.695414099931554,1659.0
326363,2023-12-15,1000000,Al-Raed SFC,22381,SA1,André,Moreira,André Moreira,2025,60949,andre-moreira,Portugal,Ribeirão  ,Portugal,1995-12-02 00:00:00,Goalkeeper,Goalkeeper,right,195.0,,,https://img.a.transfermarkt.technology/portrait/header/326363-1630733810.jpg?lm=1,1.0,0.0,,https://www.transfermarkt.co.uk/andre-moreira/profil/spieler/326363,GR1,Volou Neos Podosferikos Syllogos,500000.0,1200000.0,2023,André Ferreira,ESP-La Liga,2324,Granada,André Ferreira,POR,GK,27,1996,15,14,1340,14.9,29,1.95,78,49,62.8,0,5,9,0,0.0,3,3,0,0,0.0,28.035592060232716,0.0
905220,2023-12-15,250000,Sarpsborg 08 FF,10217,NO1,Leander,Øy,Leander Øy,2025,10217,leander-oy,Norway,Årdal  ,Norway,2003-10-24 00:00:00,Goalkeeper,Goalkeeper,right,182.0,2026-12-31 00:00:00,Assist Management,https://img.a.transfermarkt.technology/portrait/header/default.jpg?lm=1,2.0,0.0,,https://www.transfermarkt.co.uk/leander-oy/profil/spieler/905220,NO1,Sarpsborg 08 Fotballforening,250000.0,250000.0,2023,Alexander Meyer,,2324,Dortmund,Alexander Meyer,GER,GK,32,1991,8,7,695,7.7,9,1.17,28,19,67.9,4,1,2,3,42.9,0,0,0,0,,20.142368240930868,1112.0
18940,2023-12-18,400000,Olympique Lyon,1041,FR1,Rémy,Riou,Rémy Riou,2025,10004,remy-riou,France,Lyon  ,France,1987-08-06 00:00:00,Goalkeeper,Goalkeeper,right,191.0,,,https://img.a.transfermarkt.technology/portrait/header/18940-1672830760.jpg?lm=1,6.0,0.0,,https://www.transfermarkt.co.uk/remy-riou/profil/spieler/18940,FR1,Paris FC,100000.0,4000000.0,2023,Rémy Riou,FRA-Ligue 1,2324,Lyon,Rémy Riou,FRA,GK,35,1987,3,3,270,3.0,6,2.0,14,8,57.1,0,1,2,1,33.3,0,0,0,0,,36.3668720054757,0.0
23951,2023-12-18,1000000,Stade Rennais FC,273,FR1,Steve,Mandanda,Steve Mandanda,2024,273,steve-mandanda,Zaire,Kinshasa  ,France,1985-03-28 00:00:00,Goalkeeper,Goalkeeper,right,187.0,,,https://img.a.transfermarkt.technology/portrait/header/23951-1666698933.jpg?lm=1,35.0,0.0,,https://www.transfermarkt.co.uk/steve-mandanda/profil/spieler/23951,FR1,Stade Rennais FC,500000.0,17000000.0,2023,Steve Mandanda,FRA-Ligue 1,2324,Rennes,Steve Mandanda,FRA,GK,38,1985,34,34,3060,34.0,46,1.35,151,105,69.5,12,10,12,7,20.6,3,3,0,0,0.0,38.724161533196444,0.0
27490,2023-12-18,200000,RC Lens,826,FR1,Jean-Louis,Leca,Jean-Louis Leca,2023,826,jean-louis-leca,France,Bastia  ,France,1985-09-21 00:00:00,Goalkeeper,Goalkeeper,right,180.0,,Soccer Connect,https://img.a.transfermarkt.technology/portrait/header/27490-1676911599.jpg?lm=1,,,,https://www.transfermarkt.co.uk/jean-louis-leca/profil/spieler/27490,FR1,RC Lens,200000.0,1300000.0,2023,Jean-Louis Leca,FRA-Ligue 1,2324,Lens,Jean-Louis Leca,FRA,GK,37,1985,1,1,90,1.0,2,2.0,3,1,33.3,0,1,0,0,0.0,0,0,0,0,,38.23956194387406,0.0
28356,2023-12-18,150000,FC Nantes,995,FR1,Denis,Petric,Denis Petric,2024,826,denis-petric,Jugoslawien (SFR),Ljubljana  ,Slovenia,1988-05-24 00:00:00,Goalkeeper,Goalkeeper,right,186.0,,,https://img.a.transfermarkt.technology/portrait/header/28356-1703065287.jpg?lm=1,1.0,0.0,,https://www.transfermarkt.co.uk/denis-petric/profil/spieler/28356,FR1,RC Lens,50000.0,1500000.0,2023,Denis Petrić,FRA-Ligue 1,2324,Nantes,Denis Petrić,SRB,GK,35,1988,1,0,24,0.3,1,3.75,1,0,0.0,0,0,0,0,,0,0,0,0,,35.56741957563313,0.0
33781,2023-12-18,250000,LOSC Lille,1082,FR1,Vito,Mannone,Vito Mannone,2024,1082,vito-mannone,Italy,Desio  ,Italy,1988-03-02 00:00:00,Goalkeeper,Goalkeeper,right,188.0,,,https://img.a.transfermarkt.technology/portrait/header/33781-1614092740.jpg?lm=1,8.0,0.0,,https://www.transfermarkt.co.uk/vito-mannone/profil/spieler/33781,FR1,LOSC Lille,200000.0,3500000.0,2023,Vito Mannone,FRA-Ligue 1,2324,Lille,Vito Mannone,ITA,GK,35,1988,2,1,91,1.0,2,1.98,5,3,60.0,0,1,0,0,0.0,0,0,0,0,,35.794661190965094,0.0
56809,2023-12-18,500000,FC Metz,347,FR1,Alexandre,Oukidja,Alexandre Oukidja,2025,32113,alexandre-oukidja,France,Nevers  ,Algeria,1988-07-19 00:00:00,Goalkeeper,Goalkeeper,right,184.0,,SAS ASSIST & GOAL,https://img.a.transfermarkt.technology/portrait/header/56809-1697462617.png?lm=1,7.0,0.0,,https://www.transfermarkt.co.uk/alexandre-oukidja/profil/spieler/56809,SER1,FK IMT Belgrad,150000.0,3000000.0,2023,Alexandre Oukidja,FRA-Ligue 1,2324,Metz,Alexandre Oukidja,ALG,GK,35,1988,34,34,2987,33.2,57,1.72,178,126,68.0,8,5,21,6,17.6,6,6,0,0,0.0,35.41409993155373,0.0
60543,2023-12-18,200000,Le Havre AC,738,FR1,Mathieu,Gorgelin,Mathieu Gorgelin,2025,826,mathieu-gorgelin,France,Ambérieu-en-Bugey  ,France,1990-08-05 00:00:00,Goalkeeper,Goalkeeper,left,187.0,,,https://img.a.transfermarkt.technology/portrait/header/60543-1704795204.jpg?lm=1,1.0,0.0,,https://www.transfermarkt.co.uk/mathieu-gorgelin/profil/spieler/60543,FR1,RC Lens,200000.0,1000000.0,2023,Mathieu Gorgelin,FRA-Ligue 1,2324,Le Havre,Mathieu Gorgelin,FRA,GK,32,1990,1,1,90,1.0,2,2.0,5,3,60.0,0,0,1,0,0.0,1,1,0,0,0.0,33.36892539356605,0.0
60561,2023-12-18,5000000,Olympique Lyon,1041,FR1,Anthony,Lopes,Anthony Lopes,2025,995,anthony-lopes,France,Givors  ,Portugal,1990-10-01 00:00:00,Goalkeeper,Goalkeeper,left,184.0,2028-06-30 00:00:00,,https://img.a.transfermarkt.technology/portrait/header/60561-1640775949.jpg?lm=1,14.0,0.0,,https://www.transfermarkt.co.uk/anthony-lopes/profil/spieler/60561,FR1,FC Nantes,900000.0,25000000.0,2023,Anthony Lopes,FRA-Ligue 1,2324,Lyon,Anthony Lopes,POR,GK,32,1990,31,31,2790,31.0,49,1.58,154,109,68.2,16,4,11,8,25.8,6,4,1,1,20.0,33.21286789869952,1656.0
79422,2023-12-18,2000000,Paris Saint-Germain,583,FR1,Keylor,Navas,Keylor Navas,2025,7633,keylor-navas,Costa Rica,San Isidro de El General  ,Costa Rica,1986-12-15 00:00:00,Goalkeeper,Goalkeeper,right,185.0,2027-06-30 00:00:00,,https://img.a.transfermarkt.technology/portrait/header/79422-1672304953.jpg?lm=1,126.0,0.0,,https://www.transfermarkt.co.uk/keylor-navas/profil/spieler/79422,MEX1,UNAM Pumas,750000.0,20000000.0,2023,Keylor Navas,FRA-Ligue 1,2324,Paris SG,Keylor Navas,CRC,GK,36,1986,4,4,360,4.0,6,1.5,12,6,50.0,2,2,0,1,25.0,1,1,0,0,0.0,37.007529089664615,1290.0
99617,2023-12-18,300000,Seattle Sounders FC,9636,MLS1,Stefan,Frei,Stefan Frei,2025,9636,stefan-frei,Switzerland,Altstätten  ,United States,1986-04-20 00:00:00,Goalkeeper,Goalkeeper,,195.0,2027-12-31 00:00:00,THE·TEAM,https://img.a.transfermarkt.technology/portrait/header/99617-1771756765.jpg?lm=1,0.0,0.0,,https://www.transfermarkt.co.uk/stefan-frei/profil/spieler/99617,MLS1,Seattle Sounders FC,100000.0,1000000.0,2023,Stefan Ortega,ENG-Premier League,2324,Manchester City,Stefan Ortega,GER,GK,30,1992,9,5,635,7.1,7,0.99,27,20,74.1,4,1,0,3,60.0,0,0,0,0,,37.661875427789184,1474.0
124884,2023-12-18,3500000,Stade Brestois 29,3911,FR1,Marco,Bizot,Marco Bizot,2025,405,marco-bizot,Netherlands,Hoorn  ,Netherlands,1991-03-10 00:00:00,Goalkeeper,Goalkeeper,right,193.0,2027-06-30 00:00:00,Key United,https://img.a.transfermarkt.technology/portrait/header/124884-1707302509.jpg?lm=1,1.0,0.0,,https://www.transfermarkt.co.uk/marco-bizot/profil/spieler/124884,GB1,Aston Villa,1500000.0,7000000.0,2023,Marco Bizot,FRA-Ligue 1,2324,Brest,Marco Bizot,NED,GK,32,1991,32,32,2876,32.0,34,1.06,129,95,73.6,15,10,7,11,34.4,3,2,1,0,33.3,32.77481177275838,1290.0
126630,2023-12-18,1200000,Toronto FC,11141,MLS1,Sean,Johnson,Sean Johnson,2025,2440,sean-johnson,United States,"Lilburn, Georgia  ",United States,1989-05-31 00:00:00,Goalkeeper,Goalkeeper,right,190.0,2027-06-30 00:00:00,,https://img.a.transfermarkt.technology/portrait/header/126630-1771687154.jpg?lm=1,13.0,0.0,,https://www.transfermarkt.co.uk/sean-johnson/profil/spieler/126630,MLS1,D.C. United,300000.0,1800000.0,2023,Sam Johnstone,ENG-Premier League,2324,Crystal Palace,Sam Johnstone,ENG,GK,30,1993,20,20,1796,20.0,27,1.35,68,41,60.3,5,6,9,6,30.0,2,2,0,0,0.0,34.548939082819984,1290.0
127181,2023-12-18,4000000,Montpellier HSC,969,FR1,Benjamin,Lecomte,Benjamin Lecomte,2025,931,benjamin-lecomte,France,Paris  ,France,1991-04-26 00:00:00,Goalkeeper,Goalkeeper,left,186.0,2027-06-30 00:00:00,YSI Football,https://img.a.transfermarkt.technology/portrait/header/127181-1702663657.JPG?lm=1,0.0,0.0,,https://www.transfermarkt.co.uk/benjamin-lecomte/profil/spieler/127181,GB1,Fulham FC,800000.0,17000000.0,2023,Benjamin Lecomte,FRA-Ligue 1,2324,Montpellier,Benjamin Lecomte,FRA,GK,32,1991,30,30,2700,30.0,37,1.23,139,102,73.4,9,11,10,10,33.3,5,4,1,0,20.0,32.64613278576318,1290.0
127202,2023-12-18,7000000,RC Strasbourg Alsace,667,FR1,Matz,Sels,Matz Sels,2025,703,matz-sels,Belgium,Lint  ,Belgium,1992-02-26 00:00:00,Goalkeeper,Goalkeeper,right,188.0,2028-06-30 00:00:00,Cherry Sports,https://img.a.transfermarkt.technology/portrait/header/127202-1665067633.jpg?lm=1,13.0,0.0,,https://www.transfermarkt.co.uk/matz-sels/profil/spieler/127202,GB1,Nottingham Forest,3500000.0,8000000.0,2023,Matz Sels,ENG-Premier League,2324,Nottingham,Matz Sels,BEL,GK,31,1992,16,16,1440,16.0,27,1.69,64,37,57.8,4,4,8,1,6.3,1,1,0,0,0.0,31.808350444900753,1656.0
127202,2023-12-18,7000000,RC Strasbourg Alsace,667,FR1,Matz,Sels,Matz Sels,2025,703,matz-sels,Belgium,Lint  ,Belgium,1992-02-26 00:00:00,Goalkeeper,Goalkeeper,right,188.0,2028-06-30 00:00:00,Cherry Sports,https://img.a.transfermarkt.technology/portrait/header/127202-1665067633.jpg?lm=1,13.0,0.0,,https://www.transfermarkt.co.uk/matz-sels/profil/spieler/127202,GB1,Nottingham Forest,3500000.0,8000000.0,2023,Matz Sels,FRA-Ligue 1,2324,Strasbourg,Matz Sels,BEL,GK,31,1992,19,19,1710,19.0,24,1.26,65,41,63.1,6,7,6,3,15.8,1,1,0,0,0.0,31.808350444900753,1656.0
147051,2023-12-18,3500000,FC Lorient,1158,FR1,Yvon,Mvogo,Yvon Mvogo,2025,1158,yvon-mvogo,Cameroon,Yaoundé  ,Switzerland,1994-06-06 00:00:00,Goalkeeper,Goalkeeper,right,190.0,2027-06-30 00:00:00,THE·TEAM,https://img.a.transfermarkt.technology/portrait/header/147051-1719215379.jpg?lm=1,13.0,0.0,,https://www.transfermarkt.co.uk/yvon-mvogo/profil/spieler/147051,FR1,FC Lorient,2500000.0,4500000.0,2023,Yvon Mvogo,FRA-Ligue 1,2324,Lorient,Yvon Mvogo,SUI,GK,29,1994,34,34,3060,34.0,66,1.94,210,144,68.6,7,8,19,4,11.8,8,8,0,0,0.0,29.533196440793976,1290.0
164904,2023-12-18,2000000,Clermont Foot 63,3524,FR1,Mory,Diaw,Mory Diaw,2025,738,mory-diaw,France,Poissy  ,Senegal,1993-06-22 00:00:00,Goalkeeper,Goalkeeper,right,197.0,2027-06-30 00:00:00,,https://img.a.transfermarkt.technology/portrait/header/164904-1782195360.jpg?lm=1,8.0,0.0,,https://www.transfermarkt.co.uk/mory-diaw/profil/spieler/164904,FR1,Le Havre AC,900000.0,2000000.0,2023,Mory Diaw,FRA-Ligue 1,2324,Clermont Foot,Mory Diaw,SEN,GK,30,1993,30,30,2700,30.0,54,1.8,188,134,71.3,4,8,18,5,16.7,8,6,1,1,14.3,30.48870636550308,1290.0
191056,2023-12-18,15000000,RC Lens,826,FR1,Brice,Samba,Brice Samba,2025,273,brice-samba,Congo,Linzolo  ,France,1994-04-25 00:00:00,Goalkeeper,Goalkeeper,left,187.0,2029-06-30 00:00:00,Sport Cover,https://img.a.transfermarkt.technology/portrait/header/191056-1602242038.jpg?lm=1,4.0,0.0,,https://www.transfermarkt.co.uk/brice-samba/profil/spieler/191056,FR1,Stade Rennais FC,7000000.0,15000000.0,2023,Brice Samba,FRA-Ligue 1,2324,Lens,Brice Samba,FRA,GK,29,1994,33,33,2970,33.0,35,1.06,131,102,73.3,14,8,11,13,39.4,8,6,1,1,14.3,29.648186173853524,2021.0
199321,2023-12-18,2500000,Olympique Marseille,244,FR1,Rubén,Blanco,Rubén Blanco,2025,3828,ruben-blanco,Spain,Mos  ,Spain,1995-07-25 00:00:00,Goalkeeper,Goalkeeper,right,188.0,,,https://img.a.transfermarkt.technology/portrait/header/199321-1676905860.jpg?lm=1,2.0,0.0,,https://www.transfermarkt.co.uk/ruben-blanco/profil/spieler/199321,JAP1,Yokohama Marinos,700000.0,10000000.0,2023,Rubén Blanco,FRA-Ligue 1,2324,Marseille,Rubén Blanco,ESP,GK,28,1995,2,1,121,1.3,2,1.49,6,4,66.7,0,0,1,0,0.0,0,0,0,0,,28.399726214921287,0.0
251322,2023-12-18,8000000,AS Monaco,162,FR1,Philipp,Köhn,Philipp Köhn,2025,162,philipp-kohn,Germany,Dinslaken  ,Switzerland,1998-04-02 00:00:00,Goalkeeper,Goalkeeper,right,190.0,2028-06-30 00:00:00,,https://img.a.transfermarkt.technology/portrait/header/251322-1661531623.png?lm=1,0.0,0.0,,https://www.transfermarkt.co.uk/philipp-kohn/profil/spieler/251322,FR1,AS Monaco,3500000.0,8000000.0,2023,Philipp Köhn,FRA-Ligue 1,2324,Monaco,Philipp Köhn,SUI,GK,25,1998,22,22,1980,22.0,32,1.45,98,66,67.3,11,5,6,5,22.7,6,5,1,0,16.7,25.711156741957563,1656.0
282028,2023-12-18,1500000,FC Nantes,995,FR1,Rémy,Descamps,Rémy Descamps,2025,1041,remy-descamps,France,Marcq-en-Barœul  ,France,1996-06-25 00:00:00,Goalkeeper,Goalkeeper,both,196.0,2029-06-30 00:00:00,BESTWAY SOCCER,https://img.a.transfermarkt.technology/portrait/header/282028-1608790532.jpg?lm=1,0.0,0.0,,https://www.transfermarkt.co.uk/remy-descamps/profil/spieler/282028,FR1,Olympique Lyon,1500000.0,2000000.0,2023,Rémy Descamps,FRA-Ligue 1,2324,Nantes,Rémy Descamps,FRA,GK,27,1996,6,6,540,6.0,11,1.83,37,26,70.3,2,2,2,1,16.7,2,1,0,1,0.0,27.479808350444902,2021.0
286415,2023-12-18,12000000,Olympique Marseille,244,FR1,Pau,López,Pau López,2025,150,pau-lopez,Spain,Girona  ,Spain,1994-12-13 00:00:00,Goalkeeper,Goalkeeper,left,189.0,2028-06-30 00:00:00,Goal Management,https://img.a.transfermarkt.technology/portrait/header/286415-1762266591.jpg?lm=1,2.0,0.0,,https://www.transfermarkt.co.uk/pau-lopez/profil/spieler/286415,ES1,Real Betis Balompié,2500000.0,24000000.0,2023,Pau López,FRA-Ligue 1,2324,Marseille,Pau López,ESP,GK,28,1994,33,33,2939,32.7,39,1.19,125,88,68.8,13,11,9,7,21.2,3,3,0,0,0.0,29.013004791238878,1656.0
315858,2023-12-18,40000000,Paris Saint-Germain,583,FR1,Gianluigi,Donnarumma,Gianluigi Donnarumma,2025,281,gianluigi-donnarumma,Italy,Castellammare di Stabia  ,Italy,1999-02-25 00:00:00,Goalkeeper,Goalkeeper,right,196.0,2030-06-30 00:00:00,Team Raiola,https://img.a.transfermarkt.technology/portrait/header/315858-1761076746.jpg?lm=1,83.0,0.0,,https://www.transfermarkt.co.uk/gianluigi-donnarumma/profil/spieler/315858,GB1,Manchester City,45000000.0,65000000.0,2023,Gianluigi Donnarumma,FRA-Ligue 1,2324,Paris SG,Gianluigi Donnarumma,ITA,GK,24,1999,25,25,2169,24.1,20,0.83,111,91,82.0,18,6,1,11,44.0,4,3,1,0,25.0,24.810403832991103,2386.0
346546,2023-12-18,2000000,AS Monaco,162,FR1,Radoslaw,Majecki,Radoslaw Majecki,2025,3911,radoslaw-majecki,Poland,Starachowice  ,Poland,1999-11-16 00:00:00,Goalkeeper,Goalkeeper,right,193.0,2028-06-30 00:00:00,ROOF,https://img.a.transfermarkt.technology/portrait/header/346546-1672484869.jpg?lm=1,1.0,0.0,,https://www.transfermarkt.co.uk/radoslaw-majecki/profil/spieler/346546,FR1,Stade Brestois 29,2500000.0,7000000.0,2023,Radosław Majecki,FRA-Ligue 1,2324,Monaco,Radosław Majecki,POL,GK,23,1999,12,12,1080,12.0,10,0.83,57,46,82.5,9,2,1,5,41.7,0,0,0,0,,24.087611225188226,1656.0
357117,2023-12-18,12000000,FC Nantes,995,FR1,Alban,Lafont,Alban Lafont,2025,265,alban-lafont,Burkina Faso,Ouagadougou  ,Cote d'Ivoire,1999-01-23 00:00:00,Goalkeeper,Goalkeeper,right,196.0,2027-06-30 00:00:00,Sport Cover,https://img.a.transfermarkt.technology/portrait/header/357117-1756042679.png?lm=1,4.0,0.0,,https://www.transfermarkt.co.uk/alban-lafont/profil/spieler/357117,GR1,Panathinaikos Athlitikos Omilos,3000000.0,20000000.0,2023,Alban Lafont,FRA-Ligue 1,2324,Nantes,Alban Lafont,CIV,GK,24,1999,28,28,2496,27.7,43,1.55,111,75,61.3,7,4,17,6,21.4,8,8,0,0,0.0,24.90075290896646,1290.0
371816,2023-12-18,1200000,Montpellier HSC,969,FR1,Dimitry,Bertaud,Dimitry Bertaud,2025,68029,dimitry-bertaud,France,Montpellier  ,DR Congo,1998-06-06 00:00:00,Goalkeeper,Goalkeeper,right,183.0,,Sportalis,https://img.a.transfermarkt.technology/portrait/header/371816-1702663704.JPG?lm=1,15.0,0.0,3854.0,https://www.transfermarkt.co.uk/dimitry-bertaud/profil/spieler/371816,,,1200000.0,1500000.0,2023,Dimitry Bertaud,FRA-Ligue 1,2324,Montpellier,Dimitry Bertaud,COD,GK,25,1998,4,4,360,4.0,11,2.75,34,23,67.6,1,1,2,0,0.0,0,0,0,0,,25.533196440793976,0.0
379869,2023-12-18,2000000,Le Havre AC,738,FR1,Arthur,Desmas,Arthur Desmas,2024,738,arthur-desmas,France,Brest  ,France,1994-04-07 00:00:00,Goalkeeper,Goalkeeper,right,196.0,,Team Spirit Football,https://img.a.transfermarkt.technology/portrait/header/379869-1625740346.jpg?lm=1,,,,https://www.transfermarkt.co.uk/arthur-desmas/profil/spieler/379869,FR1,Le Havre AC,2500000.0,2500000.0,2023,Arthur Desmas,FRA-Ligue 1,2324,Le Havre,Arthur Desmas,FRA,GK,29,1994,33,33,2970,33.0,43,1.3,154,111,72.1,7,11,15,7,21.2,3,1,1,1,50.0,29.697467488021903,0.0
448632,2023-12-18,10000000,Stade Reims,1421,FR1,Yehvann,Diouf,Yehvann Diouf,2025,417,yehvann-diouf,France,Montreuil-sous-Bois  ,Senegal,1999-11-16 00:00:00,Goalkeeper,Goalkeeper,right,188.0,2030-06-30 00:00:00,FAIR SPORT MNG,https://img.a.transfermarkt.technology/portrait/header/448632-1756822717.jpg?lm=1,2.0,0.0,,https://www.transfermarkt.co.uk/yehvann-diouf/profil/spieler/448632,FR1,OGC Nice,7000000.0,12000000.0,2023,Yehvann Diouf,FRA-Ligue 1,2324,Reims,Yehvann Diouf,SEN,GK,23,1999,34,34,3060,34.0,47,1.38,137,90,65.7,13,8,13,7,20.6,7,6,1,0,14.3,24.087611225188226,2386.0
463600,2023-12-18,18000000,LOSC Lille,1082,FR1,Lucas,Chevalier,Lucas Chevalier,2025,583,lucas-chevalier,France,Calais  ,France,2001-11-06 00:00:00,Goalkeeper,Goalkeeper,right,189.0,2030-06-30 00:00:00,,https://img.a.transfermarkt.technology/portrait/header/463600-1708342501.jpg?lm=1,1.0,0.0,,https://www.transfermarkt.co.uk/lucas-chevalier/profil/spieler/463600,FR1,Paris Saint-Germain,25000000.0,40000000.0,2023,Lucas Chevalier,FRA-Ligue 1,2324,Lille,Lucas Chevalier,FRA,GK,21,2001,33,33,2969,33.0,32,0.97,124,92,74.2,16,10,7,15,45.5,5,3,2,0,40.0,22.11362080766598,2386.0
463601,2023-12-18,700000,FC Metz,347,FR1,Guillaume,Dietsch,Guillaume Dietsch,2025,9010,guillaume-dietsch,France,Forbach  ,France,2001-04-17 00:00:00,Goalkeeper,Goalkeeper,right,184.0,,,https://img.a.transfermarkt.technology/portrait/header/463601-1697462678.png?lm=1,1.0,0.0,,https://www.transfermarkt.co.uk/guillaume-dietsch/profil/spieler/463601,BE1,FCV Dender EH,250000.0,900000.0,2023,Guillaume Dietsch,FRA-Ligue 1,2324,Metz,Guillaume Dietsch,FRA,GK,22,2001,1,0,73,0.8,1,1.23,3,2,66.7,0,0,0,0,,0,0,0,0,,22.6694045174538,0.0
465955,2023-12-18,15000000,OGC Nice,417,FR1,Marcin,Bulka,Marcin Bulka,2025,34911,marcin-bulka,Poland,Płock  ,Poland,1999-10-04 00:00:00,Goalkeeper,Goalkeeper,right,199.0,2029-06-30 00:00:00,Gol International,https://img.a.transfermarkt.technology/portrait/header/465955-1739970628.jpg?lm=1,6.0,0.0,,https://www.transfermarkt.co.uk/marcin-bulka/profil/spieler/465955,SA1,Neom Sports Club,12000000.0,20000000.0,2023,Marcin Bułka,FRA-Ligue 1,2324,Nice,Marcin Bułka,POL,GK,23,1999,34,34,3060,34.0,29,0.85,96,74,69.8,15,10,9,17,50.0,8,5,3,0,37.5,24.205338809034906,2021.0
466783,2023-12-18,5000000,Paris Saint-Germain,583,FR1,Arnau,Tenas,Arnau Tenas,2025,1050,arnau-tenas,Spain,Vic  ,Spain,2001-05-30 00:00:00,Goalkeeper,Goalkeeper,right,185.0,2029-06-30 00:00:00,De la Peña & Sostres,https://img.a.transfermarkt.technology/portrait/header/466783-1701444229.jpg?lm=1,0.0,0.0,,https://www.transfermarkt.co.uk/arnau-tenas/profil/spieler/466783,ES1,Villarreal CF,4000000.0,5000000.0,2023,Arnau Tenas,FRA-Ligue 1,2324,Paris SG,Arnau Tenas,ESP,GK,22,2001,6,5,529,5.9,7,1.19,26,19,73.1,2,2,1,1,20.0,0,0,0,0,,22.55167693360712,2021.0
525155,2023-12-18,150000,Stade Brestois 29,3911,FR1,Grégoire,Coudert,Grégoire Coudert,2025,3911,gregoire-coudert,France,Rodez  ,France,1999-04-03 00:00:00,Goalkeeper,Goalkeeper,left,192.0,2027-06-30 00:00:00,Gersh,https://img.a.transfermarkt.technology/portrait/header/525155-1632761084.jpg?lm=1,0.0,0.0,,https://www.transfermarkt.co.uk/gregoire-coudert/profil/spieler/525155,FR1,Stade Brestois 29,4000000.0,4000000.0,2023,Grégoire Coudert,FRA-Ligue 1,2324,Brest,Grégoire Coudert,FRA,GK,24,1999,3,2,181,2.0,0,0.0,4,4,100.0,2,0,0,2,100.0,0,0,0,0,,24.709103353867214,1290.0
574303,2023-12-18,50000,NK Istra 1961,999,KR1,Marino,Bulat,Marino Bulat,2025,456,marino-bulat,Croatia,Split  ,Croatia,1999-06-26 00:00:00,Goalkeeper,Goalkeeper,right,194.0,2026-05-30 00:00:00,,https://img.a.transfermarkt.technology/portrait/header/574303-1732992517.jpg?lm=1,,,,https://www.transfermarkt.co.uk/marino-bulat/profil/spieler/574303,KR1,HNK Vukovar 1991,250000.0,300000.0,2023,Marcin Bułka,FRA-Ligue 1,2324,Nice,Marcin Bułka,POL,GK,23,1999,34,34,3060,34.0,29,0.85,96,74,69.8,15,10,9,17,50.0,8,5,3,0,37.5,24.479123887748116,894.0
667991,2023-12-18,200000,RC Strasbourg Alsace,667,FR1,Alaa,Bellaarouch,Alaa Bellaarouch,2025,1075,alaa-bellaarouch,Morocco,Casablanca  ,Morocco,2002-02-01 00:00:00,Goalkeeper,Goalkeeper,right,189.0,2027-06-30 00:00:00,,https://img.a.transfermarkt.technology/portrait/header/667991-1732575150.png?lm=1,8.0,0.0,,https://www.transfermarkt.co.uk/alaa-bellaarouch/profil/spieler/667991,PO1,SC Braga,400000.0,2000000.0,2023,Alaa Bellaarouch,FRA-Ligue 1,2324,Strasbourg,Alaa Bellaarouch,MAR,GK,21,2002,15,15,1350,15.0,26,1.73,63,37,58.7,4,2,9,2,13.3,4,3,1,0,25.0,21.87542778918549,1290.0
826462,2023-12-18,25000,FC Dallas,8816,MLS1,Antonio,Carrera,Antonio Carrera,2025,7055,antonio-carrera,Mexico,"Pachuca de Soto, Hidalgo  ",United States,2004-03-15 00:00:00,Goalkeeper,Goalkeeper,right,191.0,,THE·TEAM,https://img.a.transfermarkt.technology/portrait/header/826462-1740506003.jpg?lm=1,3.0,0.0,,https://www.transfermarkt.co.uk/antonio-carrera/profil/spieler/826462,MEX1,Tigres UANL,25000.0,25000.0,2023,Antonio Sivera,ESP-La Liga,2324,Alavés,Antonio Sivera,ESP,GK,26,1996,34,34,3060,34.0,38,1.12,125,87,69.6,11,8,15,9,26.5,8,8,0,0,0.0,19.759069130732374,0.0
912902,2023-12-18,10000000,FC Toulouse,415,FR1,Guillaume,Restes,Guillaume Restes,2025,415,guillaume-restes,France,Toulouse  ,France,2005-03-11 00:00:00,Goalkeeper,Goalkeeper,left,188.0,2028-06-30 00:00:00,Unique Sports Group,https://img.a.transfermarkt.technology/portrait/header/912902-1676656145.jpg?lm=1,19.0,0.0,,https://www.transfermarkt.co.uk/guillaume-restes/profil/spieler/912902,FR1,FC Toulouse,18000000.0,20000000.0,2023,Guillaume Restes,FRA-Ligue 1,2324,Toulouse,Guillaume Restes,FRA,GK,18,2005,34,34,3060,34.0,46,1.35,142,96,67.6,11,10,13,6,17.6,4,4,0,0,0.0,18.770704996577688,1656.0
29692,2023-12-19,700000,West Ham United,379,GB1,Lukasz,Fabianski,Lukasz Fabianski,2025,379,lukasz-fabianski,Poland,Kostrzyn nad Odrą  ,Poland,1985-04-18 00:00:00,Goalkeeper,Goalkeeper,right,190.0,,ROOF,https://img.a.transfermarkt.technology/portrait/header/29692-1685709486.jpg?lm=1,57.0,0.0,,https://www.transfermarkt.co.uk/lukasz-fabianski/profil/spieler/29692,GB1,West Ham United,150000.0,9000000.0,2023,Łukasz Fabiański,ENG-Premier League,2324,West Ham,Łukasz Fabiański,POL,GK,38,1985,10,7,721,8.0,21,2.62,54,33,61.1,3,1,3,1,14.3,3,3,0,0,0.0,38.6694045174538,0.0
61697,2023-12-19,900000,Sheffield United,350,GB1,Wes,Foderingham,Wes Foderingham,2025,379,wes-foderingham,England,London  ,England,1991-01-14 00:00:00,Goalkeeper,Goalkeeper,left,185.0,2027-05-31 00:00:00,CAA Stellar,https://img.a.transfermarkt.technology/portrait/header/61697-1762899359.png?lm=1,3.0,0.0,,https://www.transfermarkt.co.uk/wes-foderingham/profil/spieler/61697,GB1,West Ham United,450000.0,900000.0,2023,Wes Foderingham,ENG-Premier League,2324,Sheffield United,Wes Foderingham,ENG,GK,32,1991,30,29,2649,29.4,79,2.68,212,133,62.7,3,4,22,1,3.4,6,5,0,1,0.0,32.92813141683778,1259.0
72476,2023-12-19,13000000,Fulham FC,931,GB1,Bernd,Leno,Bernd Leno,2025,931,bernd-leno,Germany,Bietigheim-Bissingen  ,Germany,1992-03-04 00:00:00,Goalkeeper,Goalkeeper,right,190.0,2027-06-30 00:00:00,fair-sport GmbH,https://img.a.transfermarkt.technology/portrait/header/72476-1774470314.jpg?lm=1,9.0,0.0,,https://www.transfermarkt.co.uk/bernd-leno/profil/spieler/72476,GB1,Fulham FC,6000000.0,35000000.0,2023,Bernd Leno,ENG-Premier League,2324,Fulham,Bernd Leno,GER,GK,31,1992,38,38,3420,38.0,61,1.61,195,134,68.7,13,8,17,10,26.3,8,8,0,0,0.0,31.79192334017796,1289.0
73564,2023-12-19,3500000,Brighton & Hove Albion,1237,GB1,Jason,Steele,Jason Steele,2025,1237,jason-steele,England,Newton Aycliffe  ,England,1990-08-18 00:00:00,Goalkeeper,Goalkeeper,right,188.0,2027-06-30 00:00:00,Murdock Sports Group,https://img.a.transfermarkt.technology/portrait/header/73564-1681383960.jpg?lm=1,0.0,0.0,,https://www.transfermarkt.co.uk/jason-steele/profil/spieler/73564,GB1,Brighton & Hove Albion,500000.0,4000000.0,2023,Jason Steele,ENG-Premier League,2324,Brighton,Jason Steele,ENG,GK,32,1990,17,17,1530,17.0,34,2.0,77,43,55.8,5,4,8,2,11.8,3,3,0,0,0.0,33.33607118412046,1289.0
74960,2023-12-19,1000000,Newcastle United,762,GB1,Martin,Dúbravka,Martin Dúbravka,2025,1132,martin-dubravka,CSSR,Žilina  ,Slovakia,1989-01-15 00:00:00,Goalkeeper,Goalkeeper,right,191.0,2027-06-30 00:00:00,1863,https://img.a.transfermarkt.technology/portrait/header/74960-1700237195.jpg?lm=1,60.0,0.0,,https://www.transfermarkt.co.uk/martin-dubravka/profil/spieler/74960,GB1,Burnley FC,500000.0,7500000.0,2023,Martin Dúbravka,ENG-Premier League,2324,Newcastle,Martin Dúbravka,SVK,GK,34,1989,23,22,1985,22.1,42,1.9,129,87,67.4,9,4,9,5,22.7,5,4,1,0,20.0,34.92402464065709,1289.0
75458,2023-12-19,1500000,Aston Villa,405,GB1,Robin,Olsen,Robin Olsen,2025,496,robin-olsen,Sweden,Malmö  ,Sweden,1990-01-08 00:00:00,Goalkeeper,Goalkeeper,right,196.0,2029-12-31 00:00:00,,https://img.a.transfermarkt.technology/portrait/header/75458-1697721104.jpg?lm=1,79.0,0.0,,https://www.transfermarkt.co.uk/robin-olsen/profil/spieler/75458,SE1,Malmö Fotbollförening,600000.0,10000000.0,2023,Robin Olsen,ENG-Premier League,2324,Aston Villa,Robin Olsen,SWE,GK,33,1990,5,4,405,4.5,13,2.89,33,20,60.6,1,0,3,0,0.0,1,0,1,0,100.0,33.94387405886379,2204.0
77757,2023-12-19,2800000,Luton Town,1031,GB1,Thomas,Kaminski,Thomas Kaminski,2023,1031,thomas-kaminski,Belgium,Dendermonde  ,Belgium,1992-10-23 00:00:00,Goalkeeper,Goalkeeper,,190.0,,SEG,https://img.a.transfermarkt.technology/portrait/header/77757-1546948273.jpg?lm=1,,,,https://www.transfermarkt.co.uk/thomas-kaminski/profil/spieler/77757,GB1,Luton Town,3000000.0,3000000.0,2023,Thomas Kaminski,ENG-Premier League,2324,Luton Town,Thomas Kaminski,BEL,GK,30,1992,38,38,3405,37.8,85,2.25,229,144,62.9,6,8,24,2,5.3,4,4,0,0,0.0,31.15400410677618,0.0
78570,2023-12-19,1500000,Union Saint-Gilloise,3948,BE1,Anthony,Moris,Anthony Moris,2025,6070,anthony-moris,Belgium,Arlon  ,Luxembourg,1990-04-29 00:00:00,Goalkeeper,Goalkeeper,left,186.0,2027-06-30 00:00:00,Soccerprod,https://img.a.transfermarkt.technology/portrait/header/78570-1714467075.png?lm=1,82.0,0.0,,https://www.transfermarkt.co.uk/anthony-moris/profil/spieler/78570,SA1,Al-Khaleej Club (Saihat),1200000.0,2000000.0,2023,Anthony Lopes,FRA-Ligue 1,2324,Lyon,Anthony Lopes,POR,GK,32,1990,31,31,2790,31.0,49,1.58,154,109,68.2,16,4,11,8,25.8,6,4,1,1,20.0,33.63997262149213,1289.0
85864,2023-12-19,1000000,Newcastle United,762,GB1,Loris,Karius,Loris Karius,2023,762,loris-karius,Germany,Biberach an der Riß  ,Germany,1993-06-22 00:00:00,Goalkeeper,Goalkeeper,right,191.0,,ROGON,https://img.a.transfermarkt.technology/portrait/header/85864-1674210397.jpg?lm=1,,,,https://www.transfermarkt.co.uk/loris-karius/profil/spieler/85864,GB1,Newcastle United,1000000.0,12000000.0,2023,Loris Karius,ENG-Premier League,2324,Newcastle,Loris Karius,GER,GK,30,1993,1,1,90,1.0,4,4.0,8,4,50.0,0,0,1,0,0.0,0,0,0,0,,30.491444216290212,0.0
85941,2023-12-19,9000000,Manchester City,281,GB1,Stefan,Ortega,Stefan Ortega,2025,281,stefan-ortega,Germany,Hofgeismar  ,Germany,1992-11-06 00:00:00,Goalkeeper,Goalkeeper,right,185.0,,,https://img.a.transfermarkt.technology/portrait/header/85941-1668065114.jpg?lm=1,0.0,0.0,,https://www.transfermarkt.co.uk/stefan-ortega/profil/spieler/85941,GB1,Manchester City,4000000.0,9000000.0,2023,Stefan Ortega,ENG-Premier League,2324,Manchester City,Stefan Ortega,GER,GK,30,1992,9,5,635,7.1,7,0.99,27,20,74.1,4,1,0,3,60.0,0,0,0,0,,31.11567419575633,0.0
91340,2023-12-19,200000,Luton Town,1031,GB1,James,Shea,James Shea,2023,1031,james-shea,England,London  ,England,1991-06-16 00:00:00,Goalkeeper,Goalkeeper,,185.0,2025-06-30 00:00:00,World in Motion,https://img.a.transfermarkt.technology/portrait/header/s_91340_25745_2013_11_07_1.jpg?lm=1,,,,https://www.transfermarkt.co.uk/james-shea/profil/spieler/91340,GB1,Luton Town,200000.0,300000.0,2023,James Shea,ENG-Premier League,2324,Luton Town,James Shea,ENG,GK,32,1991,1,0,15,0.2,0,0.0,2,2,100.0,0,0,0,0,,0,0,0,0,,32.50924024640657,559.0
105470,2023-12-19,32000000,Liverpool FC,31,GB1,,Alisson,Alisson,2025,31,alisson,Brazil,Novo Hamburgo  ,Brazil,1992-10-02 00:00:00,Goalkeeper,Goalkeeper,right,193.0,2027-06-30 00:00:00,,https://img.a.transfermarkt.technology/portrait/header/105470-1780389358.jpg?lm=1,83.0,0.0,,https://www.transfermarkt.co.uk/alisson/profil/spieler/105470,GB1,Liverpool FC,15000000.0,90000000.0,2023,Alisson,ENG-Premier League,2324,Liverpool,Alisson,BRA,GK,30,1992,28,28,2520,28.0,30,1.07,112,82,73.2,16,8,4,7,25.0,1,1,0,0,0.0,31.211498973305954,1289.0
110864,2023-12-19,12000000,Crystal Palace,873,GB1,Sam,Johnstone,Sam Johnstone,2025,543,sam-johnstone,England,Preston  ,England,1993-03-25 00:00:00,Goalkeeper,Goalkeeper,right,193.0,2028-06-30 00:00:00,Unique Sports Group,https://img.a.transfermarkt.technology/portrait/header/110864-1672915792.jpg?lm=1,4.0,0.0,,https://www.transfermarkt.co.uk/sam-johnstone/profil/spieler/110864,GB1,Wolverhampton Wanderers,2000000.0,12000000.0,2023,Sam Johnstone,ENG-Premier League,2324,Crystal Palace,Sam Johnstone,ENG,GK,30,1993,20,20,1796,20.0,27,1.35,68,41,60.3,5,6,9,6,30.0,2,2,0,0,0.0,30.73511293634497,1655.0
111819,2023-12-19,2500000,AFC Bournemouth,989,GB1,,Neto,Neto,2025,537,neto,Brazil,Araxá  ,Brazil,1989-07-19 00:00:00,Goalkeeper,Goalkeeper,right,190.0,2027-06-30 00:00:00,Bertolucci Sports,https://img.a.transfermarkt.technology/portrait/header/111819-1725051877.jpg?lm=1,1.0,0.0,,https://www.transfermarkt.co.uk/neto/profil/spieler/111819,BRA1,S. A. F. Botafogo,900000.0,18000000.0,2023,Neto,ENG-Premier League,2324,Bournemouth,Neto,BRA,GK,34,1989,32,32,2880,32.0,55,1.72,167,112,67.1,10,9,13,7,21.9,6,5,1,0,16.7,34.417522245037645,1289.0
111873,2023-12-19,28000000,Aston Villa,405,GB1,Emiliano,Martínez,Emiliano Martínez,2025,405,emiliano-martinez,Argentina,Mar del Plata  ,Argentina,1992-09-02 00:00:00,Goalkeeper,Goalkeeper,right,195.0,2029-06-30 00:00:00,Universal Twenty Two,https://img.a.transfermarkt.technology/portrait/header/111873-1668180824.jpg?lm=1,64.0,0.0,,https://www.transfermarkt.co.uk/emiliano-martinez/profil/spieler/111873,GB1,Aston Villa,12000000.0,35000000.0,2023,Emiliano Martínez,ENG-Premier League,2324,Aston Villa,Emiliano Martínez,ARG,GK,30,1992,34,34,3015,33.5,48,1.43,143,95,66.4,19,8,7,7,20.6,1,1,0,0,0.0,31.293634496919918,2020.0
120629,2023-12-19,10000000,West Ham United,379,GB1,Alphonse,Areola,Alphonse Areola,2025,379,alphonse-areola,France,Paris  ,France,1993-02-27 00:00:00,Goalkeeper,Goalkeeper,right,195.0,2027-06-30 00:00:00,Rafaela Pimenta,https://img.a.transfermarkt.technology/portrait/header/120629-1663243036.jpg?lm=1,5.0,0.0,,https://www.transfermarkt.co.uk/alphonse-areola/profil/spieler/120629,GB1,West Ham United,4000000.0,17500000.0,2023,Alphonse Areola,ENG-Premier League,2324,West Ham,Alphonse Areola,FRA,GK,30,1993,31,31,2699,30.0,53,1.77,189,136,72.0,11,9,11,4,12.9,7,5,2,0,28.6,30.806297056810404,1289.0
124419,2023-12-19,10000000,Nottingham Forest,703,GB1,Odysseas,Vlachodimos,Odysseas Vlachodimos,2025,368,odysseas-vlachodimos,Germany,Stuttgart  ,Greece,1994-04-26 00:00:00,Goalkeeper,Goalkeeper,right,191.0,2027-06-30 00:00:00,fair-sport GmbH,https://img.a.transfermarkt.technology/portrait/header/124419-1706829687.jpg?lm=1,53.0,0.0,,https://www.transfermarkt.co.uk/odysseas-vlachodimos/profil/spieler/124419,ES1,Sevilla FC,3000000.0,18000000.0,2023,Odysseas Vlachodimos,ENG-Premier League,2324,Nottingham,Odysseas Vlachodimos,GRE,GK,29,1994,5,5,450,5.0,12,2.4,22,10,45.5,1,0,4,1,20.0,1,1,0,0,0.0,29.648186173853524,1289.0
125714,2023-12-19,12000000,Brentford FC,1148,GB1,Mark,Flekken,Mark Flekken,2025,15,mark-flekken,Netherlands,Bocholtz   ,Netherlands,1993-06-13 00:00:00,Goalkeeper,Goalkeeper,both,195.0,2028-06-30 00:00:00,SEG,https://img.a.transfermarkt.technology/portrait/header/125714-1758704276.jpg?lm=1,12.0,0.0,,https://www.transfermarkt.co.uk/mark-flekken/profil/spieler/125714,L1,Bayer 04 Leverkusen,6000000.0,12000000.0,2023,Mark Flekken,ENG-Premier League,2324,Brentford,Mark Flekken,NED,GK,30,1993,37,37,3285,36.5,63,1.73,178,115,64.6,10,9,18,7,18.9,2,2,0,0,0.0,30.5160848733744,1655.0
129585,2023-12-19,400000,RWD Molenbeek,54189,BE1,Guillaume,Hubert,Guillaume Hubert,2023,54189,guillaume-hubert,Belgium,Charleroi  ,Belgium,1994-01-11 00:00:00,Goalkeeper,Goalkeeper,right,198.0,2026-06-30 00:00:00,Agence 442,https://img.a.transfermarkt.technology/portrait/header/129585-1709822951.png?lm=1,,,,https://www.transfermarkt.co.uk/guillaume-hubert/profil/spieler/129585,BE1,RWD Molenbeek,400000.0,2000000.0,2023,Guillaume Restes,FRA-Ligue 1,2324,Toulouse,Guillaume Restes,FRA,GK,18,2005,34,34,3060,34.0,46,1.35,142,96,67.6,11,10,13,6,17.6,4,4,0,0,0.0,29.935660506502394,924.0
130164,2023-12-19,22000000,Everton FC,29,GB1,Jordan,Pickford,Jordan Pickford,2025,29,jordan-pickford,England,Washington  ,England,1994-03-07 00:00:00,Goalkeeper,Goalkeeper,left,185.0,2029-06-30 00:00:00,CAA Stellar,https://img.a.transfermarkt.technology/portrait/header/130164-1668499964.jpg?lm=1,89.0,0.0,,https://www.transfermarkt.co.uk/jordan-pickford/profil/spieler/130164,GB1,Everton FC,13000000.0,40000000.0,2023,Jordan Pickford,ENG-Premier League,2324,Everton,Jordan Pickford,ENG,GK,29,1994,38,38,3420,38.0,51,1.34,172,121,70.3,13,9,16,10,26.3,8,8,0,0,0.0,29.78507871321013,2020.0
136401,2023-12-19,2000000,Wolverhampton Wanderers,543,GB1,Daniel,Bentley,Daniel Bentley,2025,543,daniel-bentley,England,Basildon  ,England,1993-07-13 00:00:00,Goalkeeper,Goalkeeper,,193.0,2027-06-30 00:00:00,Unique Sports Group,https://img.a.transfermarkt.technology/portrait/header/136401-1700737411.jpg?lm=1,,,,https://www.transfermarkt.co.uk/daniel-bentley/profil/spieler/136401,GB1,Wolverhampton Wanderers,800000.0,4000000.0,2023,Daniel Bentley,ENG-Premier League,2324,Wolves,Daniel Bentley,ENG,GK,30,1993,5,3,383,4.3,7,1.64,15,8,53.3,1,0,2,1,33.3,0,0,0,0,,30.43394934976044,1289.0
192080,2023-12-19,20000000,Newcastle United,762,GB1,Nick,Pope,Nick Pope,2025,762,nick-pope,England,Soham  ,England,1992-04-19 00:00:00,Goalkeeper,Goalkeeper,right,198.0,2027-06-30 00:00:00,CAA Stellar,https://img.a.transfermarkt.technology/portrait/header/192080-1663841362.jpg?lm=1,10.0,0.0,,https://www.transfermarkt.co.uk/nick-pope/profil/spieler/192080,GB1,Newcastle United,5000000.0,20000000.0,2023,Nick Pope,ENG-Premier League,2324,Newcastle,Nick Pope,ENG,GK,31,1992,15,15,1345,14.9,16,1.07,59,43,72.9,9,2,4,6,40.0,0,0,0,0,,31.665982203969882,1289.0
196722,2023-12-19,500000,Crystal Palace,873,GB1,Remi,Matthews,Remi Matthews,2025,873,remi-matthews,England,Gorleston  ,England,1994-02-10 00:00:00,Goalkeeper,Goalkeeper,right,183.0,2027-06-30 00:00:00,Two Touch Agency,https://img.a.transfermarkt.technology/portrait/header/196722-1669021601.jpg?lm=1,,,,https://www.transfermarkt.co.uk/remi-matthews/profil/spieler/196722,GB1,Crystal Palace,200000.0,500000.0,2023,Remi Matthews,ENG-Premier League,2324,Crystal Palace,Remi Matthews,ENG,GK,29,1994,1,0,4,0.0,1,22.5,1,0,0.0,0,0,0,0,,0,0,0,0,,29.853524982888434,1289.0
222209,2023-12-19,3000000,Brentford FC,1148,GB1,Thomas,Strakosha,Thomas Strakosha,2025,2441,thomas-strakosha,Greece,Athens  ,Albania,1995-03-19 00:00:00,Goalkeeper,Goalkeeper,right,193.0,2029-06-30 00:00:00,,https://img.a.transfermarkt.technology/portrait/header/222209-1754428551.png?lm=1,47.0,0.0,,https://www.transfermarkt.co.uk/thomas-strakosha/profil/spieler/222209,GR1,Athlitiki Enosi Konstantinoupoleos,3000000.0,25000000.0,2023,Thomas Strakosha,ENG-Premier League,2324,Brentford,Thomas Strakosha,ALB,GK,28,1995,2,1,135,1.5,2,1.33,8,6,75.0,0,0,1,0,0.0,0,0,0,0,,28.752908966461327,2020.0
234509,2023-12-19,40000000,Manchester United,985,GB1,André,Onana,André Onana,2025,449,andre-onana,Cameroon,Nkol Ngok  ,Cameroon,1996-04-02 00:00:00,Goalkeeper,Goalkeeper,right,190.0,2027-06-30 00:00:00,LIAN Sports Group,https://img.a.transfermarkt.technology/portrait/header/234509-1769612568.jpg?lm=1,53.0,0.0,,https://www.transfermarkt.co.uk/andre-onana/profil/spieler/234509,TR1,Trabzonspor,10000000.0,45000000.0,2023,André Onana,ENG-Premier League,2324,Manchester Utd,André Onana,CMR,GK,27,1996,38,38,3420,38.0,58,1.53,200,148,71.0,18,6,14,9,23.7,7,7,0,0,0.0,27.71252566735113,1289.0
249994,2023-12-19,16000000,Wolverhampton Wanderers,543,GB1,José,Sá,José Sá,2025,543,jose-sa,Portugal,Braga  ,Portugal,1993-01-17 00:00:00,Goalkeeper,Goalkeeper,right,192.0,2027-06-30 00:00:00,Gestifute,https://img.a.transfermarkt.technology/portrait/header/249994-1696600015.jpg?lm=1,5.0,0.0,,https://www.transfermarkt.co.uk/jose-sa/profil/spieler/249994,GB1,Wolverhampton Wanderers,3500000.0,18000000.0,2023,José Sá,ENG-Premier League,2324,Wolves,José Sá,POR,GK,30,1993,35,35,3037,33.7,58,1.72,192,134,69.8,12,7,16,4,11.4,8,8,0,0,0.0,30.91854893908282,1289.0
258919,2023-12-19,12000000,Crystal Palace,873,GB1,Dean,Henderson,Dean Henderson,2025,873,dean-henderson,England,Whitehaven  ,England,1997-03-12 00:00:00,Goalkeeper,Goalkeeper,right,188.0,2028-06-30 00:00:00,Unique Sports Group,https://img.a.transfermarkt.technology/portrait/header/258919-1716297478.jpg?lm=1,5.0,0.0,,https://www.transfermarkt.co.uk/dean-henderson/profil/spieler/258919,GB1,Crystal Palace,28000000.0,28000000.0,2023,Dean Henderson,ENG-Premier League,2324,Crystal Palace,Dean Henderson,ENG,GK,26,1997,18,18,1620,18.0,30,1.67,87,57,65.5,8,4,6,2,11.1,1,1,0,0,0.0,26.770704996577688,1655.0
262749,2023-12-19,35000000,Arsenal FC,11,GB1,David,Raya,David Raya,2025,11,david-raya,Spain,Barcelona  ,Spain,1995-09-15 00:00:00,Goalkeeper,Goalkeeper,right,186.0,2028-06-30 00:00:00,FUTBOL21 AGENCY,https://img.a.transfermarkt.technology/portrait/header/262749-1780663789.jpg?lm=1,13.0,0.0,,https://www.transfermarkt.co.uk/david-raya/profil/spieler/262749,GB1,Arsenal FC,30000000.0,40000000.0,2023,David Raya,ENG-Premier League,2324,Arsenal,David Raya,ESP,GK,27,1995,32,32,2880,32.0,24,0.75,69,45,65.2,23,4,5,14,43.8,3,2,1,0,33.3,28.26009582477755,1655.0
275218,2023-12-19,6000000,CA San Lorenzo de Almagro,1775,ARG1,Augusto,Batalla,Augusto Batalla,2025,367,augusto-batalla,Argentina,Hurlingham  ,Argentina,1996-04-30 00:00:00,Goalkeeper,Goalkeeper,right,185.0,2030-06-30 00:00:00,Hernan Berman,https://img.a.transfermarkt.technology/portrait/header/275218-1775761484.jpg?lm=1,13.0,0.0,,https://www.transfermarkt.co.uk/augusto-batalla/profil/spieler/275218,ES1,Rayo Vallecano,6000000.0,6000000.0,2023,Augusto Batalla,ESP-La Liga,2324,Granada,Augusto Batalla,ARG,GK,27,1996,17,17,1530,17.0,28,1.65,87,59,67.8,3,4,10,3,17.6,0,0,0,0,,27.63586584531143,2385.0
286047,2023-12-19,30000000,Tottenham Hotspur,148,GB1,Guglielmo,Vicario,Guglielmo Vicario,2025,148,guglielmo-vicario,Italy,Udine  ,Italy,1996-10-07 00:00:00,Goalkeeper,Goalkeeper,right,194.0,2028-06-30 00:00:00,THE·TEAM,https://img.a.transfermarkt.technology/portrait/header/286047-1725874745.jpg?lm=1,5.0,0.0,,https://www.transfermarkt.co.uk/guglielmo-vicario/profil/spieler/286047,GB1,Tottenham Hotspur,18000000.0,35000000.0,2023,Guglielmo Vicario,ENG-Premier League,2324,Tottenham,Guglielmo Vicario,ITA,GK,26,1996,38,38,3420,38.0,61,1.61,171,110,64.3,20,6,12,6,15.8,7,7,0,0,0.0,27.197809719370294,1655.0
303657,2023-12-19,3000000,AFC Bournemouth,989,GB1,Ionuț,Radu,Ionuț Radu,2025,940,ionut-radu,Romania,Bucharest  ,Romania,1997-05-28 00:00:00,Goalkeeper,Goalkeeper,right,188.0,2029-06-30 00:00:00,,https://img.a.transfermarkt.technology/portrait/header/303657-1699432718.jpg?lm=1,9.0,0.0,,https://www.transfermarkt.co.uk/ionut-radu/profil/spieler/303657,ES1,Celta de Vigo,9000000.0,15000000.0,2023,Ionuț Radu,ENG-Premier League,2324,Bournemouth,Ionuț Radu,ROU,GK,26,1997,2,2,180,2.0,7,3.5,12,5,41.7,1,0,1,0,0.0,0,0,0,0,,26.559890485968516,2020.0
340918,2023-12-19,15000000,Liverpool FC,31,GB1,Caoimhín,Kelleher,Caoimhín Kelleher,2025,1148,caoimhin-kelleher,Ireland,Cork  ,Ireland,1998-11-23 00:00:00,Goalkeeper,Goalkeeper,right,188.0,2030-06-30 00:00:00,ROOF,https://img.a.transfermarkt.technology/portrait/header/340918-1708933663.jpg?lm=1,32.0,0.0,,https://www.transfermarkt.co.uk/caoimhin-kelleher/profil/spieler/340918,GB1,Brentford FC,28000000.0,28000000.0,2023,Caoimhín Kelleher,ENG-Premier League,2324,Liverpool,Caoimhín Kelleher,IRL,GK,24,1998,10,10,900,10.0,11,1.1,39,28,71.8,8,2,0,2,20.0,0,0,0,0,,25.07049965776865,2385.0
357658,2023-12-19,3500000,AFC Bournemouth,989,GB1,Mark,Travers,Mark Travers,2025,29,mark-travers,Ireland,Maynooth  ,Ireland,1999-05-18 00:00:00,Goalkeeper,Goalkeeper,right,191.0,2029-06-30 00:00:00,Unique Sports Group,https://img.a.transfermarkt.technology/portrait/header/357658-1702296610.jpg?lm=1,6.0,0.0,,https://www.transfermarkt.co.uk/mark-travers/profil/spieler/357658,GB1,Everton FC,3000000.0,4000000.0,2023,Mark Travers,ENG-Premier League,2324,Bournemouth,Mark Travers,IRL,GK,24,1999,4,4,360,4.0,5,1.25,18,13,72.2,2,0,2,1,25.0,1,1,0,0,0.0,24.588637919233403,2020.0
371021,2023-12-19,7000000,Burnley FC,1132,GB1,Arijanet,Murić,Arijanet Murić,2025,6574,arijanet-muric,Switzerland,Schlieren  ,Kosovo,1998-11-07 00:00:00,Goalkeeper,Goalkeeper,right,198.0,,11WINS,https://img.a.transfermarkt.technology/portrait/header/371021-1685718424.jpg?lm=1,51.0,0.0,,https://www.transfermarkt.co.uk/arijanet-muric/profil/spieler/371021,IT1,US Sassuolo,7500000.0,12000000.0,2023,Arijanet Muric,ENG-Premier League,2324,Burnley,Arijanet Muric,KVX,GK,24,1998,10,10,900,10.0,16,1.6,79,63,79.7,2,4,4,0,0.0,2,1,1,0,50.0,25.114305270362767,0.0
403151,2023-12-19,30000000,Chelsea FC,631,GB1,Robert,Sánchez,Robert Sánchez,2025,631,robert-sanchez,Spain,Cartagena  ,Spain,1997-11-18 00:00:00,Goalkeeper,Goalkeeper,right,197.0,2030-06-30 00:00:00,CAA Stellar,https://img.a.transfermarkt.technology/portrait/header/403151-1695028195.jpg?lm=1,3.0,0.0,,https://www.transfermarkt.co.uk/robert-sanchez/profil/spieler/403151,GB1,Chelsea FC,22000000.0,32000000.0,2023,Robert Sánchez,ENG-Premier League,2324,Chelsea,Robert Sánchez,ESP,GK,25,1997,16,16,1433,15.9,25,1.57,77,52,67.5,5,4,7,3,18.8,3,2,1,0,33.3,26.083504449007528,2385.0
425306,2023-12-19,10000000,Nottingham Forest,703,GB1,Matt,Turner,Matt Turner,2025,626,matt-turner,United States,"Park Ridge, New Jersey  ",United States,1994-06-24 00:00:00,Goalkeeper,Goalkeeper,right,190.0,2026-06-30 00:00:00,THE·TEAM,https://img.a.transfermarkt.technology/portrait/header/425306-1771708610.jpg?lm=1,54.0,0.0,3505.0,https://www.transfermarkt.co.uk/matt-turner/profil/spieler/425306,MLS1,New England Revolution,2500000.0,10000000.0,2023,Matt Turner,ENG-Premier League,2324,Nottingham,Matt Turner,USA,GK,29,1994,17,17,1530,17.0,28,1.65,83,55,66.3,4,5,8,2,11.8,2,2,0,0,0.0,29.48665297741273,924.0
427568,2023-12-19,28000000,Arsenal FC,11,GB1,Aaron,Ramsdale,Aaron Ramsdale,2025,762,aaron-ramsdale,England,Stoke-on-Trent  ,England,1998-05-14 00:00:00,Goalkeeper,Goalkeeper,right,190.0,2028-06-30 00:00:00,World in Motion,https://img.a.transfermarkt.technology/portrait/header/427568-1681828000.jpg?lm=1,5.0,0.0,,https://www.transfermarkt.co.uk/aaron-ramsdale/profil/spieler/427568,GB1,Newcastle United,12000000.0,40000000.0,2023,Aaron Ramsdale,ENG-Premier League,2324,Arsenal,Aaron Ramsdale,ENG,GK,25,1998,6,6,540,6.0,5,0.83,14,9,64.3,5,1,0,2,33.3,0,0,0,0,,25.598904859685145,1655.0
565093,2023-12-19,15000000,Brighton & Hove Albion,1237,GB1,Bart,Verbruggen,Bart Verbruggen,2025,1237,bart-verbruggen,Netherlands,Zwolle  ,Netherlands,2002-08-18 00:00:00,Goalkeeper,Goalkeeper,right,193.0,2028-06-30 00:00:00,Stirr Associates,https://img.a.transfermarkt.technology/portrait/header/565093-1716990260.jpg?lm=1,33.0,0.0,,https://www.transfermarkt.co.uk/bart-verbruggen/profil/spieler/565093,GB1,Brighton & Hove Albion,40000000.0,40000000.0,2023,Bart Verbruggen,ENG-Premier League,2324,Brighton,Bart Verbruggen,NED,GK,20,2002,21,21,1890,21.0,28,1.33,93,65,69.9,7,8,6,4,19.0,3,3,0,0,0.0,21.336071184120467,1655.0
566799,2023-12-19,15000000,Burnley FC,1132,GB1,James,Trafford,James Trafford,2025,281,james-trafford,England,Greysouthen  ,England,2002-10-10 00:00:00,Goalkeeper,Goalkeeper,right,192.0,2030-06-30 00:00:00,,https://img.a.transfermarkt.technology/portrait/header/566799-1689876147.jpg?lm=1,2.0,0.0,,https://www.transfermarkt.co.uk/james-trafford/profil/spieler/566799,GB1,Manchester City,25000000.0,30000000.0,2023,James Trafford,ENG-Premier League,2324,Burnley,James Trafford,ENG,GK,20,2002,28,28,2520,28.0,62,2.21,168,106,63.1,3,5,20,2,7.1,5,5,0,0,0.0,21.190965092402465,2385.0
12907,2023-12-20,2500000,US Sassuolo,6574,IT1,Alessio,Cragno,Alessio Cragno,2023,6574,alessio-cragno,Italy,Fiesole  ,Italy,1994-06-28 00:00:00,Goalkeeper,Goalkeeper,right,184.0,2025-06-30 00:00:00,GB1,https://img.a.transfermarkt.technology/portrait/header/12907-1663659430.jpg?lm=1,,,,https://www.transfermarkt.co.uk/alessio-cragno/profil/spieler/12907,IT1,US Sassuolo,1500000.0,20000000.0,2023,Alessio Cragno,ITA-Serie A,2324,Sassuolo,Alessio Cragno,ITA,GK,29,1994,3,3,270,3.0,7,2.33,15,8,53.3,1,1,1,0,0.0,1,1,0,0,0.0,29.478439425051334,558.0
22141,2023-12-20,100000,AC Milan,5,IT1,Antonio,Mirante,Antonio Mirante,2023,5,antonio-mirante,Italy,Castellammare di Stabia  ,Italy,1983-07-08 00:00:00,Goalkeeper,Goalkeeper,right,193.0,,GG11,https://img.a.transfermarkt.technology/portrait/header/22141-1663574908.jpg?lm=1,,,,https://www.transfermarkt.co.uk/antonio-mirante/profil/spieler/22141,IT1,AC Milan,100000.0,6000000.0,2023,Antonio Mirante,ITA-Serie A,2324,Milan,Antonio Mirante,ITA,GK,40,1983,2,2,177,2.0,3,1.53,8,5,62.5,0,1,1,0,0.0,0,0,0,0,,40.4517453798768,0.0
22628,2023-12-20,800000,US Salernitana 1919,380,IT1,Benoît,Costil,Benoît Costil,2023,380,benoit-costil,France,Caen  ,France,1987-07-03 00:00:00,Goalkeeper,Goalkeeper,right,188.0,,SVF FOOT,https://img.a.transfermarkt.technology/portrait/header/22628-1676903501.jpg?lm=1,,,,https://www.transfermarkt.co.uk/benoit-costil/profil/spieler/22628,IT1,US Salernitana 1919,600000.0,8000000.0,2023,Benoît Costil,ITA-Serie A,2324,Salernitana,Benoît Costil,FRA,GK,36,1987,13,13,1170,13.0,29,2.23,68,39,57.4,2,3,8,1,7.7,3,3,0,0,0.0,36.46543463381246,0.0
29559,2023-12-20,1500000,US Salernitana 1919,380,IT1,Guillermo,Ochoa,Guillermo Ochoa,2025,786,guillermo-ochoa,Mexico,Guadalajara  ,Mexico,1985-07-13 00:00:00,Goalkeeper,Goalkeeper,right,185.0,2026-05-31 00:00:00,HIJAR,https://img.a.transfermarkt.technology/portrait/header/29559-1668452843.jpg?lm=1,153.0,0.0,6303.0,https://www.transfermarkt.co.uk/guillermo-ochoa/profil/spieler/29559,,,250000.0,8000000.0,2023,Guillermo Ochoa,ITA-Serie A,2324,Salernitana,Guillermo Ochoa,MEX,GK,38,1985,21,21,1890,21.0,44,2.1,112,74,60.7,0,6,15,1,4.8,7,7,0,0,0.0,38.43668720054757,893.0
35865,2023-12-20,1000000,US Sassuolo,6574,IT1,Andrea,Consigli,Andrea Consigli,2023,6574,andrea-consigli,Italy,Milano  ,Italy,1987-01-27 00:00:00,Goalkeeper,Goalkeeper,right,189.0,2025-06-30 00:00:00,,https://img.a.transfermarkt.technology/portrait/header/35865-1595849608.jpg?lm=1,,,,https://www.transfermarkt.co.uk/andrea-consigli/profil/spieler/35865,IT1,US Sassuolo,800000.0,8000000.0,2023,Andrea Consigli,ITA-Serie A,2324,Sassuolo,Andrea Consigli,ITA,GK,36,1987,35,35,3150,35.0,68,1.94,163,95,58.3,6,8,21,2,5.7,10,7,1,2,12.5,36.8952772073922,558.0
41912,2023-12-20,75000,Cagliari Calcio,1390,IT1,Simone,Aresti,Simone Aresti,2023,1390,simone-aresti,Italy,Carbonia  ,Italy,1986-03-15 00:00:00,Goalkeeper,Goalkeeper,right,187.0,,Andrea Cattoli,https://img.a.transfermarkt.technology/portrait/header/41912-1598859995.jpg?lm=1,,,,https://www.transfermarkt.co.uk/simone-aresti/profil/spieler/41912,IT1,Cagliari Calcio,75000.0,350000.0,2023,Simone Aresti,ITA-Serie A,2324,Cagliari,Simone Aresti,ITA,GK,37,1986,1,0,1,0.0,1,90.0,1,0,0.0,0,0,0,0,,1,1,0,0,0.0,37.765913757700204,0.0
42205,2023-12-20,5000000,Inter Milan,46,IT1,Yann,Sommer,Yann Sommer,2025,46,yann-sommer,Switzerland,Morges  ,Switzerland,1988-12-17 00:00:00,Goalkeeper,Goalkeeper,right,183.0,,,https://img.a.transfermarkt.technology/portrait/header/42205-1669897427.jpg?lm=1,94.0,0.0,,https://www.transfermarkt.co.uk/yann-sommer/profil/spieler/42205,IT1,Inter Milan,2000000.0,13000000.0,2023,Yann Sommer,ITA-Serie A,2324,Inter,Yann Sommer,SUI,GK,34,1988,34,34,3060,34.0,19,0.56,98,79,80.6,27,6,1,17,50.0,4,2,1,1,33.3,35.006160164271044,0.0
44058,2023-12-20,8000000,Juventus FC,506,IT1,Wojciech,Szczesny,Wojciech Szczesny,2025,131,wojciech-szczesny,Poland,Warszawa  ,Poland,1990-04-18 00:00:00,Goalkeeper,Goalkeeper,right,195.0,2027-06-30 00:00:00,CAA Stellar,https://img.a.transfermarkt.technology/portrait/header/44058-1744278078.jpg?lm=1,84.0,0.0,,https://www.transfermarkt.co.uk/wojciech-szczesny/profil/spieler/44058,ES1,FC Barcelona,800000.0,40000000.0,2023,Wojciech Szczęsny,ITA-Serie A,2324,Juventus,Wojciech Szczęsny,POL,GK,33,1990,35,35,3150,35.0,30,0.86,111,81,73.0,17,13,5,14,40.0,3,2,1,0,33.3,33.672826830937716,1288.0
45026,2023-12-20,3500000,AS Roma,12,IT1,Rui,Patrício,Rui Patrício,2024,800,rui-patricio,Portugal,Leiria  ,Portugal,1988-02-15 00:00:00,Goalkeeper,Goalkeeper,left,190.0,,Gestifute,https://img.a.transfermarkt.technology/portrait/header/45026-1716296132.jpg?lm=1,108.0,0.0,,https://www.transfermarkt.co.uk/rui-patricio/profil/spieler/45026,IT1,Atalanta BC,600000.0,20000000.0,2023,Rui Patrício,ITA-Serie A,2324,Roma,Rui Patrício,POR,GK,35,1988,23,23,2070,23.0,27,1.17,76,49,64.5,11,5,7,6,26.1,3,2,0,1,0.0,35.84394250513347,0.0
55000,2023-12-20,200000,US Salernitana 1919,380,IT1,Vincenzo,Fiorillo,Vincenzo Fiorillo,2023,380,vincenzo-fiorillo,Italy,Genova  ,Italy,1990-01-13 00:00:00,Goalkeeper,Goalkeeper,left,190.0,2025-06-30 00:00:00,Tecasport,https://img.a.transfermarkt.technology/portrait/header/55000-1630589864.jpg?lm=1,,,,https://www.transfermarkt.co.uk/vincenzo-fiorillo/profil/spieler/55000,IT1,US Salernitana 1919,150000.0,800000.0,2023,Vincenzo Fiorillo,ITA-Serie A,2324,Salernitana,Vincenzo Fiorillo,ITA,GK,33,1990,4,4,360,4.0,8,2.0,26,18,69.2,0,2,2,0,0.0,0,0,0,0,,33.93292265571527,558.0
70580,2023-12-20,350000,Inter Milan,46,IT1,Raffaele,Di Gennaro,Raffaele Di Gennaro,2025,46,raffaele-di-gennaro,Italy,Saronno  ,Italy,1993-10-03 00:00:00,Goalkeeper,Goalkeeper,right,188.0,,,https://img.a.transfermarkt.technology/portrait/header/70580-1692961707.jpg?lm=1,3.0,0.0,,https://www.transfermarkt.co.uk/raffaele-di-gennaro/profil/spieler/70580,IT1,Inter Milan,300000.0,3500000.0,2023,Raffaele Di Gennaro,ITA-Serie A,2324,Inter,Raffaele Di Gennaro,ITA,GK,29,1993,1,0,23,0.3,0,0.0,4,4,100.0,0,0,0,0,,0,0,0,0,,30.21218343600274,0.0
75411,2023-12-20,200000,Juventus FC,506,IT1,Carlo,Pinsoglio,Carlo Pinsoglio,2025,506,carlo-pinsoglio,Italy,Moncalieri  ,Italy,1990-03-16 00:00:00,Goalkeeper,Goalkeeper,left,194.0,2027-06-30 00:00:00,Starbridge Srl,https://img.a.transfermarkt.technology/portrait/header/75411-1663577377.jpg?lm=1,9.0,0.0,,https://www.transfermarkt.co.uk/carlo-pinsoglio/profil/spieler/75411,IT1,Juventus FC,200000.0,1000000.0,2023,Carlo Pinsoglio,ITA-Serie A,2324,Juventus,Carlo Pinsoglio,ITA,GK,33,1990,1,0,45,0.5,0,0.0,3,3,100.0,0,0,0,1,,0,0,0,0,,33.76317590691308,1288.0
77825,2023-12-20,500000,FC Empoli,749,IT1,Etrit,Berisha,Etrit Berisha,2025,1109,etrit-berisha,Jugoslawien (SFR),Prishtinë  ,Albania,1989-03-10 00:00:00,Goalkeeper,Goalkeeper,left,195.0,2027-12-31 00:00:00,,https://img.a.transfermarkt.technology/portrait/header/77825-1716969076.jpg?lm=1,80.0,0.0,,https://www.transfermarkt.co.uk/etrit-berisha/profil/spieler/77825,SE1,BK Häcken,200000.0,7000000.0,2023,Etrit Berisha,ITA-Serie A,2324,Empoli,Etrit Berisha,ALB,GK,34,1989,14,14,1260,14.0,25,1.79,74,49,66.2,3,3,8,4,28.6,3,2,1,0,33.3,34.77891854893908,1472.0
85528,2023-12-20,3500000,Udinese Calcio,410,IT1,Marco,Silvestri,Marco Silvestri,2025,2239,marco-silvestri,Italy,Castelnovo ne' Monti  ,Italy,1991-03-02 00:00:00,Goalkeeper,Goalkeeper,right,191.0,,Team Raiola,https://img.a.transfermarkt.technology/portrait/header/85528-1663664993.jpg?lm=1,0.0,0.0,,https://www.transfermarkt.co.uk/marco-silvestri/profil/spieler/85528,IT1,US Cremonese,500000.0,10000000.0,2023,Marco Silvestri,ITA-Serie A,2324,Udinese,Marco Silvestri,ITA,GK,32,1991,17,17,1530,17.0,28,1.65,69,41,59.4,1,11,5,4,23.5,6,6,0,0,0.0,32.80219028062971,0.0
96254,2023-12-20,2500000,ACF Fiorentina,430,IT1,Pietro,Terracciano,Pietro Terracciano,2025,5,pietro-terracciano,Italy,San Felice a Cancello  ,Italy,1990-03-08 00:00:00,Goalkeeper,Goalkeeper,right,193.0,2027-06-30 00:00:00,,https://img.a.transfermarkt.technology/portrait/header/96254-1753403934.jpg?lm=1,,,,https://www.transfermarkt.co.uk/pietro-terracciano/profil/spieler/96254,IT1,AC Milan,900000.0,2500000.0,2023,Pietro Terracciano,ITA-Serie A,2324,Fiorentina,Pietro Terracciano,ITA,GK,33,1990,33,33,2970,33.0,35,1.06,126,91,72.2,15,8,10,8,24.2,7,6,1,0,14.3,33.78507871321013,1288.0
110923,2023-12-20,3000000,Juventus FC,506,IT1,Mattia,Perin,Mattia Perin,2025,506,mattia-perin,Italy,Latina  ,Italy,1992-11-10 00:00:00,Goalkeeper,Goalkeeper,right,188.0,2027-06-30 00:00:00,World Soccer Agency,https://img.a.transfermarkt.technology/portrait/header/110923-1695107834.jpg?lm=1,2.0,0.0,,https://www.transfermarkt.co.uk/mattia-perin/profil/spieler/110923,IT1,Juventus FC,2000000.0,18000000.0,2023,Mattia Perin,ITA-Serie A,2324,Juventus,Mattia Perin,ITA,GK,30,1992,3,3,225,2.5,1,0.4,5,4,80.0,2,1,0,2,66.7,0,0,0,0,,31.107460643394933,1288.0
126634,2023-12-20,100000,Atalanta BC,800,IT1,Francesco,Rossi,Francesco Rossi,2025,800,francesco-rossi,Italy,Merate  ,Italy,1991-04-27 00:00:00,Goalkeeper,Goalkeeper,right,193.0,2027-06-30 00:00:00,,https://img.a.transfermarkt.technology/portrait/header/126634-1757604568.jpg?lm=1,0.0,0.0,,https://www.transfermarkt.co.uk/francesco-rossi/profil/spieler/126634,IT1,Atalanta BC,100000.0,175000.0,2023,Francesco Rossi,ITA-Serie A,2324,Atalanta,Francesco Rossi,ITA,GK,32,1991,1,0,5,0.1,0,0.0,1,1,100.0,0,0,0,1,,0,0,0,0,,32.648870636550306,1288.0
129374,2023-12-20,400000,FC Cartagena,7077,,Marc,Martínez,Marc Martínez,2023,16795,marc-martinez,Spain,Barcelona  ,Spain,1990-04-04 00:00:00,Goalkeeper,Goalkeeper,right,186.0,2025-06-30 00:00:00,JV SPORTS,https://img.a.transfermarkt.technology/portrait/header/default.jpg?lm=1,,,,https://www.transfermarkt.co.uk/marc-martinez/profil/spieler/129374,ES1,Granada CF,300000.0,400000.0,2023,Marc Martínez,ESP-La Liga,2324,Granada,Marc Martínez,ESP,GK,33,1990,3,3,270,3.0,11,3.67,23,12,52.2,0,0,3,0,0.0,2,2,0,0,0.0,33.711156741957566,558.0
136111,2023-12-20,900000,Genoa CFC,252,IT1,Nicola,Leali,Nicola Leali,2025,252,nicola-leali,Italy,Castiglione delle Stiviere  ,Italy,1993-02-17 00:00:00,Goalkeeper,Goalkeeper,right,193.0,,GB1,https://img.a.transfermarkt.technology/portrait/header/136111-1692963337.jpg?lm=1,1.0,0.0,,https://www.transfermarkt.co.uk/nicola-leali/profil/spieler/136111,IT1,Genoa CFC,1000000.0,6000000.0,2023,Nicola Leali,ITA-Serie A,2324,Genoa,Nicola Leali,ITA,GK,30,1993,3,2,176,2.0,2,1.02,9,7,77.8,1,0,1,1,50.0,0,0,0,0,,30.836413415468858,0.0
182906,2023-12-20,45000000,AC Milan,5,IT1,Mike,Maignan,Mike Maignan,2025,5,mike-maignan,French Guiana,Cayenne  ,France,1995-07-03 00:00:00,Goalkeeper,Goalkeeper,right,191.0,2031-06-30 00:00:00,ESN,https://img.a.transfermarkt.technology/portrait/header/182906-1681459155.jpg?lm=1,46.0,0.0,,https://www.transfermarkt.co.uk/mike-maignan/profil/spieler/182906,IT1,AC Milan,20000000.0,45000000.0,2023,Mike Maignan,ITA-Serie A,2324,Milan,Mike Maignan,FRA,GK,28,1995,29,29,2609,29.0,34,1.17,121,87,71.9,19,5,5,11,37.9,7,7,0,0,0.0,28.465434633812457,2749.0
197929,2023-12-20,14000000,SS Lazio,398,IT1,Ivan,Provedel,Ivan Provedel,2025,398,ivan-provedel,Italy,Pordenone  ,Italy,1994-03-17 00:00:00,Goalkeeper,Goalkeeper,right,194.0,2029-06-30 00:00:00,,https://img.a.transfermarkt.technology/portrait/header/197929-1695160944.jpg?lm=1,0.0,0.0,,https://www.transfermarkt.co.uk/ivan-provedel/profil/spieler/197929,IT1,Società Sportiva Lazio S.p.A.,3000000.0,14000000.0,2023,Ivan Provedel,ITA-Serie A,2324,Lazio,Ivan Provedel,ITA,GK,29,1994,30,30,2699,30.0,33,1.1,119,86,72.3,12,6,12,9,30.0,3,2,0,1,0.0,29.760438056125942,2019.0
199976,2023-12-20,1500000,AC Milan,5,IT1,Marco,Sportiello,Marco Sportiello,2025,800,marco-sportiello,Italy,Desio  ,Italy,1992-05-10 00:00:00,Goalkeeper,Goalkeeper,right,192.0,2028-06-30 00:00:00,GR Sports,https://img.a.transfermarkt.technology/portrait/header/199976-1661351013.jpg?lm=1,0.0,0.0,,https://www.transfermarkt.co.uk/marco-sportiello/profil/spieler/199976,IT1,Atalanta BC,800000.0,10000000.0,2023,Marco Sportiello,ITA-Serie A,2324,Milan,Marco Sportiello,ITA,GK,31,1992,7,7,630,7.0,11,1.57,34,23,67.6,3,3,1,1,14.3,1,1,0,0,0.0,31.61122518822724,1654.0
238537,2023-12-20,5000000,US Lecce,1005,IT1,Wladimiro,Falcone,Wladimiro Falcone,2025,1005,wladimiro-falcone,Italy,Roma  ,Italy,1995-04-12 00:00:00,Goalkeeper,Goalkeeper,right,195.0,2028-06-30 00:00:00,LIAN Sports Group,https://img.a.transfermarkt.technology/portrait/header/238537-1693308504.jpg?lm=1,0.0,0.0,,https://www.transfermarkt.co.uk/wladimiro-falcone/profil/spieler/238537,IT1,US Lecce,3500000.0,5000000.0,2023,Wladimiro Falcone,ITA-Serie A,2324,Lecce,Wladimiro Falcone,ITA,GK,28,1995,38,38,3420,38.0,54,1.42,172,121,68.6,8,14,16,5,13.2,6,5,1,0,16.7,28.689938398357288,1654.0
238993,2023-12-20,2000000,Cagliari Calcio,1390,IT1,Simone,Scuffet,Simone Scuffet,2025,4172,simone-scuffet,Italy,Udine  ,Italy,1996-05-31 00:00:00,Goalkeeper,Goalkeeper,right,193.0,2028-06-30 00:00:00,,https://img.a.transfermarkt.technology/portrait/header/238993-1753431413.jpg?lm=1,0.0,0.0,,https://www.transfermarkt.co.uk/simone-scuffet/profil/spieler/238993,IT1,Pisa Sporting Club,900000.0,6000000.0,2023,Simone Scuffet,ITA-Serie A,2324,Cagliari,Simone Scuffet,ITA,GK,27,1996,31,31,2789,31.0,55,1.77,134,79,59.0,8,10,13,3,9.7,3,3,0,0,0.0,27.55373032169747,1654.0
240414,2023-12-20,15000000,SSC Napoli,6195,IT1,Alex,Meret,Alex Meret,2025,6195,alex-meret,Italy,Udine  ,Italy,1997-03-22 00:00:00,Goalkeeper,Goalkeeper,left,190.0,2027-06-30 00:00:00,,https://img.a.transfermarkt.technology/portrait/header/240414-1695025886.jpg?lm=1,3.0,0.0,,https://www.transfermarkt.co.uk/alex-meret/profil/spieler/240414,IT1,SSC Napoli,8000000.0,40000000.0,2023,Alex Meret,ITA-Serie A,2324,Napoli,Alex Meret,ITA,GK,26,1997,31,31,2773,30.8,40,1.3,102,62,60.8,10,13,8,5,16.1,4,2,2,0,50.0,26.746064339493497,1288.0
240675,2023-12-20,200000,Hellas Verona,276,IT1,Simone,Perilli,Simone Perilli,2025,276,simone-perilli,Italy,Roma  ,Italy,1995-01-07 00:00:00,Goalkeeper,Goalkeeper,right,196.0,,,https://img.a.transfermarkt.technology/portrait/header/240675-1659601467.jpg?lm=1,3.0,0.0,,https://www.transfermarkt.co.uk/simone-perilli/profil/spieler/240675,IT1,Hellas Verona,400000.0,400000.0,2023,Simone Perilli,ITA-Serie A,2324,Hellas Verona,Simone Perilli,ITA,GK,28,1995,1,1,90,1.0,2,2.0,10,8,80.0,0,1,0,0,0.0,0,0,0,0,,28.95003422313484,0.0
241923,2023-12-20,4000000,Hellas Verona,276,IT1,Lorenzo,Montipò,Lorenzo Montipò,2025,276,lorenzo-montipo,Italy,Novara  ,Italy,1996-02-20 00:00:00,Goalkeeper,Goalkeeper,right,191.0,2028-06-30 00:00:00,TMP SOCCER srl,https://img.a.transfermarkt.technology/portrait/header/241923-1724828092.jpg?lm=1,2.0,0.0,,https://www.transfermarkt.co.uk/lorenzo-montipo/profil/spieler/241923,IT1,Hellas Verona,1200000.0,4500000.0,2023,Lorenzo Montipò,ITA-Serie A,2324,Hellas Verona,Lorenzo Montipò,ITA,GK,27,1996,37,37,3330,37.0,49,1.32,153,105,68.0,9,10,18,8,21.6,2,2,0,0,0.0,27.83025325119781,1654.0
242359,2023-12-20,8000000,Atalanta BC,800,IT1,Juan,Musso,Juan Musso,2025,13,juan-musso,Argentina,San Nicolás de los Arroyos  ,Argentina,1994-05-06 00:00:00,Goalkeeper,Goalkeeper,right,193.0,2028-06-30 00:00:00,,https://img.a.transfermarkt.technology/portrait/header/242359-1663583047.jpg?lm=1,4.0,0.0,,https://www.transfermarkt.co.uk/juan-musso/profil/spieler/242359,ES1,Atlético de Madrid,3000000.0,20000000.0,2023,Juan Musso,ITA-Serie A,2324,Atalanta,Juan Musso,ARG,GK,29,1994,11,11,990,11.0,12,1.09,35,23,65.7,6,1,4,6,54.5,2,2,0,0,0.0,29.623545516769337,1654.0
244192,2023-12-20,4500000,SSC Napoli,6195,IT1,Pierluigi,Gollini,Pierluigi Gollini,2025,12,pierluigi-gollini,Italy,Bologna  ,Italy,1995-03-18 00:00:00,Goalkeeper,Goalkeeper,right,194.0,2027-06-30 00:00:00,SEG,https://img.a.transfermarkt.technology/portrait/header/244192-1695026486.jpg?lm=1,1.0,0.0,,https://www.transfermarkt.co.uk/pierluigi-gollini/profil/spieler/244192,IT1,Associazione Sportiva Roma,800000.0,17000000.0,2023,Pierluigi Gollini,ITA-Serie A,2324,Napoli,Pierluigi Gollini,ITA,GK,28,1995,7,7,630,7.0,8,1.14,24,16,66.7,3,1,3,1,14.3,0,0,0,0,,28.758384668035593,1288.0
250683,2023-12-20,500000,SSC Napoli,6195,IT1,Nikita,Contini,Nikita Contini,2025,6195,nikita-contini,Ukraine,Cherkasy  ,Italy,1996-05-21 00:00:00,Goalkeeper,Goalkeeper,right,190.0,2031-06-30 00:00:00,BOVA,https://img.a.transfermarkt.technology/portrait/header/250683-1663679972.jpg?lm=1,,,,https://www.transfermarkt.co.uk/nikita-contini/profil/spieler/250683,IT1,SSC Napoli,400000.0,800000.0,2023,Nikita Contini,ITA-Serie A,2324,Napoli,Nikita Contini,ITA,GK,27,1996,1,0,17,0.2,0,0.0,0,0,,0,0,0,1,,0,0,0,0,,27.581108829568787,2749.0
256339,2023-12-20,6000000,Inter Milan,46,IT1,Emil,Audero,Emil Audero,2025,2239,emil-audero,Indonesia,Mataram  ,Indonesia,1997-01-18 00:00:00,Goalkeeper,Goalkeeper,right,192.0,2028-06-30 00:00:00,TMP SOCCER srl,https://img.a.transfermarkt.technology/portrait/header/256339-1663679682.jpg?lm=1,6.0,0.0,,https://www.transfermarkt.co.uk/emil-audero/profil/spieler/256339,IT1,US Cremonese,2800000.0,15000000.0,2023,Emil Audero,ITA-Serie A,2324,Inter,Emil Audero,IDN,GK,26,1997,4,4,337,3.7,3,0.8,11,8,72.7,2,1,1,2,50.0,0,0,0,0,,26.91854893908282,1654.0
257474,2023-12-20,5000000,Torino FC,416,IT1,Vanja,Milinković-Savić,Vanja Milinković-Savić,2025,6195,vanja-milinkovic-savic,Spain,Ourense  ,Serbia,1997-02-20 00:00:00,Goalkeeper,Goalkeeper,right,202.0,2030-06-30 00:00:00,DOO Magnum,https://img.a.transfermarkt.technology/portrait/header/257474-1730125139.jpg?lm=1,20.0,0.0,,https://www.transfermarkt.co.uk/vanja-milinkovic-savic/profil/spieler/257474,IT1,SSC Napoli,20000000.0,20000000.0,2023,Vanja Milinković-Savić,ITA-Serie A,2324,Torino,Vanja Milinković-Savić,SRB,GK,26,1997,36,36,3240,36.0,31,0.86,134,103,76.9,13,14,9,17,47.2,6,6,0,0,0.0,26.82819986310746,2384.0
258482,2023-12-20,1300000,Cagliari Calcio,1390,IT1,Boris,Radunović,Boris Radunović,2025,1390,boris-radunovic,Yugoslavia (Republic),Belgrade  ,Serbia,1996-05-26 00:00:00,Goalkeeper,Goalkeeper,right,194.0,2029-06-30 00:00:00,Starbridge Srl,https://img.a.transfermarkt.technology/portrait/header/258482-1757604393.jpg?lm=1,0.0,0.0,,https://www.transfermarkt.co.uk/boris-radunovic/profil/spieler/258482,IT1,Cagliari Calcio,1000000.0,1500000.0,2023,Boris Radunović,ITA-Serie A,2324,Cagliari,Boris Radunović,SRB,GK,27,1996,7,7,630,7.0,12,1.71,28,16,57.1,0,2,5,2,28.6,1,0,0,1,,27.567419575633128,2019.0
301238,2023-12-20,12000000,AC Monza,2919,IT1,Michele,Di Gregorio,Michele Di Gregorio,2025,506,michele-di-gregorio,Italy,Milano  ,Italy,1997-07-27 00:00:00,Goalkeeper,Goalkeeper,right,187.0,2029-06-30 00:00:00,,https://img.a.transfermarkt.technology/portrait/header/301238-1730125609.jpg?lm=1,0.0,0.0,,https://www.transfermarkt.co.uk/michele-di-gregorio/profil/spieler/301238,IT1,Juventus FC,10000000.0,18000000.0,2023,Michele Di Gregorio,ITA-Serie A,2324,Monza,Michele Di Gregorio,ITA,GK,26,1997,33,33,2872,31.9,35,1.1,155,124,77.4,11,11,11,12,36.4,5,3,2,0,40.0,26.39835728952772,2019.0
301240,2023-12-20,600000,FC Empoli,749,IT1,Samuele,Perisan,Samuele Perisan,2024,749,samuele-perisan,Italy,San Vito al Tagliamento  ,Italy,1997-08-21 00:00:00,Goalkeeper,Goalkeeper,left,192.0,2026-06-30 00:00:00,Patrick Bastianelli,https://img.a.transfermarkt.technology/portrait/header/301240-1663678229.jpg?lm=1,2.0,0.0,,https://www.transfermarkt.co.uk/samuele-perisan/profil/spieler/301240,IT1,FC Empoli,400000.0,1300000.0,2023,Samuele Perisan,ITA-Serie A,2324,Empoli,Samuele Perisan,ITA,GK,25,1997,1,1,90,1.0,2,2.0,5,3,60.0,0,0,1,0,0.0,0,0,0,0,,26.32991101984942,923.0
312773,2023-12-20,100000,Genoa CFC,252,IT1,Daniele,Sommariva,Daniele Sommariva,2025,252,daniele-sommariva,Italy,Genova  ,Italy,1997-07-18 00:00:00,Goalkeeper,Goalkeeper,right,185.0,,,https://img.a.transfermarkt.technology/portrait/header/312773-1692963278.jpg?lm=1,,,,https://www.transfermarkt.co.uk/daniele-sommariva/profil/spieler/312773,IT1,Genoa CFC,100000.0,400000.0,2023,Daniele Sommariva,ITA-Serie A,2324,Genoa,Daniele Sommariva,ITA,GK,26,1997,1,0,5,0.1,0,0.0,0,0,,0,0,0,1,,0,0,0,0,,26.42299794661191,0.0
338670,2023-12-20,1500000,AS Roma,12,IT1,Mile,Svilar,Mile Svilar,2025,12,mile-svilar,Belgium,Antwerpen  ,Serbia,1999-08-27 00:00:00,Goalkeeper,Goalkeeper,right,189.0,2030-06-30 00:00:00,Universal Twenty Two,https://img.a.transfermarkt.technology/portrait/header/338670-1725532174.jpg?lm=1,1.0,0.0,,https://www.transfermarkt.co.uk/mile-svilar/profil/spieler/338670,IT1,Associazione Sportiva Roma,35000000.0,35000000.0,2023,Mile Svilar,ITA-Serie A,2324,Roma,Mile Svilar,SRB,GK,23,1999,15,15,1350,15.0,19,1.27,77,59,75.3,7,4,4,5,33.3,2,1,1,0,50.0,24.314852840520192,2384.0
340353,2023-12-20,2000000,Udinese Calcio,410,IT1,Maduka,Okoye,Maduka Okoye,2025,410,maduka-okoye,Germany,Düsseldorf  ,Nigeria,1999-08-28 00:00:00,Goalkeeper,Goalkeeper,right,198.0,2028-06-30 00:00:00,THE·TEAM,https://img.a.transfermarkt.technology/portrait/header/340353-1729542646.jpg?lm=1,21.0,0.0,,https://www.transfermarkt.co.uk/maduka-okoye/profil/spieler/340353,IT1,Udinese Calcio,10000000.0,10000000.0,2023,Maduka Okoye,ITA-Serie A,2324,Udinese,Maduka Okoye,NGA,GK,23,1999,21,21,1890,21.0,25,1.19,90,65,72.2,5,8,8,4,19.0,3,3,0,0,0.0,24.31211498973306,1654.0
370701,2023-12-20,500000,Frosinone Calcio,8970,IT1,Michele,Cerofolini,Michele Cerofolini,2023,8970,michele-cerofolini,Italy,Arezzo  ,Italy,1999-01-04 00:00:00,Goalkeeper,Goalkeeper,right,188.0,2026-06-30 00:00:00,MM-Management,https://img.a.transfermarkt.technology/portrait/header/370701-1625040724.jpg?lm=1,,,,https://www.transfermarkt.co.uk/michele-cerofolini/profil/spieler/370701,IT1,Frosinone Calcio,700000.0,700000.0,2023,Michele Cerofolini,ITA-Serie A,2324,Frosinone,Michele Cerofolini,ITA,GK,24,1999,8,7,675,7.5,11,1.47,29,18,62.1,2,2,3,0,0.0,1,0,0,1,,24.958247775496236,923.0
388516,2023-12-20,4000000,Genoa CFC,252,IT1,Josep,Martínez,Josep Martínez,2025,46,josep-martinez,Spain,Alzira  ,Spain,1998-05-27 00:00:00,Goalkeeper,Goalkeeper,right,191.0,2029-06-30 00:00:00,,https://img.a.transfermarkt.technology/portrait/header/388516-1686153132.jpg?lm=1,1.0,0.0,,https://www.transfermarkt.co.uk/josep-martinez/profil/spieler/388516,IT1,Inter Milan,10000000.0,12000000.0,2023,Josep Martinez,ITA-Serie A,2324,Genoa,Josep Martinez,ESP,GK,25,1998,36,36,3239,36.0,43,1.19,130,87,66.9,11,13,12,8,22.2,4,3,1,0,25.0,25.56605065023956,2019.0
390304,2023-12-20,450000,Bologna FC 1909,1025,IT1,Federico,Ravaglia,Federico Ravaglia,2025,1025,federico-ravaglia,Italy,Bologna  ,Italy,1999-11-11 00:00:00,Goalkeeper,Goalkeeper,right,196.0,2028-06-30 00:00:00,BC Group,https://img.a.transfermarkt.technology/portrait/header/390304-1701253429.jpg?lm=1,,,,https://www.transfermarkt.co.uk/federico-ravaglia/profil/spieler/390304,IT1,Bologna Football Club 1909,1800000.0,2000000.0,2023,Federico Ravaglia,ITA-Serie A,2324,Bologna,Federico Ravaglia,ITA,GK,23,1999,6,6,535,5.9,3,0.5,16,13,81.3,4,1,1,4,66.7,1,0,1,0,100.0,24.10677618069815,1654.0
421873,2023-12-20,5500000,FC Empoli,6195,IT1,Elia,Caprile,Elia Caprile,2025,1390,elia-caprile,Italy,Verona  ,Italy,2001-08-25 00:00:00,Goalkeeper,Goalkeeper,right,191.0,2029-06-30 00:00:00,GB1,https://img.a.transfermarkt.technology/portrait/header/421873-1704902651.jpg?lm=1,0.0,0.0,,https://www.transfermarkt.co.uk/elia-caprile/profil/spieler/421873,IT1,Cagliari Calcio,15000000.0,15000000.0,2023,Elia Caprile,ITA-Serie A,2324,Empoli,Elia Caprile,ITA,GK,21,2001,23,23,2070,23.0,27,1.17,106,79,74.5,6,6,11,4,17.4,5,4,1,0,20.0,22.31895961670089,2019.0
459763,2023-12-20,13000000,Atalanta BC,800,IT1,Marco,Carnesecchi,Marco Carnesecchi,2025,800,marco-carnesecchi,Italy,Rimini  ,Italy,2000-07-01 00:00:00,Goalkeeper,Goalkeeper,right,191.0,2028-06-30 00:00:00,World Soccer Agency,https://img.a.transfermarkt.technology/portrait/header/459763-1695027944.jpg?lm=1,0.0,0.0,,https://www.transfermarkt.co.uk/marco-carnesecchi/profil/spieler/459763,IT1,Atalanta BC,30000000.0,30000000.0,2023,Marco Carnesecchi,ITA-Serie A,2324,Atalanta,Marco Carnesecchi,ITA,GK,23,2000,27,27,2425,26.9,30,1.11,101,76,70.3,15,5,7,8,29.6,7,4,2,1,33.3,23.468856947296374,1654.0
463792,2023-12-20,300000,Torino FC,416,IT1,Luca,Gemello,Luca Gemello,2023,416,luca-gemello,Italy,Savigliano  ,Italy,2000-07-03 00:00:00,Goalkeeper,Goalkeeper,right,190.0,2027-06-30 00:00:00,TEM Sports Agency,https://img.a.transfermarkt.technology/portrait/header/463792-1625067521.jpg?lm=1,,,,https://www.transfermarkt.co.uk/luca-gemello/profil/spieler/463792,IT1,Torino FC,300000.0,300000.0,2023,Luca Gemello,ITA-Serie A,2324,Torino,Luca Gemello,ITA,GK,23,2000,2,2,180,2.0,5,2.5,9,4,44.4,0,0,2,0,0.0,1,1,0,0,0.0,23.463381245722108,1288.0
471936,2023-12-20,3800000,ACF Fiorentina,430,IT1,Oliver,Christensen,Oliver Christensen,2025,122,oliver-christensen,Denmark,Kerteminde  ,Denmark,1999-03-22 00:00:00,Goalkeeper,Goalkeeper,right,190.0,2028-06-30 00:00:00,BTAM,https://img.a.transfermarkt.technology/portrait/header/471936-1688647558.jpg?lm=1,1.0,0.0,,https://www.transfermarkt.co.uk/oliver-christensen/profil/spieler/471936,A1,Sportklub Puntigamer Sturm Graz,1400000.0,4500000.0,2023,Oliver Christensen,ITA-Serie A,2324,Fiorentina,Oliver Christensen,DEN,GK,24,1999,4,4,360,4.0,9,2.25,19,10,52.6,1,1,2,0,0.0,2,2,0,0,0.0,24.747433264887064,1654.0
481675,2023-12-20,1000000,SS Lazio,398,IT1,Christos,Mandas,Christos Mandas,2025,398,christos-mandas,Greece,Piraeus  ,Greece,2001-09-17 00:00:00,Goalkeeper,Goalkeeper,right,189.0,2029-06-30 00:00:00,Gersh,https://img.a.transfermarkt.technology/portrait/header/481675-1724268727.jpg?lm=1,3.0,0.0,,https://www.transfermarkt.co.uk/christos-mandas/profil/spieler/481675,IT1,Società Sportiva Lazio S.p.A.,8000000.0,10000000.0,2023,Christos Mandas,ITA-Serie A,2324,Lazio,Christos Mandas,GRE,GK,21,2001,9,8,721,8.0,6,0.75,29,23,79.3,6,1,1,2,25.0,0,0,0,0,,22.255989048596852,2019.0
542588,2023-12-20,500000,AC Monza,2919,IT1,Alessandro,Sorrentino,Alessandro Sorrentino,2024,2919,alessandro-sorrentino,Italy,Guardiagrele  ,Italy,2002-04-03 00:00:00,Goalkeeper,Goalkeeper,right,190.0,2026-06-30 00:00:00,SP GROUP,https://img.a.transfermarkt.technology/portrait/header/542588-1657778358.jpg?lm=1,1.0,0.0,,https://www.transfermarkt.co.uk/alessandro-sorrentino/profil/spieler/542588,IT1,AC Monza,450000.0,800000.0,2023,Alessandro Sorrentino,ITA-Serie A,2324,Monza,Alessandro Sorrentino,ITA,GK,21,2002,7,5,548,6.1,16,2.63,32,16,50.0,0,1,4,0,0.0,4,4,0,0,0.0,21.713894592744694,923.0
543666,2023-12-20,7000000,Frosinone Calcio,8970,IT1,Stefano,Turati,Stefano Turati,2025,6574,stefano-turati,Italy,Milano  ,Italy,2001-09-05 00:00:00,Goalkeeper,Goalkeeper,right,188.0,2028-06-30 00:00:00,LP Sport Management,https://img.a.transfermarkt.technology/portrait/header/543666-1686126590.jpg?lm=1,4.0,0.0,,https://www.transfermarkt.co.uk/stefano-turati/profil/spieler/543666,IT1,US Sassuolo,3000000.0,7500000.0,2023,Stefano Turati,ITA-Serie A,2324,Frosinone,Stefano Turati,ITA,GK,21,2001,31,31,2745,30.5,58,1.9,155,97,62.6,6,9,16,4,12.9,7,5,1,1,16.7,22.288843258042437,1654.0
551182,2023-12-20,500000,Betis Deportivo Balompié,2865,,Fran,Vieites,Fran Vieites,2024,150,fran-vieites,Spain,Pontecesures  ,Spain,1999-05-07 00:00:00,Goalkeeper,Goalkeeper,left,196.0,2027-06-30 00:00:00,F.J.VILLAVERDE,https://img.a.transfermarkt.technology/portrait/header/551182-1701083106.jpg?lm=1,,,,https://www.transfermarkt.co.uk/fran-vieites/profil/spieler/551182,ES1,Real Betis Balompié,500000.0,500000.0,2023,Fran Vieites,ESP-La Liga,2324,Real Betis,Fran Vieites,ESP,GK,24,1999,4,3,315,3.5,4,1.14,18,14,77.8,1,2,0,1,33.3,0,0,0,0,,24.621492128678987,1288.0
646741,2023-12-20,200000,RC Celta Fortuna,8733,,César,Fernández,César Fernández,2024,940,cesar-fernandez,Spain,O Barco de Valdeorras  ,Spain,2004-01-28 00:00:00,Goalkeeper,Goalkeeper,right,181.0,2027-06-30 00:00:00,Unique Sports Group,https://img.a.transfermarkt.technology/portrait/header/default.jpg?lm=1,10.0,0.0,,https://www.transfermarkt.co.uk/cesar-fernandez/profil/spieler/646741,ES1,Celta de Vigo,200000.0,200000.0,2023,Aitor Fernández,ESP-La Liga,2324,Osasuna,Aitor Fernández,ESP,GK,32,1991,7,6,551,6.1,9,1.47,20,11,55.0,0,2,4,1,16.7,1,1,0,0,0.0,19.89322381930185,1288.0
668571,2023-12-20,75000,FC SILON Taborsko,28596,,Daniel,Kerl,Daniel Kerl,2025,197,daniel-kerl,,,Czech Republic,2001-01-14 00:00:00,Goalkeeper,Goalkeeper,right,197.0,,,https://img.a.transfermarkt.technology/portrait/header/default.jpg?lm=1,,,,https://www.transfermarkt.co.uk/daniel-kerl/profil/spieler/668571,TS1,AC Sparta Prague,200000.0,200000.0,2023,Daniel Peretz,,2324,Bayern Munich,Daniel Peretz,ISR,GK,23,2000,1,0,17,0.2,0,0.0,0,0,,0,0,0,0,,0,0,0,0,,22.92950034223135,0.0
815563,2023-12-20,150000,AC Milan,5,IT1,Lapo,Nava,Lapo Nava,2025,2239,lapo-nava,Italy,Milano  ,Italy,2004-01-22 00:00:00,Goalkeeper,Goalkeeper,right,197.0,2027-06-30 00:00:00,BC Group,https://img.a.transfermarkt.technology/portrait/header/815563-1681206054.jpg?lm=1,0.0,0.0,,https://www.transfermarkt.co.uk/lapo-nava/profil/spieler/815563,IT1,US Cremonese,100000.0,150000.0,2023,Lapo Nava,ITA-Serie A,2324,Milan,Lapo Nava,ITA,GK,19,2004,1,0,3,0.0,1,30.0,2,1,50.0,0,0,0,0,,0,0,0,0,,19.90965092402464,1288.0
818892,2023-12-20,200000,Bologna FC 1909,1025,IT1,Nicola,Bagnolini,Nicola Bagnolini,2024,1025,nicola-bagnolini,Italy,Cesena  ,Italy,2004-03-14 00:00:00,Goalkeeper,Goalkeeper,right,194.0,2026-06-30 00:00:00,,https://img.a.transfermarkt.technology/portrait/header/818892-1673251900.jpg?lm=1,0.0,0.0,,https://www.transfermarkt.co.uk/nicola-bagnolini/profil/spieler/818892,IT1,Bologna Football Club 1909,200000.0,200000.0,2023,Nicola Bagnolini,ITA-Serie A,2324,Bologna,Nicola Bagnolini,ITA,GK,19,2004,1,0,5,0.1,0,0.0,1,1,100.0,0,0,0,0,,0,0,0,0,,19.76728268309377,923.0
843915,2023-12-20,50000,Atromitos Athens,3060,GR1,Christos,Dimos,Christos Dimos,2023,3060,christos-dimos,,,Greece,2003-07-03 00:00:00,Goalkeeper,Goalkeeper,,,2025-06-30 00:00:00,,https://img.a.transfermarkt.technology/portrait/header/default.jpg?lm=1,,,,https://www.transfermarkt.co.uk/christos-dimos/profil/spieler/843915,GR1,APS Atromitos Athinon,50000.0,50000.0,2023,Christos Mandas,ITA-Serie A,2324,Lazio,Christos Mandas,GRE,GK,21,2001,9,8,721,8.0,6,0.75,29,23,79.3,6,1,1,2,25.0,0,0,0,0,,20.465434633812457,558.0
934159,2023-12-20,1000000,ACF Fiorentina,430,IT1,Tommaso,Martinelli,Tommaso Martinelli,2025,430,tommaso-martinelli,Italy,Bagno a Ripoli  ,Italy,2006-01-06 00:00:00,Goalkeeper,Goalkeeper,right,194.0,2027-06-30 00:00:00,CAA Base Ltd,https://img.a.transfermarkt.technology/portrait/header/934159-1676018484.jpg?lm=1,1.0,0.0,,https://www.transfermarkt.co.uk/tommaso-martinelli/profil/spieler/934159,IT1,ACF Fiorentina,2000000.0,2000000.0,2023,Tommaso Martinelli,ITA-Serie A,2324,Fiorentina,Tommaso Martinelli,ITA,GK,17,2006,1,1,90,1.0,2,2.0,3,1,33.3,1,0,0,0,0.0,0,0,0,0,,17.95208761122519,1288.0
204144,2023-12-21,150000,Randers FC,5724,DK1,Alexander,Nybo,Alexander Nybo,2023,5724,alexander-nybo,Denmark,Randers  ,Denmark,1995-04-12 00:00:00,Goalkeeper,Goalkeeper,right,188.0,,MVP Denmark,https://img.a.transfermarkt.technology/portrait/header/default.jpg?lm=1,,,,https://www.transfermarkt.co.uk/alexander-nybo/profil/spieler/204144,DK1,Randers FC,150000.0,250000.0,2023,Alexander Nübel,,2324,Stuttgart,Alexander Nübel,GER,GK,26,1996,30,30,2700,30.0,36,1.2,108,74,66.7,20,3,7,9,30.0,3,3,0,0,0.0,28.692676249144423,0.0
254968,2023-12-21,100000,BSC Young Boys,452,C1,Dario,Marzino,Dario Marzino,2025,452,dario-marzino,Switzerland,Thun  ,Switzerland,1996-09-19 00:00:00,Goalkeeper,Goalkeeper,right,184.0,2027-06-30 00:00:00,Front Group GmbH,https://img.a.transfermarkt.technology/portrait/header/254968-1533135547.jpg?lm=1,2.0,0.0,,https://www.transfermarkt.co.uk/dario-marzino/profil/spieler/254968,C1,BSC Young Boys,100000.0,300000.0,2023,Diego Mariño,ESP-La Liga,2324,Almería,Diego Mariño,ESP,GK,33,1990,1,1,90,1.0,2,2.0,4,2,50.0,0,0,1,0,0.0,2,2,0,0,0.0,27.252566735112936,1287.0
802540,2023-12-21,200000,FC Copenhagen,190,DK1,Andreas,Dithmer,Andreas Dithmer,2024,200,andreas-dithmer,Denmark,København  ,Denmark,2005-08-01 00:00:00,Goalkeeper,Goalkeeper,right,198.0,2028-06-30 00:00:00,ROOF Talents,https://img.a.transfermarkt.technology/portrait/header/802540-1662491702.jpg?lm=1,5.0,0.0,,https://www.transfermarkt.co.uk/andreas-dithmer/profil/spieler/802540,NL1,FC Utrecht,200000.0,200000.0,2023,Andreas Luthe,,2324,Bochum,Andreas Luthe,GER,GK,36,1987,1,1,90,1.0,4,4.0,5,1,20.0,0,0,1,0,0.0,0,0,0,0,,18.38740588637919,1653.0
7825,2023-12-22,700000,Villarreal CF,1050,ES1,Pepe,Reina,Pepe Reina,2024,1047,pepe-reina,Spain,Madrid  ,Spain,1982-08-31 00:00:00,Goalkeeper,Goalkeeper,right,188.0,,Manuel García Quilón,https://img.a.transfermarkt.technology/portrait/header/7825-1724826388.jpg?lm=1,36.0,0.0,,https://www.transfermarkt.co.uk/pepe-reina/profil/spieler/7825,IT1,Como 1907,600000.0,22000000.0,2023,Pepe Reina,ESP-La Liga,2324,Villarreal,Pepe Reina,ESP,GK,40,1982,2,2,180,2.0,2,1.0,9,7,77.8,1,1,0,0,0.0,0,0,0,0,,41.308692676249144,0.0
27493,2023-12-22,100000,RCD Mallorca,237,ES1,Iván,Cuéllar,Iván Cuéllar,2025,237,ivan-cuellar,Spain,Mérida  ,Spain,1984-05-27 00:00:00,Goalkeeper,Goalkeeper,left,187.0,2027-06-30 00:00:00,MESAS SPORT,https://img.a.transfermarkt.technology/portrait/header/27493-1664289273.jpg?lm=1,3.0,0.0,,https://www.transfermarkt.co.uk/ivan-cuellar/profil/spieler/27493,ES1,RCD Mallorca,100000.0,2500000.0,2023,Iván Cuéllar,ESP-La Liga,2324,Mallorca,Iván Cuéllar,ESP,GK,39,1984,1,1,90,1.0,1,1.0,6,5,83.3,1,0,0,0,0.0,0,0,0,0,,39.57015742642026,1286.0
40423,2023-12-22,1000000,Real Betis Balompié,150,ES1,Claudio,Bravo,Claudio Bravo,2023,150,claudio-bravo,Chile,Buin  ,Chile,1983-04-13 00:00:00,Goalkeeper,Goalkeeper,right,184.0,,,https://img.a.transfermarkt.technology/portrait/header/40423-1691751378.jpg?lm=1,,,,https://www.transfermarkt.co.uk/claudio-bravo/profil/spieler/40423,ES1,Real Betis Balompié,800000.0,15000000.0,2023,Claudio Bravo,ESP-La Liga,2324,Real Betis,Claudio Bravo,CHI,GK,40,1983,7,7,630,7.0,5,0.71,22,17,77.3,3,4,0,2,28.6,0,0,0,0,,40.69267624914442,0.0
54217,2023-12-22,300000,Granada CF,16795,ES1,Raúl,Fernández,Raúl Fernández,2025,1108,raul-fernandez,Spain,Bilbao  ,Spain,1988-03-13 00:00:00,Goalkeeper,Goalkeeper,right,195.0,2027-06-30 00:00:00,,https://img.a.transfermarkt.technology/portrait/header/54217-1498749052.jpg?lm=1,,,,https://www.transfermarkt.co.uk/raul-fernandez/profil/spieler/54217,ES1,Deportivo Alavés,100000.0,1500000.0,2023,Raúl Fernández,ESP-La Liga,2324,Granada,Raúl Fernández,ESP,GK,35,1988,4,4,280,3.1,11,3.54,19,8,42.1,1,0,3,0,0.0,1,0,0,1,,35.775496235455165,1286.0
59349,2023-12-22,300000,UD Almería,3302,ES1,Diego,Mariño,Diego Mariño,2023,3302,diego-marino,Spain,Vigo  ,Spain,1990-05-09 00:00:00,Goalkeeper,Goalkeeper,right,185.0,,Promoesport,https://img.a.transfermarkt.technology/portrait/header/59349-1664288504.jpg?lm=1,,,,https://www.transfermarkt.co.uk/diego-marino/profil/spieler/59349,ES1,UD Almería,300000.0,2500000.0,2023,Diego Mariño,ESP-La Liga,2324,Almería,Diego Mariño,ESP,GK,33,1990,1,1,90,1.0,2,2.0,4,2,50.0,0,0,1,0,0.0,2,2,0,0,0.0,33.620807665982205,0.0
64399,2023-12-22,1000000,Celta de Vigo,940,ES1,Vicente,Guaita,Vicente Guaita,2025,130,vicente-guaita,Spain,Torrent  ,Spain,1987-01-10 00:00:00,Goalkeeper,Goalkeeper,right,190.0,,JCRsport,https://img.a.transfermarkt.technology/portrait/header/64399-1744193190.jpg?lm=1,,,,https://www.transfermarkt.co.uk/vicente-guaita/profil/spieler/64399,IT1,Parma Calcio 1913,400000.0,10000000.0,2023,Vicente Guaita,ESP-La Liga,2324,Celta Vigo,Vicente Guaita,ESP,GK,36,1987,27,26,2403,26.7,39,1.46,122,83,68.0,8,7,11,2,7.7,5,4,0,1,0.0,36.94729637234771,0.0
73517,2023-12-22,1000000,Sevilla FC,368,ES1,Ørjan,Nyland,Ørjan Nyland,2025,368,orjan-nyland,Norway,Volda  ,Norway,1990-09-10 00:00:00,Goalkeeper,Goalkeeper,right,192.0,,,https://img.a.transfermarkt.technology/portrait/header/73517-1779430891.jpg?lm=1,75.0,0.0,,https://www.transfermarkt.co.uk/orjan-nyland/profil/spieler/73517,ES1,Sevilla FC,800000.0,3000000.0,2023,Ørjan Nyland,ESP-La Liga,2324,Sevilla,Ørjan Nyland,NOR,GK,32,1990,24,24,2160,24.0,27,1.13,106,79,74.5,8,9,7,5,20.8,3,3,0,0,0.0,33.281314168377826,0.0
74857,2023-12-22,35000000,FC Barcelona,131,ES1,Marc-André,ter Stegen,Marc-André ter Stegen,2025,131,marc-andre-ter-stegen,Germany,Mönchengladbach  ,Germany,1992-04-30 00:00:00,Goalkeeper,Goalkeeper,right,187.0,2028-06-30 00:00:00,ROOF,https://img.a.transfermarkt.technology/portrait/header/74857-1674465246.jpg?lm=1,44.0,0.0,,https://www.transfermarkt.co.uk/marc-andre-ter-stegen/profil/spieler/74857,ES1,FC Barcelona,3000000.0,90000000.0,2023,Marc-André ter Stegen,ESP-La Liga,2324,Barcelona,Marc-André ter Stegen,GER,GK,31,1992,28,28,2520,28.0,27,0.96,102,75,73.5,20,5,3,12,42.9,2,2,0,0,0.0,31.644079397672826,1652.0
81997,2023-12-22,1000000,UD Almería,3302,ES1,Fernando,Martínez,Fernando Martínez,2023,3302,fernando-martinez,Spain,Murcia  ,Spain,1990-06-10 00:00:00,Goalkeeper,Goalkeeper,right,183.0,2025-06-30 00:00:00,JV SPORTS,https://img.a.transfermarkt.technology/portrait/header/81997-1588059525.jpg?lm=1,,,,https://www.transfermarkt.co.uk/fernando-martinez/profil/spieler/81997,ES1,UD Almería,700000.0,2000000.0,2023,Emiliano Martínez,ENG-Premier League,2324,Aston Villa,Emiliano Martínez,ARG,GK,30,1992,34,34,3015,33.5,48,1.43,143,95,66.4,19,8,7,7,20.6,1,1,0,0,0.0,33.53319644079398,556.0
94308,2023-12-22,2000000,Sevilla FC,368,ES1,Marko,Dmitrovic,Marko Dmitrovic,2025,714,marko-dmitrovic,Jugoslawien (SFR),Subotica  ,Serbia,1992-01-24 00:00:00,Goalkeeper,Goalkeeper,left,189.0,2028-06-30 00:00:00,IDUB GLOBAL,https://img.a.transfermarkt.technology/portrait/header/94308-1669364494.jpg?lm=1,19.0,0.0,,https://www.transfermarkt.co.uk/marko-dmitrovic/profil/spieler/94308,ES1,RCD Espanyol Barcelona,700000.0,12000000.0,2023,Marko Dmitrović,ESP-La Liga,2324,Sevilla,Marko Dmitrović,SRB,GK,31,1992,13,13,1170,13.0,25,1.92,69,44,63.8,2,2,9,2,15.4,2,2,0,0,0.0,31.90965092402464,1652.0
108390,2023-12-22,35000000,Real Madrid,418,ES1,Thibaut,Courtois,Thibaut Courtois,2025,418,thibaut-courtois,Belgium,Bree  ,Belgium,1992-05-11 00:00:00,Goalkeeper,Goalkeeper,left,199.0,2027-06-30 00:00:00,RGM,https://img.a.transfermarkt.technology/portrait/header/108390-1717280733.jpg?lm=1,115.0,0.0,,https://www.transfermarkt.co.uk/thibaut-courtois/profil/spieler/108390,ES1,Real Madrid,15000000.0,75000000.0,2023,Thibaut Courtois,ESP-La Liga,2324,Real Madrid,Thibaut Courtois,BEL,GK,31,1992,4,4,332,3.7,0,0.0,16,15,100.0,3,1,0,0,0.0,0,0,0,0,,31.613963039014372,1286.0
118997,2023-12-22,2500000,CA Osasuna,331,ES1,Aitor,Fernández,Aitor Fernández,2025,331,aitor-fernandez,Spain,Arrasate  ,Spain,1991-05-03 00:00:00,Goalkeeper,Goalkeeper,right,182.0,2027-06-30 00:00:00,,https://img.a.transfermarkt.technology/portrait/header/118997-1683281584.jpg?lm=1,3.0,0.0,,https://www.transfermarkt.co.uk/aitor-fernandez/profil/spieler/118997,ES1,CA Osasuna,500000.0,10000000.0,2023,Aitor Fernández,ESP-La Liga,2324,Osasuna,Aitor Fernández,ESP,GK,32,1991,7,6,551,6.1,9,1.47,20,11,55.0,0,2,4,1,16.7,1,1,0,0,0.0,32.63791923340178,1286.0
121483,2023-12-22,35000000,Atlético de Madrid,13,ES1,Jan,Oblak,Jan Oblak,2025,13,jan-oblak,Slovenia,Škofja Loka  ,Slovenia,1993-01-07 00:00:00,Goalkeeper,Goalkeeper,right,188.0,2028-06-30 00:00:00,Miha Mlakar,https://img.a.transfermarkt.technology/portrait/header/121483-1719350076.jpg?lm=1,84.0,0.0,,https://www.transfermarkt.co.uk/jan-oblak/profil/spieler/121483,ES1,Atlético de Madrid,15000000.0,100000000.0,2023,Jan Oblak,ESP-La Liga,2324,Atlético Madrid,Jan Oblak,SVN,GK,30,1993,38,38,3420,38.0,43,1.13,144,101,70.1,24,4,10,11,28.9,2,1,0,1,0.0,30.954140999315538,1652.0
162027,2023-12-22,700000,Cádiz CF,2687,ES1,David,Gil,David Gil,2023,2687,david-gil,Spain,Getafe  ,Spain,1994-01-11 00:00:00,Goalkeeper,Goalkeeper,right,186.0,2027-06-30 00:00:00,Gesport Espizua SL,https://img.a.transfermarkt.technology/portrait/header/162027-1595508190.jpg?lm=1,,,,https://www.transfermarkt.co.uk/david-gil/profil/spieler/162027,ES1,Cádiz CF,700000.0,800000.0,2023,David Gil,ESP-La Liga,2324,Cádiz,David Gil,ESP,GK,29,1994,5,4,372,4.1,8,1.94,25,17,68.0,0,3,1,1,25.0,0,0,0,0,,29.94387405886379,1286.0
165467,2023-12-22,4000000,Rayo Vallecano,367,ES1,Stole,Dimitrievski,Stole Dimitrievski,2025,1049,stole-dimitrievski,Macedonia,Kumanovo  ,North Macedonia,1993-12-25 00:00:00,Goalkeeper,Goalkeeper,right,188.0,2028-06-30 00:00:00,AS1,https://img.a.transfermarkt.technology/portrait/header/165467-1541150592.jpg?lm=1,90.0,0.0,,https://www.transfermarkt.co.uk/stole-dimitrievski/profil/spieler/165467,ES1,Valencia CF,2000000.0,4000000.0,2023,Stole Dimitrievski,ESP-La Liga,2324,Rayo Vallecano,Stole Dimitrievski,MKD,GK,29,1993,37,37,3330,37.0,47,1.27,153,106,69.3,8,14,15,9,24.3,2,1,1,0,50.0,29.99041752224504,1652.0
168278,2023-12-22,250000,Universitatea Craiova,40812,RO1,David,Lazar,David Lazar,2025,58049,david-lazar,Romania,Oradea  ,Romania,1991-08-08 00:00:00,Goalkeeper,Goalkeeper,,185.0,2028-06-30 00:00:00,,https://img.a.transfermarkt.technology/portrait/header/168278-1676965564.png?lm=1,1.0,0.0,,https://www.transfermarkt.co.uk/david-lazar/profil/spieler/168278,RO1,FC Hermannstadt,175000.0,1200000.0,2023,David Raya,ENG-Premier League,2324,Arsenal,David Raya,ESP,GK,27,1995,32,32,2880,32.0,24,0.75,69,45,65.2,23,4,5,14,43.8,3,2,1,0,33.3,32.37234770704997,1652.0
190263,2023-12-22,10000000,RCD Mallorca,237,ES1,Predrag,Rajković,Predrag Rajković,2025,8023,predrag-rajkovic,Yugoslavia (Republic),Negotin  ,Serbia,1995-10-31 00:00:00,Goalkeeper,Goalkeeper,right,191.0,2028-06-30 00:00:00,ONEANDTEN,https://img.a.transfermarkt.technology/portrait/header/190263-1716240237.jpg?lm=1,44.0,0.0,,https://www.transfermarkt.co.uk/predrag-rajkovic/profil/spieler/190263,SA1,Al-Ittihad Football Club,7000000.0,10000000.0,2023,Predrag Rajković,ESP-La Liga,2324,Mallorca,Predrag Rajković,SRB,GK,27,1995,36,36,3240,36.0,43,1.19,141,98,69.5,7,15,14,5,13.9,5,4,1,0,20.0,28.142368240930868,1652.0
192279,2023-12-22,20000000,Real Madrid,418,ES1,Kepa,Arrizabalaga,Kepa Arrizabalaga,2025,11,kepa-arrizabalaga,Spain,Ondarroa  ,Spain,1994-10-03 00:00:00,Goalkeeper,Goalkeeper,right,188.0,2028-06-30 00:00:00,AC Talent,https://img.a.transfermarkt.technology/portrait/header/192279-1661855851.jpg?lm=1,13.0,0.0,,https://www.transfermarkt.co.uk/kepa-arrizabalaga/profil/spieler/192279,GB1,Arsenal FC,5000000.0,60000000.0,2023,Kepa Arrizabalaga,ESP-La Liga,2324,Real Madrid,Kepa Arrizabalaga,ESP,GK,28,1994,14,13,1198,13.3,9,0.68,39,30,76.9,10,2,1,4,30.8,0,0,0,0,,29.218343600273784,1652.0
195488,2023-12-22,4000000,Girona FC,12321,ES1,Paulo,Gazzaniga,Paulo Gazzaniga,2025,12321,paulo-gazzaniga,Argentina,Murphy  ,Argentina,1992-01-02 00:00:00,Goalkeeper,Goalkeeper,right,195.0,2027-06-30 00:00:00,LGT Football,https://img.a.transfermarkt.technology/portrait/header/195488-1769783747.jpg?lm=1,1.0,0.0,,https://www.transfermarkt.co.uk/paulo-gazzaniga/profil/spieler/195488,ES1,Girona FC,1800000.0,4000000.0,2023,Paulo Gazzaniga,ESP-La Liga,2324,Girona,Paulo Gazzaniga,ARG,GK,31,1992,38,38,3420,38.0,46,1.21,164,123,72.0,25,6,7,9,23.7,7,5,1,1,16.7,31.969883641341546,1286.0
212862,2023-12-22,25000000,Real Sociedad,681,ES1,Álex,Remiro,Álex Remiro,2025,681,alex-remiro,Spain,Cascante  ,Spain,1995-03-24 00:00:00,Goalkeeper,Goalkeeper,right,192.0,2027-06-30 00:00:00,Feel Winner,https://img.a.transfermarkt.technology/portrait/header/212862-1694594210.jpg?lm=1,2.0,0.0,,https://www.transfermarkt.co.uk/alex-remiro/profil/spieler/212862,ES1,Real Sociedad,9000000.0,25000000.0,2023,Álex Remiro,ESP-La Liga,2324,Real Sociedad,Álex Remiro,ESP,GK,28,1995,37,37,3275,36.4,36,0.99,126,95,71.4,16,12,9,13,35.1,6,5,1,0,16.7,28.747433264887064,1286.0
226012,2023-12-22,8000000,Getafe CF,3709,ES1,David,Soria,David Soria,2025,3709,david-soria,Spain,Madrid  ,Spain,1993-04-04 00:00:00,Goalkeeper,Goalkeeper,right,192.0,2030-06-30 00:00:00,AS1,https://img.a.transfermarkt.technology/portrait/header/226012-1696863038.jpg?lm=1,,,,https://www.transfermarkt.co.uk/david-soria/profil/spieler/226012,ES1,Getafe CF,2800000.0,18000000.0,2023,David Soria,ESP-La Liga,2324,Getafe,David Soria,ESP,GK,30,1993,38,38,3413,37.9,52,1.37,174,122,70.1,10,13,15,10,26.3,7,5,1,1,16.7,30.715947980835043,2382.0
226073,2023-12-22,3500000,Atlético de Madrid,13,ES1,Ivo,Grbic,Ivo Grbic,2025,6646,ivo-grbic,Croatia,Split  ,Croatia,1996-01-18 00:00:00,Goalkeeper,Goalkeeper,right,195.0,2027-06-30 00:00:00,World in Motion,https://img.a.transfermarkt.technology/portrait/header/226073-1755098360.jpg?lm=1,2.0,0.0,,https://www.transfermarkt.co.uk/ivo-grbic/profil/spieler/226073,TR1,Fatih Karagümrük,1000000.0,7000000.0,2023,Ivo Grbić,ENG-Premier League,2324,Sheffield United,Ivo Grbić,CRO,GK,27,1996,9,9,771,8.6,25,2.92,62,37,59.7,0,3,6,0,0.0,1,0,0,1,,27.926078028747433,1286.0
227805,2023-12-22,1000000,Valencia CF,1049,ES1,Jaume,Doménech,Jaume Doménech,2024,1049,jaume-domenech,Spain,Almenara  ,Spain,1990-11-05 00:00:00,Goalkeeper,Goalkeeper,right,185.0,,Wasserman,https://img.a.transfermarkt.technology/portrait/header/227805-1447247048.jpg?lm=1,,,,https://www.transfermarkt.co.uk/jaume-domenech/profil/spieler/227805,ES1,Valencia CF,400000.0,7500000.0,2023,Jaume Doménech,ESP-La Liga,2324,Valencia,Jaume Doménech,ESP,GK,32,1990,2,1,79,0.9,3,3.42,12,9,75.0,0,0,1,0,0.0,0,0,0,0,,33.12799452429842,0.0
234811,2023-12-22,15000000,Real Betis Balompié,150,ES1,Rui,Silva,Rui Silva,2025,336,rui-silva,Portugal,Maia  ,Portugal,1994-02-07 00:00:00,Goalkeeper,Goalkeeper,left,191.0,2028-06-30 00:00:00,Team of Future,https://img.a.transfermarkt.technology/portrait/header/234811-1666770953.jpg?lm=1,3.0,0.0,,https://www.transfermarkt.co.uk/rui-silva/profil/spieler/234811,PO1,Sporting CP,7000000.0,15000000.0,2023,Rui Silva,ESP-La Liga,2324,Real Betis,Rui Silva,POR,GK,29,1994,28,28,2475,27.5,36,1.31,122,86,70.5,10,9,9,7,25.0,8,7,1,0,12.5,29.869952087611225,1652.0
248738,2023-12-22,6000000,CA Osasuna,331,ES1,Sergio,Herrera,Sergio Herrera,2025,331,sergio-herrera,Spain,Miranda de Ebro  ,Spain,1993-06-05 00:00:00,Goalkeeper,Goalkeeper,right,192.0,2028-06-30 00:00:00,Gersh,https://img.a.transfermarkt.technology/portrait/header/248738-1732220099.jpg?lm=1,,,,https://www.transfermarkt.co.uk/sergio-herrera/profil/spieler/248738,ES1,CA Osasuna,2800000.0,8000000.0,2023,Sergio Herrera,ESP-La Liga,2324,Osasuna,Sergio Herrera,ESP,GK,30,1993,32,32,2869,31.9,47,1.47,132,85,64.4,12,7,13,9,28.1,1,0,1,0,100.0,30.546201232032853,1652.0
262396,2023-12-22,25000000,Athletic Bilbao,621,ES1,Unai,Simón,Unai Simón,2025,621,unai-simon,Spain,Vitoria-Gasteiz  ,Spain,1997-06-11 00:00:00,Goalkeeper,Goalkeeper,right,190.0,2029-06-30 00:00:00,CAA Stellar,https://img.a.transfermarkt.technology/portrait/header/262396-1709674901.png?lm=1,64.0,0.0,,https://www.transfermarkt.co.uk/unai-simon/profil/spieler/262396,ES1,Athletic Bilbao,22000000.0,30000000.0,2023,Unai Simón,ESP-La Liga,2324,Athletic Club,Unai Simón,ESP,GK,26,1997,36,36,3182,35.4,33,0.93,121,91,72.7,18,11,7,15,41.7,5,1,3,1,75.0,26.529774127310063,2017.0
283170,2023-12-22,8000000,FC Barcelona,131,ES1,Iñaki,Peña,Iñaki Peña,2025,131,inaki-pena,Spain,Alicante  ,Spain,1999-03-02 00:00:00,Goalkeeper,Goalkeeper,right,184.0,2029-06-30 00:00:00,AC Talent,https://img.a.transfermarkt.technology/portrait/header/283170-1702502364.jpg?lm=1,0.0,0.0,,https://www.transfermarkt.co.uk/inaki-pena/profil/spieler/283170,ES1,FC Barcelona,4000000.0,10000000.0,2023,Iñaki Peña,ESP-La Liga,2324,Barcelona,Iñaki Peña,ESP,GK,24,1999,10,10,900,10.0,17,1.7,39,22,56.4,6,2,2,2,20.0,0,0,0,0,,24.80766598220397,2017.0
284430,2023-12-22,1000000,UD Las Palmas,472,ES1,Aarón,Escandell,Aarón Escandell,2025,2497,aaron-escandell,Spain,Carcaixent  ,Spain,1995-09-27 00:00:00,Goalkeeper,Goalkeeper,right,186.0,2027-06-30 00:00:00,Goal Management,https://img.a.transfermarkt.technology/portrait/header/284430-1583309348.jpg?lm=1,,,,https://www.transfermarkt.co.uk/aaron-escandell/profil/spieler/284430,ES1,Real Oviedo,3000000.0,3000000.0,2023,Aarón Escandell,ESP-La Liga,2324,Las Palmas,Aarón Escandell,ESP,GK,27,1995,2,1,153,1.7,3,1.76,4,1,25.0,0,0,1,0,0.0,0,0,0,0,,28.23545516769336,1286.0
290346,2023-12-22,800000,Granada CF,16795,ES1,André,Ferreira,André Ferreira,2025,979,andre-ferreira,Portugal,Vila Nova de Gaia  ,Portugal,1996-05-29 00:00:00,Goalkeeper,Goalkeeper,right,193.0,2028-06-30 00:00:00,MadeinFootball,https://img.a.transfermarkt.technology/portrait/header/290346-1548259586.jpg?lm=1,0.0,0.0,,https://www.transfermarkt.co.uk/andre-ferreira/profil/spieler/290346,PO1,Moreirense FC,600000.0,900000.0,2023,André Ferreira,ESP-La Liga,2324,Granada,André Ferreira,POR,GK,27,1996,15,14,1340,14.9,29,1.95,78,49,62.8,0,5,9,0,0.0,3,3,0,0,0.0,27.564681724845997,1652.0
297194,2023-12-22,2000000,Celta de Vigo,940,ES1,Iván,Villar,Iván Villar,2025,940,ivan-villar,Spain,Aldán  ,Spain,1997-07-09 00:00:00,Goalkeeper,Goalkeeper,right,183.0,2027-06-30 00:00:00,AS1,https://img.a.transfermarkt.technology/portrait/header/297194-1516876837.jpg?lm=1,0.0,0.0,,https://www.transfermarkt.co.uk/ivan-villar/profil/spieler/297194,ES1,Celta de Vigo,900000.0,2500000.0,2023,Iván Villar,ESP-La Liga,2324,Celta Vigo,Iván Villar,ESP,GK,26,1997,12,12,1014,11.3,18,1.6,45,27,60.0,2,4,6,0,0.0,3,2,1,0,33.3,26.45311430527036,1286.0
298197,2023-12-22,2000000,Deportivo Alavés,1108,ES1,Antonio,Sivera,Antonio Sivera,2025,1108,antonio-sivera,Spain,Xàbia  ,Spain,1996-08-11 00:00:00,Goalkeeper,Goalkeeper,right,185.0,2027-06-30 00:00:00,THE·TEAM,https://img.a.transfermarkt.technology/portrait/header/298197-1713856039.jpg?lm=1,10.0,0.0,,https://www.transfermarkt.co.uk/antonio-sivera/profil/spieler/298197,ES1,Deportivo Alavés,6000000.0,6000000.0,2023,Antonio Sivera,ESP-La Liga,2324,Alavés,Antonio Sivera,ESP,GK,26,1996,34,34,3060,34.0,38,1.12,125,87,69.6,11,8,15,9,26.5,8,8,0,0,0.0,27.362080766598222,1286.0
316884,2023-12-22,1500000,RCD Mallorca,237,ES1,Dominik,Greif,Dominik Greif,2025,1041,dominik-greif,Slovakia,Bratislava  ,Slovakia,1997-04-06 00:00:00,Goalkeeper,Goalkeeper,right,197.0,2029-06-30 00:00:00,Stars & Friends,https://img.a.transfermarkt.technology/portrait/header/316884-1773950159.jpg?lm=1,5.0,0.0,,https://www.transfermarkt.co.uk/dominik-greif/profil/spieler/316884,FR1,Olympique Lyon,9000000.0,9000000.0,2023,Dominik Greif,ESP-La Liga,2324,Mallorca,Dominik Greif,SVK,GK,26,1997,1,1,90,1.0,0,0.0,4,4,100.0,0,1,0,1,100.0,0,0,0,0,,26.71047227926078,2017.0
367464,2023-12-22,5000000,UD Almería,3302,ES1,Luís,Maximiano,Luís Maximiano,2025,34911,luis-maximiano,Portugal,Celeirós  ,Portugal,1999-01-05 00:00:00,Goalkeeper,Goalkeeper,both,190.0,2029-06-30 00:00:00,AS1,https://img.a.transfermarkt.technology/portrait/header/367464-1732734603.jpg?lm=1,2.0,0.0,,https://www.transfermarkt.co.uk/luis-maximiano/profil/spieler/367464,SA1,Neom Sports Club,3200000.0,12000000.0,2023,Luís Maximiano,ESP-La Liga,2324,Almería,Luís Maximiano,POR,GK,24,1999,33,33,2970,33.0,63,1.91,171,112,63.2,2,11,20,3,9.1,7,4,1,2,20.0,24.960985626283367,2017.0
397676,2023-12-22,1800000,Rayo Vallecano,367,ES1,Dani,Cárdenas,Dani Cárdenas,2025,367,dani-cardenas,Spain,Terrassa  ,Spain,1997-03-28 00:00:00,Goalkeeper,Goalkeeper,right,186.0,2027-06-30 00:00:00,,https://img.a.transfermarkt.technology/portrait/header/397676-1663571879.jpg?lm=1,,,,https://www.transfermarkt.co.uk/dani-cardenas/profil/spieler/397676,ES1,Rayo Vallecano,1800000.0,2000000.0,2023,Dani Cárdenas,ESP-La Liga,2324,Rayo Vallecano,Dani Cárdenas,ESP,GK,26,1997,1,1,90,1.0,1,1.0,1,0,0.0,0,0,1,0,0.0,0,0,0,0,,26.73511293634497,1286.0
404839,2023-12-22,8000000,Real Madrid,418,ES1,Andriy,Lunin,Andriy Lunin,2025,418,andriy-lunin,Ukraine,"Krasnograd, Kharkiv Oblast  ",Ukraine,1999-02-11 00:00:00,Goalkeeper,Goalkeeper,right,191.0,2030-06-30 00:00:00,Gestifute,https://img.a.transfermarkt.technology/portrait/header/404839-1701294131.jpg?lm=1,16.0,0.0,,https://www.transfermarkt.co.uk/andriy-lunin/profil/spieler/404839,ES1,Real Madrid,12000000.0,25000000.0,2023,Andriy Lunin,ESP-La Liga,2324,Real Madrid,Andriy Lunin,UKR,GK,24,1999,21,21,1890,21.0,17,0.81,65,48,73.8,16,5,0,4,19.0,1,1,0,0,0.0,24.859685147159478,2382.0
417913,2023-12-22,8000000,UD Las Palmas,472,ES1,Álvaro,Valles,Álvaro Valles,2025,150,alvaro-valles,Spain,La Rinconada  ,Spain,1997-07-25 00:00:00,Goalkeeper,Goalkeeper,right,191.0,2030-06-30 00:00:00,Gersh,https://img.a.transfermarkt.technology/portrait/header/417913-1773343747.jpg?lm=1,,,,https://www.transfermarkt.co.uk/alvaro-valles/profil/spieler/417913,ES1,Real Betis Balompié,7000000.0,15000000.0,2023,Álvaro Vallés,ESP-La Liga,2324,Las Palmas,Álvaro Vallés,ESP,GK,26,1997,37,37,3263,36.3,44,1.21,147,109,70.1,10,10,17,8,21.6,8,4,3,1,42.9,26.409308692676248,2382.0
438682,2023-12-22,1000000,Getafe CF,3709,ES1,,Daniel Fuzato,Daniel Fuzato,2025,978,daniel-fuzato,Brazil,Santa Bárbara d’Oeste  ,Brazil,1997-07-04 00:00:00,Goalkeeper,Goalkeeper,right,190.0,2026-12-31 00:00:00,,https://img.a.transfermarkt.technology/portrait/header/438682-1696862993.jpg?lm=1,0.0,0.0,,https://www.transfermarkt.co.uk/daniel-fuzato/profil/spieler/438682,BRA1,Club de Regatas Vasco da Gama,900000.0,1000000.0,2023,Daniel Fuzato,ESP-La Liga,2324,Getafe,Daniel Fuzato,BRA,GK,26,1997,1,0,7,0.1,2,25.71,2,0,0.0,0,0,0,0,,0,0,0,0,,26.466803559206024,1105.0
502676,2023-12-22,30000000,Valencia CF,1049,ES1,Giorgi,Mamardashvili,Giorgi Mamardashvili,2025,31,giorgi-mamardashvili,Georgia,Tiflis  ,Georgia,2000-09-29 00:00:00,Goalkeeper,Goalkeeper,left,197.0,2031-06-30 00:00:00,Free Football,https://img.a.transfermarkt.technology/portrait/header/502676-1716542116.jpg?lm=1,38.0,0.0,,https://www.transfermarkt.co.uk/giorgi-mamardashvili/profil/spieler/502676,GB1,Liverpool FC,28000000.0,45000000.0,2023,Giorgi Mamardashvili,ESP-La Liga,2324,Valencia,Giorgi Mamardashvili,GEO,GK,22,2000,37,37,3284,36.5,41,1.12,140,104,70.7,13,10,14,9,24.3,6,3,3,0,50.0,23.227926078028748,2747.0
585323,2023-12-22,15000000,Villarreal CF,1050,ES1,Filip,Jørgensen,Filip Jørgensen,2025,631,filip-jorgensen,Sweden,Lomma  ,Denmark,2002-04-16 00:00:00,Goalkeeper,Goalkeeper,right,192.0,2031-06-30 00:00:00,LIAN Sports Group,https://img.a.transfermarkt.technology/portrait/header/585323-1718280485.jpg?lm=1,2.0,0.0,,https://www.transfermarkt.co.uk/filip-jorgensen/profil/spieler/585323,GB1,Chelsea FC,15000000.0,20000000.0,2023,Filip Jørgensen,ESP-La Liga,2324,Villarreal,Filip Jørgensen,DEN,GK,21,2002,36,36,3240,36.0,63,1.75,206,143,69.4,13,10,13,3,8.3,5,5,0,0,0.0,21.683778234086244,2747.0
625014,2023-12-22,5000000,Athletic Bilbao,621,ES1,Julen,Agirrezabala,Julen Agirrezabala,2025,1049,julen-agirrezabala,Spain,Donostia-San Sebastián  ,Spain,2000-12-26 00:00:00,Goalkeeper,Goalkeeper,left,187.0,2027-06-30 00:00:00,Gersh,https://img.a.transfermarkt.technology/portrait/header/625014-1709674945.png?lm=1,8.0,0.0,,https://www.transfermarkt.co.uk/julen-agirrezabala/profil/spieler/625014,ES1,Valencia CF,9000000.0,15000000.0,2023,Julen Agirrezabala,ESP-La Liga,2324,Athletic Club,Julen Agirrezabala,ESP,GK,22,2000,4,2,238,2.6,4,1.51,12,8,66.7,1,0,1,1,50.0,0,0,0,0,,22.986995208761122,1286.0
625657,2023-12-22,300000,Real Sociedad,681,ES1,Unai,Marrero,Unai Marrero,2025,681,unai-marrero,Spain,Donostia-San Sebastián  ,Spain,2001-10-09 00:00:00,Goalkeeper,Goalkeeper,right,189.0,2030-06-30 00:00:00,IDUB GLOBAL,https://img.a.transfermarkt.technology/portrait/header/625657-1692370133.jpg?lm=1,,,,https://www.transfermarkt.co.uk/unai-marrero/profil/spieler/625657,ES1,Real Sociedad,1000000.0,1000000.0,2023,Unai Marrero,ESP-La Liga,2324,Real Sociedad,Unai Marrero,ESP,GK,21,2001,2,1,142,1.6,3,1.9,6,3,50.0,0,0,1,0,0.0,1,1,0,0,0.0,22.20123203285421,2382.0
631693,2023-12-22,200000,Deportivo Alavés,1108,ES1,Jesús,Owono,Jesús Owono,2024,1108,jesus-owono,Equatorial Guinea,Bata  ,Equatorial Guinea,2001-03-01 00:00:00,Goalkeeper,Goalkeeper,both,186.0,2026-06-30 00:00:00,Wasserman,https://img.a.transfermarkt.technology/portrait/header/631693-1767009098.jpg?lm=1,43.0,0.0,,https://www.transfermarkt.co.uk/jesus-owono/profil/spieler/631693,ES1,Deportivo Alavés,1000000.0,1000000.0,2023,Jesús Owono,ESP-La Liga,2324,Alavés,Jesús Owono,EQG,GK,22,2001,4,4,360,4.0,8,2.0,24,16,66.7,1,2,1,1,25.0,0,0,0,0,,22.809034907597535,921.0
112541,2023-12-27,1000000,Qarabağ FK,10625,,Andrey,Lunev,Andrey Lunev,2025,121,andrey-lunev,UdSSR,Moskau  ,Russia,1991-11-13 00:00:00,Goalkeeper,Goalkeeper,right,190.0,2027-06-30 00:00:00,,https://img.a.transfermarkt.technology/portrait/header/112541-1721727463.png?lm=1,9.0,0.0,,https://www.transfermarkt.co.uk/andrey-lunev/profil/spieler/112541,RU1,FK Dinamo Moskva,800000.0,10500000.0,2023,Andriy Lunin,ESP-La Liga,2324,Real Madrid,Andriy Lunin,UKR,GK,24,1999,21,21,1890,21.0,17,0.81,65,48,73.8,16,5,0,4,19.0,1,1,0,0,0.0,32.120465434633815,1281.0
192968,2023-12-27,200000,FC Vizela,6912,PO1,Francesco,Ruberto,Francesco Ruberto,2025,321,francesco-ruberto,Italy,Sambiase  ,Switzerland,1993-03-19 00:00:00,Goalkeeper,Goalkeeper,right,187.0,2028-06-30 00:00:00,Signature - ISCM AG,https://img.a.transfermarkt.technology/portrait/header/192968-1772117104.jpg?lm=1,,,,https://www.transfermarkt.co.uk/francesco-ruberto/profil/spieler/192968,C1,FC Sion,50000.0,600000.0,2023,Francesco Rossi,ITA-Serie A,2324,Atalanta,Francesco Rossi,ITA,GK,32,1991,1,0,5,0.1,0,0.0,1,1,100.0,0,0,0,1,,0,0,0,0,,30.77344284736482,1647.0
465682,2023-12-28,1000000,Montevideo Wanderers,2403,,Mauro,Silveira,Mauro Silveira,2025,11854,mauro-silveira,Uruguay,Montevideo  ,Uruguay,2000-05-06 00:00:00,Goalkeeper,Goalkeeper,right,187.0,2028-06-30 00:00:00,JM Agente Deportivo,https://img.a.transfermarkt.technology/portrait/header/465682-1752505115.JPG?lm=1,0.0,0.0,,https://www.transfermarkt.co.uk/mauro-silveira/profil/spieler/465682,COL1,Junior FC,1000000.0,1000000.0,2023,Marco Silvestri,ITA-Serie A,2324,Udinese,Marco Silvestri,ITA,GK,32,1991,17,17,1530,17.0,28,1.65,69,41,59.4,1,11,5,4,23.5,6,6,0,0,0.0,23.644079397672826,1646.0
540058,2023-12-28,200000,PAOK Thessaloniki,1091,GR1,Christos,Talichmanidis,Christos Talichmanidis,2024,1091,christos-talichmanidis,Greece,Thessaloniki  ,Greece,2001-03-16 00:00:00,Goalkeeper,Goalkeeper,right,187.0,2026-05-31 00:00:00,Perpetuum IQ,https://img.a.transfermarkt.technology/portrait/header/540058-1773089077.png?lm=1,1.0,0.0,,https://www.transfermarkt.co.uk/christos-talichmanidis/profil/spieler/540058,GR1,Panthessalonikios Athlitikos Omilos Konstantinoupoliton,400000.0,400000.0,2023,Christos Mandas,ITA-Serie A,2324,Lazio,Christos Mandas,GRE,GK,21,2001,9,8,721,8.0,6,0.75,29,23,79.3,6,1,1,2,25.0,0,0,0,0,,22.784394250513348,885.0
280379,2023-12-29,500000,CF Monterrey,2407,MEX1,Luis,Cárdenas,Luis Cárdenas,2025,2407,luis-cardenas,Mexico,Los Mochis  ,Mexico,1993-09-15 00:00:00,Goalkeeper,Goalkeeper,right,176.0,2028-06-30 00:00:00,EL C1EL0,https://img.a.transfermarkt.technology/portrait/header/280379-1580827417.png?lm=1,0.0,0.0,,https://www.transfermarkt.co.uk/luis-cardenas/profil/spieler/280379,MEX1,CF Monterrey,200000.0,600000.0,2023,Dani Cárdenas,ESP-La Liga,2324,Rayo Vallecano,Dani Cárdenas,ESP,GK,26,1997,1,1,90,1.0,1,1.0,1,0,0.0,0,0,1,0,0.0,0,0,0,0,,30.286105407255306,1645.0
491542,2024-03-04,4500000,CD Cruz Azul,3711,MEX1,Kevin,Mier,Kevin Mier,2025,3711,kevin-mier,Colombia,Barrancabermeja  ,Colombia,2000-05-18 00:00:00,Goalkeeper,Goalkeeper,right,187.0,2029-06-30 00:00:00,Elite Player,https://img.a.transfermarkt.technology/portrait/header/491542-1693600544.JPG?lm=1,3.0,0.0,,https://www.transfermarkt.co.uk/kevin-mier/profil/spieler/491542,MEX1,CD Cruz Azul,6000000.0,8000000.0,2023,Kevin Müller,,2324,Heidenheim,Kevin Müller,GER,GK,32,1991,34,34,3060,34.0,55,1.62,178,123,69.1,10,12,12,5,14.7,10,7,1,2,12.5,23.794661190965094,1944.0
316729,2024-03-11,200000,SKN St. Pölten,2662,,Thomas,Turner,Thomas Turner,2025,2157,thomas-turner,Austria,Schärding  ,Austria,1998-03-03 00:00:00,Goalkeeper,Goalkeeper,left,191.0,,SEG,https://img.a.transfermarkt.technology/portrait/header/316729-1755081867.jpg?lm=1,,,,https://www.transfermarkt.co.uk/thomas-turner/profil/spieler/316729,A1,FC Blau-Weiss Linz,200000.0,250000.0,2023,Matt Turner,ENG-Premier League,2324,Nottingham,Matt Turner,USA,GK,29,1994,17,17,1530,17.0,28,1.65,83,55,66.3,4,5,8,2,11.8,2,2,0,0,0.0,26.023271731690624,0.0
45026,2024-03-12,2000000,AS Roma,12,IT1,Rui,Patrício,Rui Patrício,2024,800,rui-patricio,Portugal,Leiria  ,Portugal,1988-02-15 00:00:00,Goalkeeper,Goalkeeper,left,190.0,,Gestifute,https://img.a.transfermarkt.technology/portrait/header/45026-1716296132.jpg?lm=1,108.0,0.0,,https://www.transfermarkt.co.uk/rui-patricio/profil/spieler/45026,IT1,Atalanta BC,600000.0,20000000.0,2023,Rui Patrício,ITA-Serie A,2324,Roma,Rui Patrício,POR,GK,35,1988,23,23,2070,23.0,27,1.17,76,49,64.5,11,5,7,6,26.1,3,2,0,1,0.0,36.07118412046543,0.0
85528,2024-03-12,2000000,Udinese Calcio,410,IT1,Marco,Silvestri,Marco Silvestri,2025,2239,marco-silvestri,Italy,Castelnovo ne' Monti  ,Italy,1991-03-02 00:00:00,Goalkeeper,Goalkeeper,right,191.0,,Team Raiola,https://img.a.transfermarkt.technology/portrait/header/85528-1663664993.jpg?lm=1,0.0,0.0,,https://www.transfermarkt.co.uk/marco-silvestri/profil/spieler/85528,IT1,US Cremonese,500000.0,10000000.0,2023,Marco Silvestri,ITA-Serie A,2324,Udinese,Marco Silvestri,ITA,GK,32,1991,17,17,1530,17.0,28,1.65,69,41,59.4,1,11,5,4,23.5,6,6,0,0,0.0,33.02943189596167,0.0
182906,2024-03-12,40000000,AC Milan,5,IT1,Mike,Maignan,Mike Maignan,2025,5,mike-maignan,French Guiana,Cayenne  ,France,1995-07-03 00:00:00,Goalkeeper,Goalkeeper,right,191.0,2031-06-30 00:00:00,ESN,https://img.a.transfermarkt.technology/portrait/header/182906-1681459155.jpg?lm=1,46.0,0.0,,https://www.transfermarkt.co.uk/mike-maignan/profil/spieler/182906,IT1,AC Milan,20000000.0,45000000.0,2023,Mike Maignan,ITA-Serie A,2324,Milan,Mike Maignan,FRA,GK,28,1995,29,29,2609,29.0,34,1.17,121,87,71.9,19,5,5,11,37.9,7,7,0,0,0.0,28.692676249144423,2666.0
242359,2024-03-12,6500000,Atalanta BC,800,IT1,Juan,Musso,Juan Musso,2025,13,juan-musso,Argentina,San Nicolás de los Arroyos  ,Argentina,1994-05-06 00:00:00,Goalkeeper,Goalkeeper,right,193.0,2028-06-30 00:00:00,,https://img.a.transfermarkt.technology/portrait/header/242359-1663583047.jpg?lm=1,4.0,0.0,,https://www.transfermarkt.co.uk/juan-musso/profil/spieler/242359,ES1,Atlético de Madrid,3000000.0,20000000.0,2023,Juan Musso,ITA-Serie A,2324,Atalanta,Juan Musso,ARG,GK,29,1994,11,11,990,11.0,12,1.09,35,23,65.7,6,1,4,6,54.5,2,2,0,0,0.0,29.8507871321013,1571.0
301238,2024-03-12,15000000,AC Monza,2919,IT1,Michele,Di Gregorio,Michele Di Gregorio,2025,506,michele-di-gregorio,Italy,Milano  ,Italy,1997-07-27 00:00:00,Goalkeeper,Goalkeeper,right,187.0,2029-06-30 00:00:00,,https://img.a.transfermarkt.technology/portrait/header/301238-1730125609.jpg?lm=1,0.0,0.0,,https://www.transfermarkt.co.uk/michele-di-gregorio/profil/spieler/301238,IT1,Juventus FC,10000000.0,18000000.0,2023,Michele Di Gregorio,ITA-Serie A,2324,Monza,Michele Di Gregorio,ITA,GK,26,1997,33,33,2872,31.9,35,1.1,155,124,77.4,11,11,11,12,36.4,5,3,2,0,40.0,26.625598904859686,1936.0
338670,2024-03-12,4000000,AS Roma,12,IT1,Mile,Svilar,Mile Svilar,2025,12,mile-svilar,Belgium,Antwerpen  ,Serbia,1999-08-27 00:00:00,Goalkeeper,Goalkeeper,right,189.0,2030-06-30 00:00:00,Universal Twenty Two,https://img.a.transfermarkt.technology/portrait/header/338670-1725532174.jpg?lm=1,1.0,0.0,,https://www.transfermarkt.co.uk/mile-svilar/profil/spieler/338670,IT1,Associazione Sportiva Roma,35000000.0,35000000.0,2023,Mile Svilar,ITA-Serie A,2324,Roma,Mile Svilar,SRB,GK,23,1999,15,15,1350,15.0,19,1.27,77,59,75.3,7,4,4,5,33.3,2,1,1,0,50.0,24.542094455852155,2301.0
340353,2024-03-12,3000000,Udinese Calcio,410,IT1,Maduka,Okoye,Maduka Okoye,2025,410,maduka-okoye,Germany,Düsseldorf  ,Nigeria,1999-08-28 00:00:00,Goalkeeper,Goalkeeper,right,198.0,2028-06-30 00:00:00,THE·TEAM,https://img.a.transfermarkt.technology/portrait/header/340353-1729542646.jpg?lm=1,21.0,0.0,,https://www.transfermarkt.co.uk/maduka-okoye/profil/spieler/340353,IT1,Udinese Calcio,10000000.0,10000000.0,2023,Maduka Okoye,ITA-Serie A,2324,Udinese,Maduka Okoye,NGA,GK,23,1999,21,21,1890,21.0,25,1.19,90,65,72.2,5,8,8,4,19.0,3,3,0,0,0.0,24.539356605065024,1571.0
388516,2024-03-12,6000000,Genoa CFC,252,IT1,Josep,Martínez,Josep Martínez,2025,46,josep-martinez,Spain,Alzira  ,Spain,1998-05-27 00:00:00,Goalkeeper,Goalkeeper,right,191.0,2029-06-30 00:00:00,,https://img.a.transfermarkt.technology/portrait/header/388516-1686153132.jpg?lm=1,1.0,0.0,,https://www.transfermarkt.co.uk/josep-martinez/profil/spieler/388516,IT1,Inter Milan,10000000.0,12000000.0,2023,Josep Martinez,ITA-Serie A,2324,Genoa,Josep Martinez,ESP,GK,25,1998,36,36,3239,36.0,43,1.19,130,87,66.9,11,13,12,8,22.2,4,3,1,0,25.0,25.793292265571527,1936.0
459763,2024-03-12,15000000,Atalanta BC,800,IT1,Marco,Carnesecchi,Marco Carnesecchi,2025,800,marco-carnesecchi,Italy,Rimini  ,Italy,2000-07-01 00:00:00,Goalkeeper,Goalkeeper,right,191.0,2028-06-30 00:00:00,World Soccer Agency,https://img.a.transfermarkt.technology/portrait/header/459763-1695027944.jpg?lm=1,0.0,0.0,,https://www.transfermarkt.co.uk/marco-carnesecchi/profil/spieler/459763,IT1,Atalanta BC,30000000.0,30000000.0,2023,Marco Carnesecchi,ITA-Serie A,2324,Atalanta,Marco Carnesecchi,ITA,GK,23,2000,27,27,2425,26.9,30,1.11,101,76,70.3,15,5,7,8,29.6,7,4,2,1,33.3,23.696098562628336,1571.0
542588,2024-03-12,800000,AC Monza,2919,IT1,Alessandro,Sorrentino,Alessandro Sorrentino,2024,2919,alessandro-sorrentino,Italy,Guardiagrele  ,Italy,2002-04-03 00:00:00,Goalkeeper,Goalkeeper,right,190.0,2026-06-30 00:00:00,SP GROUP,https://img.a.transfermarkt.technology/portrait/header/542588-1657778358.jpg?lm=1,1.0,0.0,,https://www.transfermarkt.co.uk/alessandro-sorrentino/profil/spieler/542588,IT1,AC Monza,450000.0,800000.0,2023,Alessandro Sorrentino,ITA-Serie A,2324,Monza,Alessandro Sorrentino,ITA,GK,21,2002,7,5,548,6.1,16,2.63,32,16,50.0,0,1,4,0,0.0,4,4,0,0,0.0,21.94113620807666,840.0
124419,2024-03-14,9000000,Nottingham Forest,703,GB1,Odysseas,Vlachodimos,Odysseas Vlachodimos,2025,368,odysseas-vlachodimos,Germany,Stuttgart  ,Greece,1994-04-26 00:00:00,Goalkeeper,Goalkeeper,right,191.0,2027-06-30 00:00:00,fair-sport GmbH,https://img.a.transfermarkt.technology/portrait/header/124419-1706829687.jpg?lm=1,53.0,0.0,,https://www.transfermarkt.co.uk/odysseas-vlachodimos/profil/spieler/124419,ES1,Sevilla FC,3000000.0,18000000.0,2023,Odysseas Vlachodimos,ENG-Premier League,2324,Nottingham,Odysseas Vlachodimos,GRE,GK,29,1994,5,5,450,5.0,12,2.4,22,10,45.5,1,0,4,1,20.0,1,1,0,0,0.0,29.883641341546884,1203.0
286047,2024-03-14,35000000,Tottenham Hotspur,148,GB1,Guglielmo,Vicario,Guglielmo Vicario,2025,148,guglielmo-vicario,Italy,Udine  ,Italy,1996-10-07 00:00:00,Goalkeeper,Goalkeeper,right,194.0,2028-06-30 00:00:00,THE·TEAM,https://img.a.transfermarkt.technology/portrait/header/286047-1725874745.jpg?lm=1,5.0,0.0,,https://www.transfermarkt.co.uk/guglielmo-vicario/profil/spieler/286047,GB1,Tottenham Hotspur,18000000.0,35000000.0,2023,Guglielmo Vicario,ENG-Premier League,2324,Tottenham,Guglielmo Vicario,ITA,GK,26,1996,38,38,3420,38.0,61,1.61,171,110,64.3,20,6,12,6,15.8,7,7,0,0,0.0,27.433264887063654,1569.0
340918,2024-03-14,18000000,Liverpool FC,31,GB1,Caoimhín,Kelleher,Caoimhín Kelleher,2025,1148,caoimhin-kelleher,Ireland,Cork  ,Ireland,1998-11-23 00:00:00,Goalkeeper,Goalkeeper,right,188.0,2030-06-30 00:00:00,ROOF,https://img.a.transfermarkt.technology/portrait/header/340918-1708933663.jpg?lm=1,32.0,0.0,,https://www.transfermarkt.co.uk/caoimhin-kelleher/profil/spieler/340918,GB1,Brentford FC,28000000.0,28000000.0,2023,Caoimhín Kelleher,ENG-Premier League,2324,Liverpool,Caoimhín Kelleher,IRL,GK,24,1998,10,10,900,10.0,11,1.1,39,28,71.8,8,2,0,2,20.0,0,0,0,0,,25.305954825462013,2299.0
403151,2024-03-14,25000000,Chelsea FC,631,GB1,Robert,Sánchez,Robert Sánchez,2025,631,robert-sanchez,Spain,Cartagena  ,Spain,1997-11-18 00:00:00,Goalkeeper,Goalkeeper,right,197.0,2030-06-30 00:00:00,CAA Stellar,https://img.a.transfermarkt.technology/portrait/header/403151-1695028195.jpg?lm=1,3.0,0.0,,https://www.transfermarkt.co.uk/robert-sanchez/profil/spieler/403151,GB1,Chelsea FC,22000000.0,32000000.0,2023,Robert Sánchez,ENG-Premier League,2324,Chelsea,Robert Sánchez,ESP,GK,25,1997,16,16,1433,15.9,25,1.57,77,52,67.5,5,4,7,3,18.8,3,2,1,0,33.3,26.31895961670089,2299.0
425306,2024-03-14,9000000,Nottingham Forest,703,GB1,Matt,Turner,Matt Turner,2025,626,matt-turner,United States,"Park Ridge, New Jersey  ",United States,1994-06-24 00:00:00,Goalkeeper,Goalkeeper,right,190.0,2026-06-30 00:00:00,THE·TEAM,https://img.a.transfermarkt.technology/portrait/header/425306-1771708610.jpg?lm=1,54.0,0.0,3505.0,https://www.transfermarkt.co.uk/matt-turner/profil/spieler/425306,MLS1,New England Revolution,2500000.0,10000000.0,2023,Matt Turner,ENG-Premier League,2324,Nottingham,Matt Turner,USA,GK,29,1994,17,17,1530,17.0,28,1.65,83,55,66.3,4,5,8,2,11.8,2,2,0,0,0.0,29.72210814510609,838.0
427568,2024-03-14,25000000,Arsenal FC,11,GB1,Aaron,Ramsdale,Aaron Ramsdale,2025,762,aaron-ramsdale,England,Stoke-on-Trent  ,England,1998-05-14 00:00:00,Goalkeeper,Goalkeeper,right,190.0,2028-06-30 00:00:00,World in Motion,https://img.a.transfermarkt.technology/portrait/header/427568-1681828000.jpg?lm=1,5.0,0.0,,https://www.transfermarkt.co.uk/aaron-ramsdale/profil/spieler/427568,GB1,Newcastle United,12000000.0,40000000.0,2023,Aaron Ramsdale,ENG-Premier League,2324,Arsenal,Aaron Ramsdale,ENG,GK,25,1998,6,6,540,6.0,5,0.83,14,9,64.3,5,1,0,2,33.3,0,0,0,0,,25.83436002737851,1569.0
566799,2024-03-14,18000000,Burnley FC,1132,GB1,James,Trafford,James Trafford,2025,281,james-trafford,England,Greysouthen  ,England,2002-10-10 00:00:00,Goalkeeper,Goalkeeper,right,192.0,2030-06-30 00:00:00,,https://img.a.transfermarkt.technology/portrait/header/566799-1689876147.jpg?lm=1,2.0,0.0,,https://www.transfermarkt.co.uk/james-trafford/profil/spieler/566799,GB1,Manchester City,25000000.0,30000000.0,2023,James Trafford,ENG-Premier League,2324,Burnley,James Trafford,ENG,GK,20,2002,28,28,2520,28.0,62,2.21,168,106,63.1,3,5,20,2,7.1,5,5,0,0,0.0,21.426420260095824,2299.0
124884,2024-03-19,4000000,Stade Brestois 29,3911,FR1,Marco,Bizot,Marco Bizot,2025,405,marco-bizot,Netherlands,Hoorn  ,Netherlands,1991-03-10 00:00:00,Goalkeeper,Goalkeeper,right,193.0,2027-06-30 00:00:00,Key United,https://img.a.transfermarkt.technology/portrait/header/124884-1707302509.jpg?lm=1,1.0,0.0,,https://www.transfermarkt.co.uk/marco-bizot/profil/spieler/124884,GB1,Aston Villa,1500000.0,7000000.0,2023,Marco Bizot,FRA-Ligue 1,2324,Brest,Marco Bizot,NED,GK,32,1991,32,32,2876,32.0,34,1.06,129,95,73.6,15,10,7,11,34.4,3,2,1,0,33.3,33.02669404517454,1198.0
251322,2024-03-19,7000000,AS Monaco,162,FR1,Philipp,Köhn,Philipp Köhn,2025,162,philipp-kohn,Germany,Dinslaken  ,Switzerland,1998-04-02 00:00:00,Goalkeeper,Goalkeeper,right,190.0,2028-06-30 00:00:00,,https://img.a.transfermarkt.technology/portrait/header/251322-1661531623.png?lm=1,0.0,0.0,,https://www.transfermarkt.co.uk/philipp-kohn/profil/spieler/251322,FR1,AS Monaco,3500000.0,8000000.0,2023,Philipp Köhn,FRA-Ligue 1,2324,Monaco,Philipp Köhn,SUI,GK,25,1998,22,22,1980,22.0,32,1.45,98,66,67.3,11,5,6,5,22.7,6,5,1,0,16.7,25.963039014373717,1564.0
286415,2024-03-19,10000000,Olympique Marseille,244,FR1,Pau,López,Pau López,2025,150,pau-lopez,Spain,Girona  ,Spain,1994-12-13 00:00:00,Goalkeeper,Goalkeeper,left,189.0,2028-06-30 00:00:00,Goal Management,https://img.a.transfermarkt.technology/portrait/header/286415-1762266591.jpg?lm=1,2.0,0.0,,https://www.transfermarkt.co.uk/pau-lopez/profil/spieler/286415,ES1,Real Betis Balompié,2500000.0,24000000.0,2023,Pau López,FRA-Ligue 1,2324,Marseille,Pau López,ESP,GK,28,1994,33,33,2939,32.7,39,1.19,125,88,68.8,13,11,9,7,21.2,3,3,0,0,0.0,29.26488706365503,1564.0
346546,2024-03-19,3000000,AS Monaco,162,FR1,Radoslaw,Majecki,Radoslaw Majecki,2025,3911,radoslaw-majecki,Poland,Starachowice  ,Poland,1999-11-16 00:00:00,Goalkeeper,Goalkeeper,right,193.0,2028-06-30 00:00:00,ROOF,https://img.a.transfermarkt.technology/portrait/header/346546-1672484869.jpg?lm=1,1.0,0.0,,https://www.transfermarkt.co.uk/radoslaw-majecki/profil/spieler/346546,FR1,Stade Brestois 29,2500000.0,7000000.0,2023,Radosław Majecki,FRA-Ligue 1,2324,Monaco,Radosław Majecki,POL,GK,23,1999,12,12,1080,12.0,10,0.83,57,46,82.5,9,2,1,5,41.7,0,0,0,0,,24.33949349760438,1564.0
357117,2024-03-19,10000000,FC Nantes,995,FR1,Alban,Lafont,Alban Lafont,2025,265,alban-lafont,Burkina Faso,Ouagadougou  ,Cote d'Ivoire,1999-01-23 00:00:00,Goalkeeper,Goalkeeper,right,196.0,2027-06-30 00:00:00,Sport Cover,https://img.a.transfermarkt.technology/portrait/header/357117-1756042679.png?lm=1,4.0,0.0,,https://www.transfermarkt.co.uk/alban-lafont/profil/spieler/357117,GR1,Panathinaikos Athlitikos Omilos,3000000.0,20000000.0,2023,Alban Lafont,FRA-Ligue 1,2324,Nantes,Alban Lafont,CIV,GK,24,1999,28,28,2496,27.7,43,1.55,111,75,61.3,7,4,17,6,21.4,8,8,0,0,0.0,25.152635181382614,1198.0
379869,2024-03-19,2500000,Le Havre AC,738,FR1,Arthur,Desmas,Arthur Desmas,2024,738,arthur-desmas,France,Brest  ,France,1994-04-07 00:00:00,Goalkeeper,Goalkeeper,right,196.0,,Team Spirit Football,https://img.a.transfermarkt.technology/portrait/header/379869-1625740346.jpg?lm=1,,,,https://www.transfermarkt.co.uk/arthur-desmas/profil/spieler/379869,FR1,Le Havre AC,2500000.0,2500000.0,2023,Arthur Desmas,FRA-Ligue 1,2324,Le Havre,Arthur Desmas,FRA,GK,29,1994,33,33,2970,33.0,43,1.3,154,111,72.1,7,11,15,7,21.2,3,1,1,1,50.0,29.949349760438057,0.0
463600,2024-03-19,22000000,LOSC Lille,1082,FR1,Lucas,Chevalier,Lucas Chevalier,2025,583,lucas-chevalier,France,Calais  ,France,2001-11-06 00:00:00,Goalkeeper,Goalkeeper,right,189.0,2030-06-30 00:00:00,,https://img.a.transfermarkt.technology/portrait/header/463600-1708342501.jpg?lm=1,1.0,0.0,,https://www.transfermarkt.co.uk/lucas-chevalier/profil/spieler/463600,FR1,Paris Saint-Germain,25000000.0,40000000.0,2023,Lucas Chevalier,FRA-Ligue 1,2324,Lille,Lucas Chevalier,FRA,GK,21,2001,33,33,2969,33.0,32,0.97,124,92,74.2,16,10,7,15,45.5,5,3,2,0,40.0,22.365503080082135,2294.0
465955,2024-03-19,18000000,OGC Nice,417,FR1,Marcin,Bulka,Marcin Bulka,2025,34911,marcin-bulka,Poland,Płock  ,Poland,1999-10-04 00:00:00,Goalkeeper,Goalkeeper,right,199.0,2029-06-30 00:00:00,Gol International,https://img.a.transfermarkt.technology/portrait/header/465955-1739970628.jpg?lm=1,6.0,0.0,,https://www.transfermarkt.co.uk/marcin-bulka/profil/spieler/465955,SA1,Neom Sports Club,12000000.0,20000000.0,2023,Marcin Bułka,FRA-Ligue 1,2324,Nice,Marcin Bułka,POL,GK,23,1999,34,34,3060,34.0,29,0.85,96,74,69.8,15,10,9,17,50.0,8,5,3,0,37.5,24.45722108145106,1929.0
525155,2024-03-19,400000,Stade Brestois 29,3911,FR1,Grégoire,Coudert,Grégoire Coudert,2025,3911,gregoire-coudert,France,Rodez  ,France,1999-04-03 00:00:00,Goalkeeper,Goalkeeper,left,192.0,2027-06-30 00:00:00,Gersh,https://img.a.transfermarkt.technology/portrait/header/525155-1632761084.jpg?lm=1,0.0,0.0,,https://www.transfermarkt.co.uk/gregoire-coudert/profil/spieler/525155,FR1,Stade Brestois 29,4000000.0,4000000.0,2023,Grégoire Coudert,FRA-Ligue 1,2324,Brest,Grégoire Coudert,FRA,GK,24,1999,3,2,181,2.0,0,0.0,4,4,100.0,2,0,0,2,100.0,0,0,0,0,,24.960985626283367,1198.0
667991,2024-03-19,1500000,RC Strasbourg Alsace,667,FR1,Alaa,Bellaarouch,Alaa Bellaarouch,2025,1075,alaa-bellaarouch,Morocco,Casablanca  ,Morocco,2002-02-01 00:00:00,Goalkeeper,Goalkeeper,right,189.0,2027-06-30 00:00:00,,https://img.a.transfermarkt.technology/portrait/header/667991-1732575150.png?lm=1,8.0,0.0,,https://www.transfermarkt.co.uk/alaa-bellaarouch/profil/spieler/667991,PO1,SC Braga,400000.0,2000000.0,2023,Alaa Bellaarouch,FRA-Ligue 1,2324,Strasbourg,Alaa Bellaarouch,MAR,GK,21,2002,15,15,1350,15.0,26,1.73,63,37,58.7,4,2,9,2,13.3,4,3,1,0,25.0,22.127310061601644,1198.0
912902,2024-03-19,12000000,FC Toulouse,415,FR1,Guillaume,Restes,Guillaume Restes,2025,415,guillaume-restes,France,Toulouse  ,France,2005-03-11 00:00:00,Goalkeeper,Goalkeeper,left,188.0,2028-06-30 00:00:00,Unique Sports Group,https://img.a.transfermarkt.technology/portrait/header/912902-1676656145.jpg?lm=1,19.0,0.0,,https://www.transfermarkt.co.uk/guillaume-restes/profil/spieler/912902,FR1,FC Toulouse,18000000.0,20000000.0,2023,Guillaume Restes,FRA-Ligue 1,2324,Toulouse,Guillaume Restes,FRA,GK,18,2005,34,34,3060,34.0,46,1.35,142,96,67.6,11,10,13,6,17.6,4,4,0,0,0.0,19.02258726899384,1564.0
40423,2024-03-21,900000,Real Betis Balompié,150,ES1,Claudio,Bravo,Claudio Bravo,2023,150,claudio-bravo,Chile,Buin  ,Chile,1983-04-13 00:00:00,Goalkeeper,Goalkeeper,right,184.0,,,https://img.a.transfermarkt.technology/portrait/header/40423-1691751378.jpg?lm=1,,,,https://www.transfermarkt.co.uk/claudio-bravo/profil/spieler/40423,ES1,Real Betis Balompié,800000.0,15000000.0,2023,Claudio Bravo,ESP-La Liga,2324,Real Betis,Claudio Bravo,CHI,GK,40,1983,7,7,630,7.0,5,0.71,22,17,77.3,3,4,0,2,28.6,0,0,0,0,,40.93908281998631,0.0
64399,2024-03-21,900000,Celta de Vigo,940,ES1,Vicente,Guaita,Vicente Guaita,2025,130,vicente-guaita,Spain,Torrent  ,Spain,1987-01-10 00:00:00,Goalkeeper,Goalkeeper,right,190.0,,JCRsport,https://img.a.transfermarkt.technology/portrait/header/64399-1744193190.jpg?lm=1,,,,https://www.transfermarkt.co.uk/vicente-guaita/profil/spieler/64399,IT1,Parma Calcio 1913,400000.0,10000000.0,2023,Vicente Guaita,ESP-La Liga,2324,Celta Vigo,Vicente Guaita,ESP,GK,36,1987,27,26,2403,26.7,39,1.46,122,83,68.0,8,7,11,2,7.7,5,4,0,1,0.0,37.1937029431896,0.0
73517,2024-03-21,1500000,Sevilla FC,368,ES1,Ørjan,Nyland,Ørjan Nyland,2025,368,orjan-nyland,Norway,Volda  ,Norway,1990-09-10 00:00:00,Goalkeeper,Goalkeeper,right,192.0,,,https://img.a.transfermarkt.technology/portrait/header/73517-1779430891.jpg?lm=1,75.0,0.0,,https://www.transfermarkt.co.uk/orjan-nyland/profil/spieler/73517,ES1,Sevilla FC,800000.0,3000000.0,2023,Ørjan Nyland,ESP-La Liga,2324,Sevilla,Ørjan Nyland,NOR,GK,32,1990,24,24,2160,24.0,27,1.13,106,79,74.5,8,9,7,5,20.8,3,3,0,0,0.0,33.52772073921971,0.0
74857,2024-03-21,30000000,FC Barcelona,131,ES1,Marc-André,ter Stegen,Marc-André ter Stegen,2025,131,marc-andre-ter-stegen,Germany,Mönchengladbach  ,Germany,1992-04-30 00:00:00,Goalkeeper,Goalkeeper,right,187.0,2028-06-30 00:00:00,ROOF,https://img.a.transfermarkt.technology/portrait/header/74857-1674465246.jpg?lm=1,44.0,0.0,,https://www.transfermarkt.co.uk/marc-andre-ter-stegen/profil/spieler/74857,ES1,FC Barcelona,3000000.0,90000000.0,2023,Marc-André ter Stegen,ESP-La Liga,2324,Barcelona,Marc-André ter Stegen,GER,GK,31,1992,28,28,2520,28.0,27,0.96,102,75,73.5,20,5,3,12,42.9,2,2,0,0,0.0,31.890485968514717,1562.0
81997,2024-03-21,800000,UD Almería,3302,ES1,Fernando,Martínez,Fernando Martínez,2023,3302,fernando-martinez,Spain,Murcia  ,Spain,1990-06-10 00:00:00,Goalkeeper,Goalkeeper,right,183.0,2025-06-30 00:00:00,JV SPORTS,https://img.a.transfermarkt.technology/portrait/header/81997-1588059525.jpg?lm=1,,,,https://www.transfermarkt.co.uk/fernando-martinez/profil/spieler/81997,ES1,UD Almería,700000.0,2000000.0,2023,Emiliano Martínez,ENG-Premier League,2324,Aston Villa,Emiliano Martínez,ARG,GK,30,1992,34,34,3015,33.5,48,1.43,143,95,66.4,19,8,7,7,20.6,1,1,0,0,0.0,33.779603011635864,466.0
94308,2024-03-21,1000000,Sevilla FC,368,ES1,Marko,Dmitrovic,Marko Dmitrovic,2025,714,marko-dmitrovic,Jugoslawien (SFR),Subotica  ,Serbia,1992-01-24 00:00:00,Goalkeeper,Goalkeeper,left,189.0,2028-06-30 00:00:00,IDUB GLOBAL,https://img.a.transfermarkt.technology/portrait/header/94308-1669364494.jpg?lm=1,19.0,0.0,,https://www.transfermarkt.co.uk/marko-dmitrovic/profil/spieler/94308,ES1,RCD Espanyol Barcelona,700000.0,12000000.0,2023,Marko Dmitrović,ESP-La Liga,2324,Sevilla,Marko Dmitrović,SRB,GK,31,1992,13,13,1170,13.0,25,1.92,69,44,63.8,2,2,9,2,15.4,2,2,0,0,0.0,32.15605749486653,1562.0
108390,2024-03-21,30000000,Real Madrid,418,ES1,Thibaut,Courtois,Thibaut Courtois,2025,418,thibaut-courtois,Belgium,Bree  ,Belgium,1992-05-11 00:00:00,Goalkeeper,Goalkeeper,left,199.0,2027-06-30 00:00:00,RGM,https://img.a.transfermarkt.technology/portrait/header/108390-1717280733.jpg?lm=1,115.0,0.0,,https://www.transfermarkt.co.uk/thibaut-courtois/profil/spieler/108390,ES1,Real Madrid,15000000.0,75000000.0,2023,Thibaut Courtois,ESP-La Liga,2324,Real Madrid,Thibaut Courtois,BEL,GK,31,1992,4,4,332,3.7,0,0.0,16,15,100.0,3,1,0,0,0.0,0,0,0,0,,31.860369609856264,1196.0
118997,2024-03-21,2000000,CA Osasuna,331,ES1,Aitor,Fernández,Aitor Fernández,2025,331,aitor-fernandez,Spain,Arrasate  ,Spain,1991-05-03 00:00:00,Goalkeeper,Goalkeeper,right,182.0,2027-06-30 00:00:00,,https://img.a.transfermarkt.technology/portrait/header/118997-1683281584.jpg?lm=1,3.0,0.0,,https://www.transfermarkt.co.uk/aitor-fernandez/profil/spieler/118997,ES1,CA Osasuna,500000.0,10000000.0,2023,Aitor Fernández,ESP-La Liga,2324,Osasuna,Aitor Fernández,ESP,GK,32,1991,7,6,551,6.1,9,1.47,20,11,55.0,0,2,4,1,16.7,1,1,0,0,0.0,32.884325804243666,1196.0
121483,2024-03-21,30000000,Atlético de Madrid,13,ES1,Jan,Oblak,Jan Oblak,2025,13,jan-oblak,Slovenia,Škofja Loka  ,Slovenia,1993-01-07 00:00:00,Goalkeeper,Goalkeeper,right,188.0,2028-06-30 00:00:00,Miha Mlakar,https://img.a.transfermarkt.technology/portrait/header/121483-1719350076.jpg?lm=1,84.0,0.0,,https://www.transfermarkt.co.uk/jan-oblak/profil/spieler/121483,ES1,Atlético de Madrid,15000000.0,100000000.0,2023,Jan Oblak,ESP-La Liga,2324,Atlético Madrid,Jan Oblak,SVN,GK,30,1993,38,38,3420,38.0,43,1.13,144,101,70.1,24,4,10,11,28.9,2,1,0,1,0.0,31.200547570157426,1562.0
192279,2024-03-21,12000000,Real Madrid,418,ES1,Kepa,Arrizabalaga,Kepa Arrizabalaga,2025,11,kepa-arrizabalaga,Spain,Ondarroa  ,Spain,1994-10-03 00:00:00,Goalkeeper,Goalkeeper,right,188.0,2028-06-30 00:00:00,AC Talent,https://img.a.transfermarkt.technology/portrait/header/192279-1661855851.jpg?lm=1,13.0,0.0,,https://www.transfermarkt.co.uk/kepa-arrizabalaga/profil/spieler/192279,GB1,Arsenal FC,5000000.0,60000000.0,2023,Kepa Arrizabalaga,ESP-La Liga,2324,Real Madrid,Kepa Arrizabalaga,ESP,GK,28,1994,14,13,1198,13.3,9,0.68,39,30,76.9,10,2,1,4,30.8,0,0,0,0,,29.464750171115675,1562.0
226012,2024-03-21,6000000,Getafe CF,3709,ES1,David,Soria,David Soria,2025,3709,david-soria,Spain,Madrid  ,Spain,1993-04-04 00:00:00,Goalkeeper,Goalkeeper,right,192.0,2030-06-30 00:00:00,AS1,https://img.a.transfermarkt.technology/portrait/header/226012-1696863038.jpg?lm=1,,,,https://www.transfermarkt.co.uk/david-soria/profil/spieler/226012,ES1,Getafe CF,2800000.0,18000000.0,2023,David Soria,ESP-La Liga,2324,Getafe,David Soria,ESP,GK,30,1993,38,38,3413,37.9,52,1.37,174,122,70.1,10,13,15,10,26.3,7,5,1,1,16.7,30.962354551676935,2292.0
227805,2024-03-21,900000,Valencia CF,1049,ES1,Jaume,Doménech,Jaume Doménech,2024,1049,jaume-domenech,Spain,Almenara  ,Spain,1990-11-05 00:00:00,Goalkeeper,Goalkeeper,right,185.0,,Wasserman,https://img.a.transfermarkt.technology/portrait/header/227805-1447247048.jpg?lm=1,,,,https://www.transfermarkt.co.uk/jaume-domenech/profil/spieler/227805,ES1,Valencia CF,400000.0,7500000.0,2023,Jaume Doménech,ESP-La Liga,2324,Valencia,Jaume Doménech,ESP,GK,32,1990,2,1,79,0.9,3,3.42,12,9,75.0,0,0,1,0,0.0,0,0,0,0,,33.374401095140314,0.0
297194,2024-03-21,1500000,Celta de Vigo,940,ES1,Iván,Villar,Iván Villar,2025,940,ivan-villar,Spain,Aldán  ,Spain,1997-07-09 00:00:00,Goalkeeper,Goalkeeper,right,183.0,2027-06-30 00:00:00,AS1,https://img.a.transfermarkt.technology/portrait/header/297194-1516876837.jpg?lm=1,0.0,0.0,,https://www.transfermarkt.co.uk/ivan-villar/profil/spieler/297194,ES1,Celta de Vigo,900000.0,2500000.0,2023,Iván Villar,ESP-La Liga,2324,Celta Vigo,Iván Villar,ESP,GK,26,1997,12,12,1014,11.3,18,1.6,45,27,60.0,2,4,6,0,0.0,3,2,1,0,33.3,26.699520876112253,1196.0
298197,2024-03-21,5000000,Deportivo Alavés,1108,ES1,Antonio,Sivera,Antonio Sivera,2025,1108,antonio-sivera,Spain,Xàbia  ,Spain,1996-08-11 00:00:00,Goalkeeper,Goalkeeper,right,185.0,2027-06-30 00:00:00,THE·TEAM,https://img.a.transfermarkt.technology/portrait/header/298197-1713856039.jpg?lm=1,10.0,0.0,,https://www.transfermarkt.co.uk/antonio-sivera/profil/spieler/298197,ES1,Deportivo Alavés,6000000.0,6000000.0,2023,Antonio Sivera,ESP-La Liga,2324,Alavés,Antonio Sivera,ESP,GK,26,1996,34,34,3060,34.0,38,1.12,125,87,69.6,11,8,15,9,26.5,8,8,0,0,0.0,27.60848733744011,1196.0
316884,2024-03-21,2000000,RCD Mallorca,237,ES1,Dominik,Greif,Dominik Greif,2025,1041,dominik-greif,Slovakia,Bratislava  ,Slovakia,1997-04-06 00:00:00,Goalkeeper,Goalkeeper,right,197.0,2029-06-30 00:00:00,Stars & Friends,https://img.a.transfermarkt.technology/portrait/header/316884-1773950159.jpg?lm=1,5.0,0.0,,https://www.transfermarkt.co.uk/dominik-greif/profil/spieler/316884,FR1,Olympique Lyon,9000000.0,9000000.0,2023,Dominik Greif,ESP-La Liga,2324,Mallorca,Dominik Greif,SVK,GK,26,1997,1,1,90,1.0,0,0.0,4,4,100.0,0,1,0,1,100.0,0,0,0,0,,26.95687885010267,1927.0
404839,2024-03-21,16000000,Real Madrid,418,ES1,Andriy,Lunin,Andriy Lunin,2025,418,andriy-lunin,Ukraine,"Krasnograd, Kharkiv Oblast  ",Ukraine,1999-02-11 00:00:00,Goalkeeper,Goalkeeper,right,191.0,2030-06-30 00:00:00,Gestifute,https://img.a.transfermarkt.technology/portrait/header/404839-1701294131.jpg?lm=1,16.0,0.0,,https://www.transfermarkt.co.uk/andriy-lunin/profil/spieler/404839,ES1,Real Madrid,12000000.0,25000000.0,2023,Andriy Lunin,ESP-La Liga,2324,Real Madrid,Andriy Lunin,UKR,GK,24,1999,21,21,1890,21.0,17,0.81,65,48,73.8,16,5,0,4,19.0,1,1,0,0,0.0,25.10609171800137,2292.0
417913,2024-03-21,15000000,UD Las Palmas,472,ES1,Álvaro,Valles,Álvaro Valles,2025,150,alvaro-valles,Spain,La Rinconada  ,Spain,1997-07-25 00:00:00,Goalkeeper,Goalkeeper,right,191.0,2030-06-30 00:00:00,Gersh,https://img.a.transfermarkt.technology/portrait/header/417913-1773343747.jpg?lm=1,,,,https://www.transfermarkt.co.uk/alvaro-valles/profil/spieler/417913,ES1,Real Betis Balompié,7000000.0,15000000.0,2023,Álvaro Vallés,ESP-La Liga,2324,Las Palmas,Álvaro Vallés,ESP,GK,26,1997,37,37,3263,36.3,44,1.21,147,109,70.1,10,10,17,8,21.6,8,4,3,1,42.9,26.65571526351814,2292.0
502676,2024-03-21,35000000,Valencia CF,1049,ES1,Giorgi,Mamardashvili,Giorgi Mamardashvili,2025,31,giorgi-mamardashvili,Georgia,Tiflis  ,Georgia,2000-09-29 00:00:00,Goalkeeper,Goalkeeper,left,197.0,2031-06-30 00:00:00,Free Football,https://img.a.transfermarkt.technology/portrait/header/502676-1716542116.jpg?lm=1,38.0,0.0,,https://www.transfermarkt.co.uk/giorgi-mamardashvili/profil/spieler/502676,GB1,Liverpool FC,28000000.0,45000000.0,2023,Giorgi Mamardashvili,ESP-La Liga,2324,Valencia,Giorgi Mamardashvili,GEO,GK,22,2000,37,37,3284,36.5,41,1.12,140,104,70.7,13,10,14,9,24.3,6,3,3,0,50.0,23.474332648870636,2657.0
631693,2024-03-21,400000,Deportivo Alavés,1108,ES1,Jesús,Owono,Jesús Owono,2024,1108,jesus-owono,Equatorial Guinea,Bata  ,Equatorial Guinea,2001-03-01 00:00:00,Goalkeeper,Goalkeeper,both,186.0,2026-06-30 00:00:00,Wasserman,https://img.a.transfermarkt.technology/portrait/header/631693-1767009098.jpg?lm=1,43.0,0.0,,https://www.transfermarkt.co.uk/jesus-owono/profil/spieler/631693,ES1,Deportivo Alavés,1000000.0,1000000.0,2023,Jesús Owono,ESP-La Liga,2324,Alavés,Jesús Owono,EQG,GK,22,2001,4,4,360,4.0,8,2.0,24,16,66.7,1,2,1,1,25.0,0,0,0,0,,23.055441478439427,831.0
78570,2024-03-22,2000000,Union Saint-Gilloise,3948,BE1,Anthony,Moris,Anthony Moris,2025,6070,anthony-moris,Belgium,Arlon  ,Luxembourg,1990-04-29 00:00:00,Goalkeeper,Goalkeeper,left,186.0,2027-06-30 00:00:00,Soccerprod,https://img.a.transfermarkt.technology/portrait/header/78570-1714467075.png?lm=1,82.0,0.0,,https://www.transfermarkt.co.uk/anthony-moris/profil/spieler/78570,SA1,Al-Khaleej Club (Saihat),1200000.0,2000000.0,2023,Anthony Lopes,FRA-Ligue 1,2324,Lyon,Anthony Lopes,POR,GK,32,1990,31,31,2790,31.0,49,1.58,154,109,68.2,16,4,11,8,25.8,6,4,1,1,20.0,33.89733059548254,1195.0
18940,2024-03-26,300000,Paris FC,10004,FR1,Rémy,Riou,Rémy Riou,2025,10004,remy-riou,France,Lyon  ,France,1987-08-06 00:00:00,Goalkeeper,Goalkeeper,right,191.0,,,https://img.a.transfermarkt.technology/portrait/header/18940-1672830760.jpg?lm=1,6.0,0.0,,https://www.transfermarkt.co.uk/remy-riou/profil/spieler/18940,FR1,Paris FC,100000.0,4000000.0,2023,Rémy Riou,FRA-Ligue 1,2324,Lyon,Rémy Riou,FRA,GK,35,1987,3,3,270,3.0,6,2.0,14,8,57.1,0,1,2,1,33.3,0,0,0,0,,36.63791923340178,0.0
124901,2024-03-26,300000,US Quevilly-Rouen Métropole,7124,,Benjamin,Leroy,Benjamin Leroy,2025,1158,benjamin-leroy,France,Cucq  ,France,1989-04-07 00:00:00,Goalkeeper,Goalkeeper,right,184.0,2027-06-30 00:00:00,Gersh,https://img.a.transfermarkt.technology/portrait/header/124901-1525692013.jpg?lm=1,,,,https://www.transfermarkt.co.uk/benjamin-leroy/profil/spieler/124901,FR1,FC Lorient,100000.0,1250000.0,2023,Benjamin Lecomte,FRA-Ligue 1,2324,Montpellier,Benjamin Lecomte,FRA,GK,32,1991,30,30,2700,30.0,37,1.23,139,102,73.4,9,11,10,10,33.3,5,4,1,0,20.0,34.9678302532512,1191.0
43824,2024-03-27,1200000,1.FC Heidenheim 1846,2036,L1,Kevin,Müller,Kevin Müller,2025,2036,kevin-muller,Germany,Rostock  ,Germany,1991-03-15 00:00:00,Goalkeeper,Goalkeeper,right,190.0,,,https://img.a.transfermarkt.technology/portrait/header/43824-1755089032.jpg?lm=1,7.0,0.0,,https://www.transfermarkt.co.uk/kevin-muller/profil/spieler/43824,L1,1. Fußballclub Heidenheim 1846,300000.0,1200000.0,2023,Kevin Müller,,2324,Heidenheim,Kevin Müller,GER,GK,32,1991,34,34,3060,34.0,55,1.62,178,123,69.1,10,12,12,5,14.7,10,7,1,2,12.5,33.034907597535934,0.0
45672,2024-03-27,5000000,Eintracht Frankfurt,24,L1,Kevin,Trapp,Kevin Trapp,2025,10004,kevin-trapp,Germany,Merzig  ,Germany,1990-07-08 00:00:00,Goalkeeper,Goalkeeper,right,189.0,2028-06-30 00:00:00,Sports360 GmbH,https://img.a.transfermarkt.technology/portrait/header/45672-1724772525.jpg?lm=1,9.0,0.0,,https://www.transfermarkt.co.uk/kevin-trapp/profil/spieler/45672,FR1,Paris FC,1800000.0,12000000.0,2023,Kevin Trapp,,2324,Frankfurt,Kevin Trapp,GER,GK,33,1990,32,32,2880,32.0,48,1.5,135,87,64.4,10,13,9,7,21.9,11,9,2,0,18.2,33.719370294318956,1556.0
81173,2024-03-27,3000000,RB Leipzig,23826,L1,Janis,Blaswich,Janis Blaswich,2025,15,janis-blaswich,Germany,Willich  ,Germany,1991-05-02 00:00:00,Goalkeeper,Goalkeeper,right,193.0,2027-06-30 00:00:00,PRO Profil GmbH,https://img.a.transfermarkt.technology/portrait/header/81173-1758702865.jpg?lm=1,0.0,0.0,,https://www.transfermarkt.co.uk/janis-blaswich/profil/spieler/81173,L1,Bayer 04 Leverkusen,700000.0,4000000.0,2023,Janis Blaswich,,2324,RB Leipzig,Janis Blaswich,GER,GK,32,1991,21,21,1890,21.0,30,1.43,77,47,61.0,10,4,7,5,23.8,4,4,0,0,0.0,32.903490759753595,1190.0
93651,2024-03-27,1200000,SV Darmstadt 98,105,L1,Marcel,Schuhen,Marcel Schuhen,2023,105,marcel-schuhen,Germany,Kirchen (Sieg)  ,Germany,1993-01-13 00:00:00,Goalkeeper,Goalkeeper,right,188.0,2025-06-30 00:00:00,VIDA Sports GmbH,https://img.a.transfermarkt.technology/portrait/header/93651-1657111595.jpg?lm=1,,,,https://www.transfermarkt.co.uk/marcel-schuhen/profil/spieler/93651,L1,SV Darmstadt 98,800000.0,1500000.0,2023,Marcel Schuhen,,2324,Darmstadt 98,Marcel Schuhen,GER,GK,30,1993,31,31,2790,31.0,76,2.45,199,123,61.8,3,7,21,3,9.7,2,1,1,0,50.0,31.200547570157426,460.0
160929,2024-03-27,5500000,1.FC Köln,3,L1,Marvin,Schwäbe,Marvin Schwäbe,2025,3,marvin-schwabe,Germany,Dieburg  ,Germany,1995-04-25 00:00:00,Goalkeeper,Goalkeeper,right,190.0,2027-06-30 00:00:00,,https://img.a.transfermarkt.technology/portrait/header/160929-1721140634.jpg?lm=1,4.0,0.0,,https://www.transfermarkt.co.uk/marvin-schwabe/profil/spieler/160929,L1,1.FC Köln,3000000.0,7000000.0,2023,Marvin Schwäbe,,2324,Köln,Marvin Schwäbe,GER,GK,28,1995,34,34,3060,34.0,60,1.76,169,109,64.5,5,12,17,3,8.8,3,3,0,0,0.0,28.922655715263517,1190.0
160963,2024-03-27,3500000,1.FSV Mainz 05,39,L1,Robin,Zentner,Robin Zentner,2025,39,robin-zentner,Germany,Rüdesheim am Rhein  ,Germany,1994-10-28 00:00:00,Goalkeeper,Goalkeeper,right,194.0,2028-06-30 00:00:00,W&K Fairplay,https://img.a.transfermarkt.technology/portrait/header/160963-1676499369.jpg?lm=1,1.0,0.0,,https://www.transfermarkt.co.uk/robin-zentner/profil/spieler/160963,L1,1.FSV Mainz 05,2500000.0,5000000.0,2023,Robin Zentner,,2324,Mainz 05,Robin Zentner,GER,GK,28,1994,30,30,2700,30.0,48,1.6,130,82,63.1,7,12,11,7,23.3,4,3,0,1,0.0,29.412731006160165,1556.0
196813,2024-03-27,2500000,SV Werder Bremen,86,L1,Michael,Zetterer,Michael Zetterer,2025,86,michael-zetterer,Germany,München  ,Germany,1995-07-12 00:00:00,Goalkeeper,Goalkeeper,both,187.0,2029-06-30 00:00:00,Siebert & Backs,https://img.a.transfermarkt.technology/portrait/header/196813-1757598019.jpg?lm=1,1.0,0.0,,https://www.transfermarkt.co.uk/michael-zetterer/profil/spieler/196813,L1,SV Werder Bremen,4000000.0,4500000.0,2023,Michael Zetterer,,2324,Werder Bremen,Michael Zetterer,GER,GK,28,1995,27,27,2430,27.0,37,1.37,130,93,71.5,9,9,9,5,18.5,4,4,0,0,0.0,28.709103353867214,1921.0
247915,2024-03-27,7000000,Borussia Mönchengladbach,18,L1,Jonas,Omlin,Jonas Omlin,2025,15,jonas-omlin,Switzerland,Sarnen  ,Switzerland,1994-01-10 00:00:00,Goalkeeper,Goalkeeper,right,190.0,2029-06-30 00:00:00,Signature - ISCM AG,https://img.a.transfermarkt.technology/portrait/header/247915-1691248651.jpg?lm=1,4.0,0.0,,https://www.transfermarkt.co.uk/jonas-omlin/profil/spieler/247915,L1,Bayer 04 Leverkusen,800000.0,9000000.0,2023,Jonas Omlin,,2324,Gladbach,Jonas Omlin,SUI,GK,29,1994,7,7,630,7.0,18,2.57,47,29,61.7,1,2,4,0,0.0,2,2,0,0,0.0,30.209445585215605,1921.0
260053,2024-03-27,1500000,SV Werder Bremen,86,L1,Jiri,Pavlenka,Jiri Pavlenka,2025,1091,jiri-pavlenka,CSSR,Hlučín  ,Czech Republic,1992-04-14 00:00:00,Goalkeeper,Goalkeeper,right,196.0,2027-06-30 00:00:00,SPORT INVEST,https://img.a.transfermarkt.technology/portrait/header/260053-1783068576.png?lm=1,21.0,0.0,,https://www.transfermarkt.co.uk/jiri-pavlenka/profil/spieler/260053,GR1,Panthessalonikios Athlitikos Omilos Konstantinoupoliton,700000.0,12000000.0,2023,Jiří Pavlenka,,2324,Werder Bremen,Jiří Pavlenka,CZE,GK,31,1992,7,7,630,7.0,17,2.43,39,22,56.4,2,0,5,1,14.3,2,2,0,0,0.0,31.95071868583162,1190.0
284270,2024-03-27,2000000,Borussia Mönchengladbach,18,L1,Moritz,Nicolas,Moritz Nicolas,2025,18,moritz-nicolas,Germany,Gladbeck  ,Germany,1997-10-21 00:00:00,Goalkeeper,Goalkeeper,right,193.0,2029-06-30 00:00:00,PORT,https://img.a.transfermarkt.technology/portrait/header/284270-1722945496.jpg?lm=1,1.0,0.0,,https://www.transfermarkt.co.uk/moritz-nicolas/profil/spieler/284270,L1,Borussia Mönchengladbach,8000000.0,8000000.0,2023,Moritz Nicolas,,2324,Gladbach,Moritz Nicolas,GER,GK,25,1997,27,27,2430,27.0,49,1.81,159,113,69.2,6,11,10,4,14.8,4,4,0,0,0.0,26.431211498973305,1921.0
526845,2024-03-27,8000000,SC Freiburg,60,L1,Noah,Atubolu,Noah Atubolu,2025,60,noah-atubolu,Germany,Freiburg im Breisgau  ,Germany,2002-05-25 00:00:00,Goalkeeper,Goalkeeper,right,190.0,2027-06-30 00:00:00,Epic Atubolu,https://img.a.transfermarkt.technology/portrait/header/526845-1753984204.jpg?lm=1,0.0,0.0,,https://www.transfermarkt.co.uk/noah-atubolu/profil/spieler/526845,L1,SC Freiburg,25000000.0,25000000.0,2023,Noah Atubolu,,2324,Freiburg,Noah Atubolu,GER,GK,21,2002,34,34,3060,34.0,58,1.71,159,101,63.5,11,9,14,9,26.5,5,3,2,0,40.0,21.83983572895277,1190.0
417084,2024-03-28,1500000,Clube de Regatas Vasco da Gama,978,BRA1,,Keiller,Keiller,2025,776,keiller,Brazil,Eldorado do Sul  ,Brazil,1996-10-29 00:00:00,Goalkeeper,Goalkeeper,right,193.0,2026-12-30 00:00:00,,https://img.a.transfermarkt.technology/portrait/header/417084-1748479165.jpg?lm=1,0.0,0.0,,https://www.transfermarkt.co.uk/keiller/profil/spieler/417084,BRA1,Coritiba Foot Ball Club,500000.0,1500000.0,2023,Kevin Müller,,2324,Heidenheim,Kevin Müller,GER,GK,32,1991,34,34,3060,34.0,55,1.62,178,123,69.1,10,12,12,5,14.7,10,7,1,2,12.5,27.411362080766597,1007.0
895728,2024-03-28,100000,Team Ticino U19,110599,,Diego,Mina,Diego Mina,2025,2790,diego-mina,,,Switzerland,2005-08-12 00:00:00,Goalkeeper,Goalkeeper,right,186.0,2028-06-30 00:00:00,TM,https://img.a.transfermarkt.technology/portrait/header/895728-1755184894.jpg?lm=1,0.0,0.0,,https://www.transfermarkt.co.uk/diego-mina/profil/spieler/895728,C1,FC Lugano,100000.0,100000.0,2023,Diego Mariño,ESP-La Liga,2324,Almería,Diego Mariño,ESP,GK,33,1990,1,1,90,1.0,2,2.0,4,2,50.0,0,0,1,0,0.0,2,2,0,0,0.0,18.625598904859686,1555.0
186374,2024-05-21,3000000,Red Bull Salzburg,409,A1,Alexander,Schlager,Alexander Schlager,2025,409,alexander-schlager,Austria,Salzburg  ,Austria,1996-02-01 00:00:00,Goalkeeper,Goalkeeper,right,185.0,2029-06-30 00:00:00,ROOF,https://img.a.transfermarkt.technology/portrait/header/186374-1754994062.png?lm=1,30.0,0.0,,https://www.transfermarkt.co.uk/alexander-schlager/profil/spieler/186374,A1,Fußballclub Red Bull Salzburg,2000000.0,4500000.0,2023,Alexander Schwolow,,2324,Union Berlin,Alexander Schwolow,GER,GK,31,1992,1,1,90,1.0,2,2.0,6,4,66.7,0,0,1,0,0.0,0,0,0,0,,28.301163586584533,1866.0
354198,2024-05-21,75000,SCR Altach,3551,A1,Alexander,Eckmayr,Alexander Eckmayr,2025,2446,alexander-eckmayr,Germany,München  ,Austria,1999-07-06 00:00:00,Goalkeeper,Goalkeeper,right,186.0,,Centerfield,https://img.a.transfermarkt.technology/portrait/header/354198-1722351250.jpg?lm=1,,,,https://www.transfermarkt.co.uk/alexander-eckmayr/profil/spieler/354198,A1,WSG Tirol,150000.0,150000.0,2023,Alexander Meyer,,2324,Dortmund,Alexander Meyer,GER,GK,32,1991,8,7,695,7.7,9,1.17,28,19,67.9,4,1,2,3,42.9,0,0,0,0,,24.876112251882272,0.0
540058,2024-05-23,250000,PAOK Thessaloniki,1091,GR1,Christos,Talichmanidis,Christos Talichmanidis,2024,1091,christos-talichmanidis,Greece,Thessaloniki  ,Greece,2001-03-16 00:00:00,Goalkeeper,Goalkeeper,right,187.0,2026-05-31 00:00:00,Perpetuum IQ,https://img.a.transfermarkt.technology/portrait/header/540058-1773089077.png?lm=1,1.0,0.0,,https://www.transfermarkt.co.uk/christos-talichmanidis/profil/spieler/540058,GR1,Panthessalonikios Athlitikos Omilos Konstantinoupoliton,400000.0,400000.0,2023,Christos Mandas,ITA-Serie A,2324,Lazio,Christos Mandas,GRE,GK,21,2001,9,8,721,8.0,6,0.75,29,23,79.3,6,1,1,2,25.0,0,0,0,0,,23.186858316221766,738.0
29692,2024-05-27,700000,West Ham United,379,GB1,Lukasz,Fabianski,Lukasz Fabianski,2025,379,lukasz-fabianski,Poland,Kostrzyn nad Odrą  ,Poland,1985-04-18 00:00:00,Goalkeeper,Goalkeeper,right,190.0,,ROOF,https://img.a.transfermarkt.technology/portrait/header/29692-1685709486.jpg?lm=1,57.0,0.0,,https://www.transfermarkt.co.uk/lukasz-fabianski/profil/spieler/29692,GB1,West Ham United,150000.0,9000000.0,2023,Łukasz Fabiański,ENG-Premier League,2324,West Ham,Łukasz Fabiański,POL,GK,38,1985,10,7,721,8.0,21,2.62,54,33,61.1,3,1,3,1,14.3,3,3,0,0,0.0,39.10746064339494,0.0
61697,2024-05-27,900000,Sheffield United,350,GB1,Wes,Foderingham,Wes Foderingham,2025,379,wes-foderingham,England,London  ,England,1991-01-14 00:00:00,Goalkeeper,Goalkeeper,left,185.0,2027-05-31 00:00:00,CAA Stellar,https://img.a.transfermarkt.technology/portrait/header/61697-1762899359.png?lm=1,3.0,0.0,,https://www.transfermarkt.co.uk/wes-foderingham/profil/spieler/61697,GB1,West Ham United,450000.0,900000.0,2023,Wes Foderingham,ENG-Premier League,2324,Sheffield United,Wes Foderingham,ENG,GK,32,1991,30,29,2649,29.4,79,2.68,212,133,62.7,3,4,22,1,3.4,6,5,0,1,0.0,33.36618754277892,1099.0
72476,2024-05-27,13000000,Fulham FC,931,GB1,Bernd,Leno,Bernd Leno,2025,931,bernd-leno,Germany,Bietigheim-Bissingen  ,Germany,1992-03-04 00:00:00,Goalkeeper,Goalkeeper,right,190.0,2027-06-30 00:00:00,fair-sport GmbH,https://img.a.transfermarkt.technology/portrait/header/72476-1774470314.jpg?lm=1,9.0,0.0,,https://www.transfermarkt.co.uk/bernd-leno/profil/spieler/72476,GB1,Fulham FC,6000000.0,35000000.0,2023,Bernd Leno,ENG-Premier League,2324,Fulham,Bernd Leno,GER,GK,31,1992,38,38,3420,38.0,61,1.61,195,134,68.7,13,8,17,10,26.3,8,8,0,0,0.0,32.2299794661191,1129.0
73564,2024-05-27,3500000,Brighton & Hove Albion,1237,GB1,Jason,Steele,Jason Steele,2025,1237,jason-steele,England,Newton Aycliffe  ,England,1990-08-18 00:00:00,Goalkeeper,Goalkeeper,right,188.0,2027-06-30 00:00:00,Murdock Sports Group,https://img.a.transfermarkt.technology/portrait/header/73564-1681383960.jpg?lm=1,0.0,0.0,,https://www.transfermarkt.co.uk/jason-steele/profil/spieler/73564,GB1,Brighton & Hove Albion,500000.0,4000000.0,2023,Jason Steele,ENG-Premier League,2324,Brighton,Jason Steele,ENG,GK,32,1990,17,17,1530,17.0,34,2.0,77,43,55.8,5,4,8,2,11.8,3,3,0,0,0.0,33.7741273100616,1129.0
74960,2024-05-27,1000000,Newcastle United,762,GB1,Martin,Dúbravka,Martin Dúbravka,2025,1132,martin-dubravka,CSSR,Žilina  ,Slovakia,1989-01-15 00:00:00,Goalkeeper,Goalkeeper,right,191.0,2027-06-30 00:00:00,1863,https://img.a.transfermarkt.technology/portrait/header/74960-1700237195.jpg?lm=1,60.0,0.0,,https://www.transfermarkt.co.uk/martin-dubravka/profil/spieler/74960,GB1,Burnley FC,500000.0,7500000.0,2023,Martin Dúbravka,ENG-Premier League,2324,Newcastle,Martin Dúbravka,SVK,GK,34,1989,23,22,1985,22.1,42,1.9,129,87,67.4,9,4,9,5,22.7,5,4,1,0,20.0,35.36208076659822,1129.0
75458,2024-05-27,1500000,Aston Villa,405,GB1,Robin,Olsen,Robin Olsen,2025,496,robin-olsen,Sweden,Malmö  ,Sweden,1990-01-08 00:00:00,Goalkeeper,Goalkeeper,right,196.0,2029-12-31 00:00:00,,https://img.a.transfermarkt.technology/portrait/header/75458-1697721104.jpg?lm=1,79.0,0.0,,https://www.transfermarkt.co.uk/robin-olsen/profil/spieler/75458,SE1,Malmö Fotbollförening,600000.0,10000000.0,2023,Robin Olsen,ENG-Premier League,2324,Aston Villa,Robin Olsen,SWE,GK,33,1990,5,4,405,4.5,13,2.89,33,20,60.6,1,0,3,0,0.0,1,0,1,0,100.0,34.38193018480493,2044.0
77757,2024-05-27,3000000,Luton Town,1031,GB1,Thomas,Kaminski,Thomas Kaminski,2023,1031,thomas-kaminski,Belgium,Dendermonde  ,Belgium,1992-10-23 00:00:00,Goalkeeper,Goalkeeper,,190.0,,SEG,https://img.a.transfermarkt.technology/portrait/header/77757-1546948273.jpg?lm=1,,,,https://www.transfermarkt.co.uk/thomas-kaminski/profil/spieler/77757,GB1,Luton Town,3000000.0,3000000.0,2023,Thomas Kaminski,ENG-Premier League,2324,Luton Town,Thomas Kaminski,BEL,GK,30,1992,38,38,3405,37.8,85,2.25,229,144,62.9,6,8,24,2,5.3,4,4,0,0,0.0,31.592060232717316,0.0
85864,2024-05-27,1000000,Newcastle United,762,GB1,Loris,Karius,Loris Karius,2023,762,loris-karius,Germany,Biberach an der Riß  ,Germany,1993-06-22 00:00:00,Goalkeeper,Goalkeeper,right,191.0,,ROGON,https://img.a.transfermarkt.technology/portrait/header/85864-1674210397.jpg?lm=1,,,,https://www.transfermarkt.co.uk/loris-karius/profil/spieler/85864,GB1,Newcastle United,1000000.0,12000000.0,2023,Loris Karius,ENG-Premier League,2324,Newcastle,Loris Karius,GER,GK,30,1993,1,1,90,1.0,4,4.0,8,4,50.0,0,0,1,0,0.0,0,0,0,0,,30.92950034223135,0.0
85941,2024-05-27,9000000,Manchester City,281,GB1,Stefan,Ortega,Stefan Ortega,2025,281,stefan-ortega,Germany,Hofgeismar  ,Germany,1992-11-06 00:00:00,Goalkeeper,Goalkeeper,right,185.0,,,https://img.a.transfermarkt.technology/portrait/header/85941-1668065114.jpg?lm=1,0.0,0.0,,https://www.transfermarkt.co.uk/stefan-ortega/profil/spieler/85941,GB1,Manchester City,4000000.0,9000000.0,2023,Stefan Ortega,ENG-Premier League,2324,Manchester City,Stefan Ortega,GER,GK,30,1992,9,5,635,7.1,7,0.99,27,20,74.1,4,1,0,3,60.0,0,0,0,0,,31.55373032169747,0.0
91340,2024-05-27,200000,Luton Town,1031,GB1,James,Shea,James Shea,2023,1031,james-shea,England,London  ,England,1991-06-16 00:00:00,Goalkeeper,Goalkeeper,,185.0,2025-06-30 00:00:00,World in Motion,https://img.a.transfermarkt.technology/portrait/header/s_91340_25745_2013_11_07_1.jpg?lm=1,,,,https://www.transfermarkt.co.uk/james-shea/profil/spieler/91340,GB1,Luton Town,200000.0,300000.0,2023,James Shea,ENG-Premier League,2324,Luton Town,James Shea,ENG,GK,32,1991,1,0,15,0.2,0,0.0,2,2,100.0,0,0,0,0,,0,0,0,0,,32.94729637234771,399.0
105470,2024-05-27,28000000,Liverpool FC,31,GB1,,Alisson,Alisson,2025,31,alisson,Brazil,Novo Hamburgo  ,Brazil,1992-10-02 00:00:00,Goalkeeper,Goalkeeper,right,193.0,2027-06-30 00:00:00,,https://img.a.transfermarkt.technology/portrait/header/105470-1780389358.jpg?lm=1,83.0,0.0,,https://www.transfermarkt.co.uk/alisson/profil/spieler/105470,GB1,Liverpool FC,15000000.0,90000000.0,2023,Alisson,ENG-Premier League,2324,Liverpool,Alisson,BRA,GK,30,1992,28,28,2520,28.0,30,1.07,112,82,73.2,16,8,4,7,25.0,1,1,0,0,0.0,31.64955509924709,1129.0
110864,2024-05-27,10000000,Crystal Palace,873,GB1,Sam,Johnstone,Sam Johnstone,2025,543,sam-johnstone,England,Preston  ,England,1993-03-25 00:00:00,Goalkeeper,Goalkeeper,right,193.0,2028-06-30 00:00:00,Unique Sports Group,https://img.a.transfermarkt.technology/portrait/header/110864-1672915792.jpg?lm=1,4.0,0.0,,https://www.transfermarkt.co.uk/sam-johnstone/profil/spieler/110864,GB1,Wolverhampton Wanderers,2000000.0,12000000.0,2023,Sam Johnstone,ENG-Premier League,2324,Crystal Palace,Sam Johnstone,ENG,GK,30,1993,20,20,1796,20.0,27,1.35,68,41,60.3,5,6,9,6,30.0,2,2,0,0,0.0,31.173169062286107,1495.0
111819,2024-05-27,2500000,AFC Bournemouth,989,GB1,,Neto,Neto,2025,537,neto,Brazil,Araxá  ,Brazil,1989-07-19 00:00:00,Goalkeeper,Goalkeeper,right,190.0,2027-06-30 00:00:00,Bertolucci Sports,https://img.a.transfermarkt.technology/portrait/header/111819-1725051877.jpg?lm=1,1.0,0.0,,https://www.transfermarkt.co.uk/neto/profil/spieler/111819,BRA1,S. A. F. Botafogo,900000.0,18000000.0,2023,Neto,ENG-Premier League,2324,Bournemouth,Neto,BRA,GK,34,1989,32,32,2880,32.0,55,1.72,167,112,67.1,10,9,13,7,21.9,6,5,1,0,16.7,34.85557837097878,1129.0
111873,2024-05-27,28000000,Aston Villa,405,GB1,Emiliano,Martínez,Emiliano Martínez,2025,405,emiliano-martinez,Argentina,Mar del Plata  ,Argentina,1992-09-02 00:00:00,Goalkeeper,Goalkeeper,right,195.0,2029-06-30 00:00:00,Universal Twenty Two,https://img.a.transfermarkt.technology/portrait/header/111873-1668180824.jpg?lm=1,64.0,0.0,,https://www.transfermarkt.co.uk/emiliano-martinez/profil/spieler/111873,GB1,Aston Villa,12000000.0,35000000.0,2023,Emiliano Martínez,ENG-Premier League,2324,Aston Villa,Emiliano Martínez,ARG,GK,30,1992,34,34,3015,33.5,48,1.43,143,95,66.4,19,8,7,7,20.6,1,1,0,0,0.0,31.731690622861056,1860.0
120629,2024-05-27,10000000,West Ham United,379,GB1,Alphonse,Areola,Alphonse Areola,2025,379,alphonse-areola,France,Paris  ,France,1993-02-27 00:00:00,Goalkeeper,Goalkeeper,right,195.0,2027-06-30 00:00:00,Rafaela Pimenta,https://img.a.transfermarkt.technology/portrait/header/120629-1663243036.jpg?lm=1,5.0,0.0,,https://www.transfermarkt.co.uk/alphonse-areola/profil/spieler/120629,GB1,West Ham United,4000000.0,17500000.0,2023,Alphonse Areola,ENG-Premier League,2324,West Ham,Alphonse Areola,FRA,GK,30,1993,31,31,2699,30.0,53,1.77,189,136,72.0,11,9,11,4,12.9,7,5,2,0,28.6,31.24435318275154,1129.0
124419,2024-05-27,7000000,Nottingham Forest,703,GB1,Odysseas,Vlachodimos,Odysseas Vlachodimos,2025,368,odysseas-vlachodimos,Germany,Stuttgart  ,Greece,1994-04-26 00:00:00,Goalkeeper,Goalkeeper,right,191.0,2027-06-30 00:00:00,fair-sport GmbH,https://img.a.transfermarkt.technology/portrait/header/124419-1706829687.jpg?lm=1,53.0,0.0,,https://www.transfermarkt.co.uk/odysseas-vlachodimos/profil/spieler/124419,ES1,Sevilla FC,3000000.0,18000000.0,2023,Odysseas Vlachodimos,ENG-Premier League,2324,Nottingham,Odysseas Vlachodimos,GRE,GK,29,1994,5,5,450,5.0,12,2.4,22,10,45.5,1,0,4,1,20.0,1,1,0,0,0.0,30.086242299794662,1129.0
125714,2024-05-27,12000000,Brentford FC,1148,GB1,Mark,Flekken,Mark Flekken,2025,15,mark-flekken,Netherlands,Bocholtz   ,Netherlands,1993-06-13 00:00:00,Goalkeeper,Goalkeeper,both,195.0,2028-06-30 00:00:00,SEG,https://img.a.transfermarkt.technology/portrait/header/125714-1758704276.jpg?lm=1,12.0,0.0,,https://www.transfermarkt.co.uk/mark-flekken/profil/spieler/125714,L1,Bayer 04 Leverkusen,6000000.0,12000000.0,2023,Mark Flekken,ENG-Premier League,2324,Brentford,Mark Flekken,NED,GK,30,1993,37,37,3285,36.5,63,1.73,178,115,64.6,10,9,18,7,18.9,2,2,0,0,0.0,30.954140999315538,1495.0
127202,2024-05-27,7000000,Nottingham Forest,703,GB1,Matz,Sels,Matz Sels,2025,703,matz-sels,Belgium,Lint  ,Belgium,1992-02-26 00:00:00,Goalkeeper,Goalkeeper,right,188.0,2028-06-30 00:00:00,Cherry Sports,https://img.a.transfermarkt.technology/portrait/header/127202-1665067633.jpg?lm=1,13.0,0.0,,https://www.transfermarkt.co.uk/matz-sels/profil/spieler/127202,GB1,Nottingham Forest,3500000.0,8000000.0,2023,Matz Sels,ENG-Premier League,2324,Nottingham,Matz Sels,BEL,GK,31,1992,16,16,1440,16.0,27,1.69,64,37,57.8,4,4,8,1,6.3,1,1,0,0,0.0,32.24914442162902,1495.0
127202,2024-05-27,7000000,Nottingham Forest,703,GB1,Matz,Sels,Matz Sels,2025,703,matz-sels,Belgium,Lint  ,Belgium,1992-02-26 00:00:00,Goalkeeper,Goalkeeper,right,188.0,2028-06-30 00:00:00,Cherry Sports,https://img.a.transfermarkt.technology/portrait/header/127202-1665067633.jpg?lm=1,13.0,0.0,,https://www.transfermarkt.co.uk/matz-sels/profil/spieler/127202,GB1,Nottingham Forest,3500000.0,8000000.0,2023,Matz Sels,FRA-Ligue 1,2324,Strasbourg,Matz Sels,BEL,GK,31,1992,19,19,1710,19.0,24,1.26,65,41,63.1,6,7,6,3,15.8,1,1,0,0,0.0,32.24914442162902,1495.0
130164,2024-05-27,22000000,Everton FC,29,GB1,Jordan,Pickford,Jordan Pickford,2025,29,jordan-pickford,England,Washington  ,England,1994-03-07 00:00:00,Goalkeeper,Goalkeeper,left,185.0,2029-06-30 00:00:00,CAA Stellar,https://img.a.transfermarkt.technology/portrait/header/130164-1668499964.jpg?lm=1,89.0,0.0,,https://www.transfermarkt.co.uk/jordan-pickford/profil/spieler/130164,GB1,Everton FC,13000000.0,40000000.0,2023,Jordan Pickford,ENG-Premier League,2324,Everton,Jordan Pickford,ENG,GK,29,1994,38,38,3420,38.0,51,1.34,172,121,70.3,13,9,16,10,26.3,8,8,0,0,0.0,30.223134839151268,1860.0
136401,2024-05-27,2000000,Wolverhampton Wanderers,543,GB1,Daniel,Bentley,Daniel Bentley,2025,543,daniel-bentley,England,Basildon  ,England,1993-07-13 00:00:00,Goalkeeper,Goalkeeper,,193.0,2027-06-30 00:00:00,Unique Sports Group,https://img.a.transfermarkt.technology/portrait/header/136401-1700737411.jpg?lm=1,,,,https://www.transfermarkt.co.uk/daniel-bentley/profil/spieler/136401,GB1,Wolverhampton Wanderers,800000.0,4000000.0,2023,Daniel Bentley,ENG-Premier League,2324,Wolves,Daniel Bentley,ENG,GK,30,1993,5,3,383,4.3,7,1.64,15,8,53.3,1,0,2,1,33.3,0,0,0,0,,30.872005475701574,1129.0
192080,2024-05-27,16000000,Newcastle United,762,GB1,Nick,Pope,Nick Pope,2025,762,nick-pope,England,Soham  ,England,1992-04-19 00:00:00,Goalkeeper,Goalkeeper,right,198.0,2027-06-30 00:00:00,CAA Stellar,https://img.a.transfermarkt.technology/portrait/header/192080-1663841362.jpg?lm=1,10.0,0.0,,https://www.transfermarkt.co.uk/nick-pope/profil/spieler/192080,GB1,Newcastle United,5000000.0,20000000.0,2023,Nick Pope,ENG-Premier League,2324,Newcastle,Nick Pope,ENG,GK,31,1992,15,15,1345,14.9,16,1.07,59,43,72.9,9,2,4,6,40.0,0,0,0,0,,32.10403832991102,1129.0
196722,2024-05-27,500000,Crystal Palace,873,GB1,Remi,Matthews,Remi Matthews,2025,873,remi-matthews,England,Gorleston  ,England,1994-02-10 00:00:00,Goalkeeper,Goalkeeper,right,183.0,2027-06-30 00:00:00,Two Touch Agency,https://img.a.transfermarkt.technology/portrait/header/196722-1669021601.jpg?lm=1,,,,https://www.transfermarkt.co.uk/remi-matthews/profil/spieler/196722,GB1,Crystal Palace,200000.0,500000.0,2023,Remi Matthews,ENG-Premier League,2324,Crystal Palace,Remi Matthews,ENG,GK,29,1994,1,0,4,0.0,1,22.5,1,0,0.0,0,0,0,0,,0,0,0,0,,30.29158110882957,1129.0
222209,2024-05-27,3000000,Brentford FC,1148,GB1,Thomas,Strakosha,Thomas Strakosha,2025,2441,thomas-strakosha,Greece,Athens  ,Albania,1995-03-19 00:00:00,Goalkeeper,Goalkeeper,right,193.0,2029-06-30 00:00:00,,https://img.a.transfermarkt.technology/portrait/header/222209-1754428551.png?lm=1,47.0,0.0,,https://www.transfermarkt.co.uk/thomas-strakosha/profil/spieler/222209,GR1,Athlitiki Enosi Konstantinoupoleos,3000000.0,25000000.0,2023,Thomas Strakosha,ENG-Premier League,2324,Brentford,Thomas Strakosha,ALB,GK,28,1995,2,1,135,1.5,2,1.33,8,6,75.0,0,0,1,0,0.0,0,0,0,0,,29.190965092402465,1860.0
226073,2024-05-27,3500000,Sheffield United,350,GB1,Ivo,Grbic,Ivo Grbic,2025,6646,ivo-grbic,Croatia,Split  ,Croatia,1996-01-18 00:00:00,Goalkeeper,Goalkeeper,right,195.0,2027-06-30 00:00:00,World in Motion,https://img.a.transfermarkt.technology/portrait/header/226073-1755098360.jpg?lm=1,2.0,0.0,,https://www.transfermarkt.co.uk/ivo-grbic/profil/spieler/226073,TR1,Fatih Karagümrük,1000000.0,7000000.0,2023,Ivo Grbić,ENG-Premier League,2324,Sheffield United,Ivo Grbić,CRO,GK,27,1996,9,9,771,8.6,25,2.92,62,37,59.7,0,3,6,0,0.0,1,0,0,1,,28.355920602327174,1129.0
234509,2024-05-27,35000000,Manchester United,985,GB1,André,Onana,André Onana,2025,449,andre-onana,Cameroon,Nkol Ngok  ,Cameroon,1996-04-02 00:00:00,Goalkeeper,Goalkeeper,right,190.0,2027-06-30 00:00:00,LIAN Sports Group,https://img.a.transfermarkt.technology/portrait/header/234509-1769612568.jpg?lm=1,53.0,0.0,,https://www.transfermarkt.co.uk/andre-onana/profil/spieler/234509,TR1,Trabzonspor,10000000.0,45000000.0,2023,André Onana,ENG-Premier League,2324,Manchester Utd,André Onana,CMR,GK,27,1996,38,38,3420,38.0,58,1.53,200,148,71.0,18,6,14,9,23.7,7,7,0,0,0.0,28.150581793292265,1129.0
249994,2024-05-27,14000000,Wolverhampton Wanderers,543,GB1,José,Sá,José Sá,2025,543,jose-sa,Portugal,Braga  ,Portugal,1993-01-17 00:00:00,Goalkeeper,Goalkeeper,right,192.0,2027-06-30 00:00:00,Gestifute,https://img.a.transfermarkt.technology/portrait/header/249994-1696600015.jpg?lm=1,5.0,0.0,,https://www.transfermarkt.co.uk/jose-sa/profil/spieler/249994,GB1,Wolverhampton Wanderers,3500000.0,18000000.0,2023,José Sá,ENG-Premier League,2324,Wolves,José Sá,POR,GK,30,1993,35,35,3037,33.7,58,1.72,192,134,69.8,12,7,16,4,11.4,8,8,0,0,0.0,31.356605065023956,1129.0
258919,2024-05-27,12000000,Crystal Palace,873,GB1,Dean,Henderson,Dean Henderson,2025,873,dean-henderson,England,Whitehaven  ,England,1997-03-12 00:00:00,Goalkeeper,Goalkeeper,right,188.0,2028-06-30 00:00:00,Unique Sports Group,https://img.a.transfermarkt.technology/portrait/header/258919-1716297478.jpg?lm=1,5.0,0.0,,https://www.transfermarkt.co.uk/dean-henderson/profil/spieler/258919,GB1,Crystal Palace,28000000.0,28000000.0,2023,Dean Henderson,ENG-Premier League,2324,Crystal Palace,Dean Henderson,ENG,GK,26,1997,18,18,1620,18.0,30,1.67,87,57,65.5,8,4,6,2,11.1,1,1,0,0,0.0,27.208761122518823,1495.0
262749,2024-05-27,35000000,Arsenal FC,11,GB1,David,Raya,David Raya,2025,11,david-raya,Spain,Barcelona  ,Spain,1995-09-15 00:00:00,Goalkeeper,Goalkeeper,right,186.0,2028-06-30 00:00:00,FUTBOL21 AGENCY,https://img.a.transfermarkt.technology/portrait/header/262749-1780663789.jpg?lm=1,13.0,0.0,,https://www.transfermarkt.co.uk/david-raya/profil/spieler/262749,GB1,Arsenal FC,30000000.0,40000000.0,2023,David Raya,ENG-Premier League,2324,Arsenal,David Raya,ESP,GK,27,1995,32,32,2880,32.0,24,0.75,69,45,65.2,23,4,5,14,43.8,3,2,1,0,33.3,28.698151950718685,1495.0
286047,2024-05-27,35000000,Tottenham Hotspur,148,GB1,Guglielmo,Vicario,Guglielmo Vicario,2025,148,guglielmo-vicario,Italy,Udine  ,Italy,1996-10-07 00:00:00,Goalkeeper,Goalkeeper,right,194.0,2028-06-30 00:00:00,THE·TEAM,https://img.a.transfermarkt.technology/portrait/header/286047-1725874745.jpg?lm=1,5.0,0.0,,https://www.transfermarkt.co.uk/guglielmo-vicario/profil/spieler/286047,GB1,Tottenham Hotspur,18000000.0,35000000.0,2023,Guglielmo Vicario,ENG-Premier League,2324,Tottenham,Guglielmo Vicario,ITA,GK,26,1996,38,38,3420,38.0,61,1.61,171,110,64.3,20,6,12,6,15.8,7,7,0,0,0.0,27.63586584531143,1495.0
303657,2024-05-27,3000000,AFC Bournemouth,989,GB1,Ionuț,Radu,Ionuț Radu,2025,940,ionut-radu,Romania,Bucharest  ,Romania,1997-05-28 00:00:00,Goalkeeper,Goalkeeper,right,188.0,2029-06-30 00:00:00,,https://img.a.transfermarkt.technology/portrait/header/303657-1699432718.jpg?lm=1,9.0,0.0,,https://www.transfermarkt.co.uk/ionut-radu/profil/spieler/303657,ES1,Celta de Vigo,9000000.0,15000000.0,2023,Ionuț Radu,ENG-Premier League,2324,Bournemouth,Ionuț Radu,ROU,GK,26,1997,2,2,180,2.0,7,3.5,12,5,41.7,1,0,1,0,0.0,0,0,0,0,,26.99794661190965,1860.0
340918,2024-05-27,20000000,Liverpool FC,31,GB1,Caoimhín,Kelleher,Caoimhín Kelleher,2025,1148,caoimhin-kelleher,Ireland,Cork  ,Ireland,1998-11-23 00:00:00,Goalkeeper,Goalkeeper,right,188.0,2030-06-30 00:00:00,ROOF,https://img.a.transfermarkt.technology/portrait/header/340918-1708933663.jpg?lm=1,32.0,0.0,,https://www.transfermarkt.co.uk/caoimhin-kelleher/profil/spieler/340918,GB1,Brentford FC,28000000.0,28000000.0,2023,Caoimhín Kelleher,ENG-Premier League,2324,Liverpool,Caoimhín Kelleher,IRL,GK,24,1998,10,10,900,10.0,11,1.1,39,28,71.8,8,2,0,2,20.0,0,0,0,0,,25.508555783709788,2225.0
357658,2024-05-27,3500000,AFC Bournemouth,989,GB1,Mark,Travers,Mark Travers,2025,29,mark-travers,Ireland,Maynooth  ,Ireland,1999-05-18 00:00:00,Goalkeeper,Goalkeeper,right,191.0,2029-06-30 00:00:00,Unique Sports Group,https://img.a.transfermarkt.technology/portrait/header/357658-1702296610.jpg?lm=1,6.0,0.0,,https://www.transfermarkt.co.uk/mark-travers/profil/spieler/357658,GB1,Everton FC,3000000.0,4000000.0,2023,Mark Travers,ENG-Premier League,2324,Bournemouth,Mark Travers,IRL,GK,24,1999,4,4,360,4.0,5,1.25,18,13,72.2,2,0,2,1,25.0,1,1,0,0,0.0,25.026694045174537,1860.0
371021,2024-05-27,7000000,Burnley FC,1132,GB1,Arijanet,Murić,Arijanet Murić,2025,6574,arijanet-muric,Switzerland,Schlieren  ,Kosovo,1998-11-07 00:00:00,Goalkeeper,Goalkeeper,right,198.0,,11WINS,https://img.a.transfermarkt.technology/portrait/header/371021-1685718424.jpg?lm=1,51.0,0.0,,https://www.transfermarkt.co.uk/arijanet-muric/profil/spieler/371021,IT1,US Sassuolo,7500000.0,12000000.0,2023,Arijanet Muric,ENG-Premier League,2324,Burnley,Arijanet Muric,KVX,GK,24,1998,10,10,900,10.0,16,1.6,79,63,79.7,2,4,4,0,0.0,2,1,1,0,50.0,25.5523613963039,0.0
403151,2024-05-27,20000000,Chelsea FC,631,GB1,Robert,Sánchez,Robert Sánchez,2025,631,robert-sanchez,Spain,Cartagena  ,Spain,1997-11-18 00:00:00,Goalkeeper,Goalkeeper,right,197.0,2030-06-30 00:00:00,CAA Stellar,https://img.a.transfermarkt.technology/portrait/header/403151-1695028195.jpg?lm=1,3.0,0.0,,https://www.transfermarkt.co.uk/robert-sanchez/profil/spieler/403151,GB1,Chelsea FC,22000000.0,32000000.0,2023,Robert Sánchez,ENG-Premier League,2324,Chelsea,Robert Sánchez,ESP,GK,25,1997,16,16,1433,15.9,25,1.57,77,52,67.5,5,4,7,3,18.8,3,2,1,0,33.3,26.521560574948666,2225.0
425306,2024-05-27,7000000,Nottingham Forest,703,GB1,Matt,Turner,Matt Turner,2025,626,matt-turner,United States,"Park Ridge, New Jersey  ",United States,1994-06-24 00:00:00,Goalkeeper,Goalkeeper,right,190.0,2026-06-30 00:00:00,THE·TEAM,https://img.a.transfermarkt.technology/portrait/header/425306-1771708610.jpg?lm=1,54.0,0.0,3505.0,https://www.transfermarkt.co.uk/matt-turner/profil/spieler/425306,MLS1,New England Revolution,2500000.0,10000000.0,2023,Matt Turner,ENG-Premier League,2324,Nottingham,Matt Turner,USA,GK,29,1994,17,17,1530,17.0,28,1.65,83,55,66.3,4,5,8,2,11.8,2,2,0,0,0.0,29.924709103353866,764.0
427568,2024-05-27,25000000,Arsenal FC,11,GB1,Aaron,Ramsdale,Aaron Ramsdale,2025,762,aaron-ramsdale,England,Stoke-on-Trent  ,England,1998-05-14 00:00:00,Goalkeeper,Goalkeeper,right,190.0,2028-06-30 00:00:00,World in Motion,https://img.a.transfermarkt.technology/portrait/header/427568-1681828000.jpg?lm=1,5.0,0.0,,https://www.transfermarkt.co.uk/aaron-ramsdale/profil/spieler/427568,GB1,Newcastle United,12000000.0,40000000.0,2023,Aaron Ramsdale,ENG-Premier League,2324,Arsenal,Aaron Ramsdale,ENG,GK,25,1998,6,6,540,6.0,5,0.83,14,9,64.3,5,1,0,2,33.3,0,0,0,0,,26.036960985626283,1495.0
565093,2024-05-27,18000000,Brighton & Hove Albion,1237,GB1,Bart,Verbruggen,Bart Verbruggen,2025,1237,bart-verbruggen,Netherlands,Zwolle  ,Netherlands,2002-08-18 00:00:00,Goalkeeper,Goalkeeper,right,193.0,2028-06-30 00:00:00,Stirr Associates,https://img.a.transfermarkt.technology/portrait/header/565093-1716990260.jpg?lm=1,33.0,0.0,,https://www.transfermarkt.co.uk/bart-verbruggen/profil/spieler/565093,GB1,Brighton & Hove Albion,40000000.0,40000000.0,2023,Bart Verbruggen,ENG-Premier League,2324,Brighton,Bart Verbruggen,NED,GK,20,2002,21,21,1890,21.0,28,1.33,93,65,69.9,7,8,6,4,19.0,3,3,0,0,0.0,21.7741273100616,1495.0
566799,2024-05-27,18000000,Burnley FC,1132,GB1,James,Trafford,James Trafford,2025,281,james-trafford,England,Greysouthen  ,England,2002-10-10 00:00:00,Goalkeeper,Goalkeeper,right,192.0,2030-06-30 00:00:00,,https://img.a.transfermarkt.technology/portrait/header/566799-1689876147.jpg?lm=1,2.0,0.0,,https://www.transfermarkt.co.uk/james-trafford/profil/spieler/566799,GB1,Manchester City,25000000.0,30000000.0,2023,James Trafford,ENG-Premier League,2324,Burnley,James Trafford,ENG,GK,20,2002,28,28,2520,28.0,62,2.21,168,106,63.1,3,5,20,2,7.1,5,5,0,0,0.0,21.6290212183436,2225.0
106851,2024-05-28,300000,SV Ried,266,A1,Andreas,Leitner,Andreas Leitner,2025,266,andreas-leitner,Austria,Leoben  ,Austria,1994-03-25 00:00:00,Goalkeeper,Goalkeeper,both,185.0,2028-06-30 00:00:00,ROGON,https://img.a.transfermarkt.technology/portrait/header/106851-1753367284.png?lm=1,2.0,0.0,,https://www.transfermarkt.co.uk/andreas-leitner/profil/spieler/106851,A1,SV Ried,250000.0,700000.0,2023,Andreas Luthe,,2324,Bochum,Andreas Luthe,GER,GK,36,1987,1,1,90,1.0,4,4.0,5,1,20.0,0,0,1,0,0.0,0,0,0,0,,30.17659137577002,1494.0
217130,2024-05-28,175000,Alianza Atlético Sullana,17479,,Daniel,Prieto,Daniel Prieto,2025,17479,daniel-prieto,Peru,Lima  ,Peru,1995-09-19 00:00:00,Goalkeeper,Goalkeeper,right,191.0,2026-12-31 00:00:00,TCW Partners,https://img.a.transfermarkt.technology/portrait/header/217130-1617643824.jpg?lm=1,0.0,0.0,3584.0,https://www.transfermarkt.co.uk/daniel-prieto/profil/spieler/217130,,,150000.0,200000.0,2023,Daniel Peretz,,2324,Bayern Munich,Daniel Peretz,ISR,GK,23,2000,1,0,17,0.2,0,0.0,0,0,,0,0,0,0,,0,0,0,0,,28.689938398357288,947.0
316729,2024-05-28,175000,SKN St. Pölten,2662,,Thomas,Turner,Thomas Turner,2025,2157,thomas-turner,Austria,Schärding  ,Austria,1998-03-03 00:00:00,Goalkeeper,Goalkeeper,left,191.0,,SEG,https://img.a.transfermarkt.technology/portrait/header/316729-1755081867.jpg?lm=1,,,,https://www.transfermarkt.co.uk/thomas-turner/profil/spieler/316729,A1,FC Blau-Weiss Linz,200000.0,250000.0,2023,Matt Turner,ENG-Premier League,2324,Nottingham,Matt Turner,USA,GK,29,1994,17,17,1530,17.0,28,1.65,83,55,66.3,4,5,8,2,11.8,2,2,0,0,0.0,26.236824093086927,0.0
643063,2024-05-28,475000,Universitario de Deportes,6593,,Diego,Romero,Diego Romero,2025,6593,diego-romero,Peru,Chiclayo  ,Peru,2001-08-17 00:00:00,Goalkeeper,Goalkeeper,right,189.0,2027-12-31 00:00:00,Alemannogroup,https://img.a.transfermarkt.technology/portrait/header/643063-1770731016.jpg?lm=1,0.0,0.0,3584.0,https://www.transfermarkt.co.uk/diego-romero/profil/spieler/643063,,,1000000.0,1000000.0,2023,Diego Mariño,ESP-La Liga,2324,Almería,Diego Mariño,ESP,GK,33,1990,1,1,90,1.0,2,2.0,4,2,50.0,0,0,1,0,0.0,2,2,0,0,0.0,22.77891854893908,1312.0
826462,2024-05-28,25000,North Carolina FC,11228,,Antonio,Carrera,Antonio Carrera,2025,7055,antonio-carrera,Mexico,"Pachuca de Soto, Hidalgo  ",United States,2004-03-15 00:00:00,Goalkeeper,Goalkeeper,right,191.0,,THE·TEAM,https://img.a.transfermarkt.technology/portrait/header/826462-1740506003.jpg?lm=1,3.0,0.0,,https://www.transfermarkt.co.uk/antonio-carrera/profil/spieler/826462,MEX1,Tigres UANL,25000.0,25000.0,2023,Antonio Sivera,ESP-La Liga,2324,Alavés,Antonio Sivera,ESP,GK,26,1996,34,34,3060,34.0,38,1.12,125,87,69.6,11,8,15,9,26.5,8,8,0,0,0.0,20.202600958247775,0.0
842187,2024-05-28,10000,SV Ried,266,A1,Dominik,Stöger,Dominik Stöger,2025,266,dominik-stoger,,,Austria,2006-09-22 00:00:00,Goalkeeper,Goalkeeper,,200.0,2028-06-30 00:00:00,,https://img.a.transfermarkt.technology/portrait/header/842187-1753368072.png?lm=1,0.0,0.0,,https://www.transfermarkt.co.uk/dominik-stoger/profil/spieler/842187,A1,SV Ried,10000.0,10000.0,2023,Dominik Greif,ESP-La Liga,2324,Mallorca,Dominik Greif,SVK,GK,26,1997,1,1,90,1.0,0,0.0,4,4,100.0,0,1,0,1,100.0,0,0,0,0,,17.68104038329911,1494.0
17259,2024-05-29,4000000,Bayern Munich,27,L1,Manuel,Neuer,Manuel Neuer,2025,27,manuel-neuer,Germany,Gelsenkirchen  ,Germany,1986-03-27 00:00:00,Goalkeeper,Goalkeeper,right,193.0,2027-06-30 00:00:00,PRO Profil GmbH,https://img.a.transfermarkt.technology/portrait/header/17259-1762943283.jpg?lm=1,128.0,0.0,,https://www.transfermarkt.co.uk/manuel-neuer/profil/spieler/17259,L1,Bayern Munich,4000000.0,45000000.0,2023,Manuel Neuer,,2324,Bayern Munich,Manuel Neuer,GER,GK,37,1986,23,23,2053,22.8,33,1.45,92,59,64.1,16,1,6,6,26.1,3,2,1,0,33.3,38.17385352498289,1127.0
40034,2024-05-29,200000,Eintracht Frankfurt,24,L1,Jens,Grahl,Jens Grahl,2025,24,jens-grahl,Germany,Stuttgart  ,Germany,1988-09-22 00:00:00,Goalkeeper,Goalkeeper,right,192.0,2027-06-30 00:00:00,PESM,https://img.a.transfermarkt.technology/portrait/header/40034-1663064684.jpg?lm=1,,,,https://www.transfermarkt.co.uk/jens-grahl/profil/spieler/40034,L1,Eintracht Frankfurt,200000.0,750000.0,2023,Jens Grahl,,2324,Frankfurt,Jens Grahl,GER,GK,34,1988,2,2,180,2.0,2,1.0,9,7,77.8,1,1,0,0,0.0,0,0,0,0,,35.68240930869268,1127.0
40680,2024-05-29,700000,Bayern Munich,27,L1,Sven,Ulreich,Sven Ulreich,2025,27,sven-ulreich,Germany,Schorndorf  ,Germany,1988-08-03 00:00:00,Goalkeeper,Goalkeeper,right,192.0,2027-06-30 00:00:00,,https://img.a.transfermarkt.technology/portrait/header/40680-1700659982.jpg?lm=1,0.0,0.0,,https://www.transfermarkt.co.uk/sven-ulreich/profil/spieler/40680,L1,Bayern Munich,500000.0,6000000.0,2023,Sven Ulreich,,2324,Bayern Munich,Sven Ulreich,GER,GK,34,1988,11,11,990,11.0,12,1.09,31,19,61.3,7,2,2,4,36.4,1,1,0,0,0.0,35.81930184804928,1127.0
40792,2024-05-29,600000,VfL Bochum,80,L1,Manuel,Riemann,Manuel Riemann,2023,80,manuel-riemann,Germany,Mühldorf am Inn  ,Germany,1988-09-09 00:00:00,Goalkeeper,Goalkeeper,right,186.0,2025-06-30 00:00:00,ROOF,https://img.a.transfermarkt.technology/portrait/header/40792-1691250480.jpg?lm=1,,,,https://www.transfermarkt.co.uk/manuel-riemann/profil/spieler/40792,L1,VfL Bochum,600000.0,1200000.0,2023,Manuel Riemann,,2324,Bochum,Manuel Riemann,GER,GK,34,1988,33,33,2970,33.0,70,2.12,185,115,62.2,7,12,14,4,12.1,11,9,2,0,18.2,35.71800136892539,397.0
41323,2024-05-29,300000,VfL Bochum,80,L1,Andreas,Luthe,Andreas Luthe,2023,80,andreas-luthe,Germany,Velbert  ,Germany,1987-03-10 00:00:00,Goalkeeper,Goalkeeper,right,195.0,,act SPORTS GROUP,https://img.a.transfermarkt.technology/portrait/header/41323-1692861087.jpg?lm=1,,,,https://www.transfermarkt.co.uk/andreas-luthe/profil/spieler/41323,L1,VfL Bochum,300000.0,1750000.0,2023,Andreas Luthe,,2324,Bochum,Andreas Luthe,GER,GK,36,1987,1,1,90,1.0,4,4.0,5,1,20.0,0,0,1,0,0.0,0,0,0,0,,37.22108145106092,0.0
43824,2024-05-29,1000000,1.FC Heidenheim 1846,2036,L1,Kevin,Müller,Kevin Müller,2025,2036,kevin-muller,Germany,Rostock  ,Germany,1991-03-15 00:00:00,Goalkeeper,Goalkeeper,right,190.0,,,https://img.a.transfermarkt.technology/portrait/header/43824-1755089032.jpg?lm=1,7.0,0.0,,https://www.transfermarkt.co.uk/kevin-muller/profil/spieler/43824,L1,1. Fußballclub Heidenheim 1846,300000.0,1200000.0,2023,Kevin Müller,,2324,Heidenheim,Kevin Müller,GER,GK,32,1991,34,34,3060,34.0,55,1.62,178,123,69.1,10,12,12,5,14.7,10,7,1,2,12.5,33.20739219712526,0.0
45672,2024-05-29,4000000,Eintracht Frankfurt,24,L1,Kevin,Trapp,Kevin Trapp,2025,10004,kevin-trapp,Germany,Merzig  ,Germany,1990-07-08 00:00:00,Goalkeeper,Goalkeeper,right,189.0,2028-06-30 00:00:00,Sports360 GmbH,https://img.a.transfermarkt.technology/portrait/header/45672-1724772525.jpg?lm=1,9.0,0.0,,https://www.transfermarkt.co.uk/kevin-trapp/profil/spieler/45672,FR1,Paris FC,1800000.0,12000000.0,2023,Kevin Trapp,,2324,Frankfurt,Kevin Trapp,GER,GK,33,1990,32,32,2880,32.0,48,1.5,135,87,64.4,10,13,9,7,21.9,11,9,2,0,18.2,33.89185489390828,1493.0
48015,2024-05-29,2500000,Bayer 04 Leverkusen,15,L1,Lukas,Hradecky,Lukas Hradecky,2025,162,lukas-hradecky,CSSR,Bratislava  ,Finland,1989-11-24 00:00:00,Goalkeeper,Goalkeeper,right,192.0,2027-06-30 00:00:00,,https://img.a.transfermarkt.technology/portrait/header/48015-1695367833.jpg?lm=1,105.0,0.0,3443.0,https://www.transfermarkt.co.uk/lukas-hradecky/profil/spieler/48015,FR1,AS Monaco,1500000.0,12000000.0,2023,Lukáš Hrádecký,,2324,Leverkusen,Lukáš Hrádecký,FIN,GK,33,1989,33,33,2970,33.0,24,0.73,102,78,76.5,28,5,0,15,45.5,0,0,0,0,,34.510609171800134,1127.0
51977,2024-05-29,300000,VfL Wolfsburg,82,L1,Pavao,Pervan,Pavao Pervan,2025,82,pavao-pervan,Jugoslawien (SFR),Livno  ,Austria,1987-11-13 00:00:00,Goalkeeper,Goalkeeper,both,194.0,2027-06-30 00:00:00,,https://img.a.transfermarkt.technology/portrait/header/51977-1657202144.jpg?lm=1,7.0,0.0,,https://www.transfermarkt.co.uk/pavao-pervan/profil/spieler/51977,L1,VfL Wolfsburg,300000.0,800000.0,2023,Pavao Pervan,,2324,Wolfsburg,Pavao Pervan,AUT,GK,35,1987,9,9,810,9.0,17,1.89,37,20,54.1,2,1,6,2,22.2,0,0,0,0,,36.54209445585216,1127.0
55089,2024-05-29,3000000,TSG 1899 Hoffenheim,533,L1,Oliver,Baumann,Oliver Baumann,2025,533,oliver-baumann,Germany,Breisach am Rhein  ,Germany,1990-06-02 00:00:00,Goalkeeper,Goalkeeper,right,187.0,2028-06-30 00:00:00,CN Sports,https://img.a.transfermarkt.technology/portrait/header/55089-1755090197.jpg?lm=1,13.0,0.0,,https://www.transfermarkt.co.uk/oliver-baumann/profil/spieler/55089,L1,TSG 1899 Hoffenheim,2500000.0,10000000.0,2023,Oliver Baumann,,2324,Hoffenheim,Oliver Baumann,GER,GK,33,1990,34,34,3060,34.0,66,1.94,209,143,68.4,13,7,14,1,2.9,5,2,3,0,60.0,33.99041752224504,1493.0
57071,2024-05-29,3000000,RB Leipzig,23826,L1,Péter,Gulácsi,Péter Gulácsi,2025,23826,peter-gulacsi,Hungary,Budapest  ,Hungary,1990-05-06 00:00:00,Goalkeeper,Goalkeeper,right,193.0,2027-06-30 00:00:00,,https://img.a.transfermarkt.technology/portrait/header/57071-1719214600.jpg?lm=1,58.0,0.0,,https://www.transfermarkt.co.uk/peter-gulacsi/profil/spieler/57071,L1,RB Leipzig,1000000.0,13000000.0,2023,Péter Gulácsi,,2324,RB Leipzig,Péter Gulácsi,HUN,GK,33,1990,13,13,1170,13.0,9,0.69,42,33,78.6,9,4,0,5,38.5,1,0,0,1,,34.064339493497606,1127.0
76158,2024-05-29,800000,Borussia Dortmund,16,L1,Alexander,Meyer,Alexander Meyer,2025,16,alexander-meyer,Germany,Bad Oldesloe  ,Germany,1991-04-13 00:00:00,Goalkeeper,Goalkeeper,right,195.0,2027-06-30 00:00:00,AKA Global GmbH,https://img.a.transfermarkt.technology/portrait/header/76158-1716381651.jpg?lm=1,,,,https://www.transfermarkt.co.uk/alexander-meyer/profil/spieler/76158,L1,Borussia Dortmund,500000.0,1000000.0,2023,Alexander Meyer,,2324,Dortmund,Alexander Meyer,GER,GK,32,1991,8,7,695,7.7,9,1.17,28,19,67.9,4,1,2,3,42.9,0,0,0,0,,33.12799452429842,1127.0
81173,2024-05-29,2000000,RB Leipzig,23826,L1,Janis,Blaswich,Janis Blaswich,2025,15,janis-blaswich,Germany,Willich  ,Germany,1991-05-02 00:00:00,Goalkeeper,Goalkeeper,right,193.0,2027-06-30 00:00:00,PRO Profil GmbH,https://img.a.transfermarkt.technology/portrait/header/81173-1758702865.jpg?lm=1,0.0,0.0,,https://www.transfermarkt.co.uk/janis-blaswich/profil/spieler/81173,L1,Bayer 04 Leverkusen,700000.0,4000000.0,2023,Janis Blaswich,,2324,RB Leipzig,Janis Blaswich,GER,GK,32,1991,21,21,1890,21.0,30,1.43,77,47,61.0,10,4,7,5,23.8,4,4,0,0,0.0,33.07597535934291,1127.0
90317,2024-05-29,350000,1.FSV Mainz 05,39,L1,Daniel,Batz,Daniel Batz,2025,39,daniel-batz,Germany,Erlangen  ,Germany,1991-01-12 00:00:00,Goalkeeper,Goalkeeper,both,191.0,2026-06-30 00:00:00,Soccer and more,https://img.a.transfermarkt.technology/portrait/header/90317-1722886526.jpg?lm=1,0.0,0.0,,https://www.transfermarkt.co.uk/daniel-batz/profil/spieler/90317,L1,1.FSV Mainz 05,350000.0,350000.0,2023,Daniel Batz,,2324,Mainz 05,Daniel Batz,GER,GK,32,1991,4,4,360,4.0,3,0.75,17,14,82.4,0,2,2,1,25.0,0,0,0,0,,33.37713894592745,762.0
93651,2024-05-29,800000,SV Darmstadt 98,105,L1,Marcel,Schuhen,Marcel Schuhen,2023,105,marcel-schuhen,Germany,Kirchen (Sieg)  ,Germany,1993-01-13 00:00:00,Goalkeeper,Goalkeeper,right,188.0,2025-06-30 00:00:00,VIDA Sports GmbH,https://img.a.transfermarkt.technology/portrait/header/93651-1657111595.jpg?lm=1,,,,https://www.transfermarkt.co.uk/marcel-schuhen/profil/spieler/93651,L1,SV Darmstadt 98,800000.0,1500000.0,2023,Marcel Schuhen,,2324,Darmstadt 98,Marcel Schuhen,GER,GK,30,1993,31,31,2790,31.0,76,2.45,199,123,61.8,3,7,21,3,9.7,2,1,1,0,50.0,31.37303216974675,397.0
93763,2024-05-29,700000,1.FC Union Berlin,89,L1,Alexander,Schwolow,Alexander Schwolow,2025,43,alexander-schwolow,Germany,Wiesbaden  ,Germany,1992-06-02 00:00:00,Goalkeeper,Goalkeeper,right,190.0,2027-05-31 00:00:00,feel soccer GmbH,https://img.a.transfermarkt.technology/portrait/header/93763-1726351593.jpg?lm=1,7.0,0.0,,https://www.transfermarkt.co.uk/alexander-schwolow/profil/spieler/93763,SC1,Heart of Midlothian FC,450000.0,9000000.0,2023,Alexander Schwolow,,2324,Union Berlin,Alexander Schwolow,GER,GK,31,1992,1,1,90,1.0,2,2.0,6,4,66.7,0,0,1,0,0.0,0,0,0,0,,31.98904859685147,1097.0
107775,2024-05-29,4500000,1.FC Union Berlin,89,L1,Frederik,Rönnow,Frederik Rönnow,2025,89,frederik-ronnow,Denmark,Horsens  ,Denmark,1992-08-04 00:00:00,Goalkeeper,Goalkeeper,right,188.0,,BTAM,https://img.a.transfermarkt.technology/portrait/header/107775-1692707378.jpg?lm=1,10.0,0.0,,https://www.transfermarkt.co.uk/frederik-ronnow/profil/spieler/107775,L1,1.FC Union Berlin,2000000.0,5500000.0,2023,Frederik Rønnow,,2324,Union Berlin,Frederik Rønnow,DEN,GK,30,1992,33,33,2970,33.0,56,1.7,162,106,65.4,9,6,18,7,21.2,7,5,2,0,28.6,31.81656399726215,0.0
108880,2024-05-29,6000000,VfL Wolfsburg,82,L1,Koen,Casteels,Koen Casteels,2025,26069,koen-casteels,Belgium,Bonheiden  ,Belgium,1992-06-25 00:00:00,Goalkeeper,Goalkeeper,left,197.0,2027-06-30 00:00:00,,https://img.a.transfermarkt.technology/portrait/header/108880-1689877715.jpg?lm=1,20.0,0.0,,https://www.transfermarkt.co.uk/koen-casteels/profil/spieler/108880,SA1,Al-Qadsiah Saudi Football Club,3500000.0,14000000.0,2023,Koen Casteels,,2324,Wolfsburg,Koen Casteels,BEL,GK,31,1992,25,25,2250,25.0,39,1.56,117,78,66.7,8,6,11,3,12.0,3,2,0,1,0.0,31.926078028747433,1127.0
146693,2024-05-29,400000,SV Darmstadt 98,105,L1,Alexander,Brunst,Alexander Brunst,2023,105,alexander-brunst,Germany,Neumünster  ,Germany,1995-07-07 00:00:00,Goalkeeper,Goalkeeper,right,195.0,2027-06-30 00:00:00,extratime GmbH,https://img.a.transfermarkt.technology/portrait/header/146693-1657111617.jpg?lm=1,,,,https://www.transfermarkt.co.uk/alexander-brunst/profil/spieler/146693,L1,SV Darmstadt 98,400000.0,450000.0,2023,Alexander Brunst,,2324,Darmstadt 98,Alexander Brunst,GER,GK,28,1995,3,3,270,3.0,10,3.33,17,7,41.2,0,1,2,0,0.0,0,0,0,0,,28.895277207392198,1127.0
146714,2024-05-29,800000,FC Augsburg,167,L1,Tomas,Koubek,Tomas Koubek,2025,697,tomas-koubek,CSSR,Hradec Králové  ,Czech Republic,1992-08-26 00:00:00,Goalkeeper,Goalkeeper,right,197.0,2027-06-30 00:00:00,SPORT INVEST,https://img.a.transfermarkt.technology/portrait/header/146714-1658599187.jpg?lm=1,12.0,0.0,,https://www.transfermarkt.co.uk/tomas-koubek/profil/spieler/146714,TS1,FC Slovan Liberec,300000.0,7000000.0,2023,Tomáš Koubek,,2324,Augsburg,Tomáš Koubek,CZE,GK,30,1992,3,3,270,3.0,8,2.67,25,17,68.0,0,0,3,0,0.0,0,0,0,0,,31.756331279945243,1127.0
160929,2024-05-29,4000000,1.FC Köln,3,L1,Marvin,Schwäbe,Marvin Schwäbe,2025,3,marvin-schwabe,Germany,Dieburg  ,Germany,1995-04-25 00:00:00,Goalkeeper,Goalkeeper,right,190.0,2027-06-30 00:00:00,,https://img.a.transfermarkt.technology/portrait/header/160929-1721140634.jpg?lm=1,4.0,0.0,,https://www.transfermarkt.co.uk/marvin-schwabe/profil/spieler/160929,L1,1.FC Köln,3000000.0,7000000.0,2023,Marvin Schwäbe,,2324,Köln,Marvin Schwäbe,GER,GK,28,1995,34,34,3060,34.0,60,1.76,169,109,64.5,5,12,17,3,8.8,3,3,0,0,0.0,29.09514031485284,1127.0
160963,2024-05-29,3000000,1.FSV Mainz 05,39,L1,Robin,Zentner,Robin Zentner,2025,39,robin-zentner,Germany,Rüdesheim am Rhein  ,Germany,1994-10-28 00:00:00,Goalkeeper,Goalkeeper,right,194.0,2028-06-30 00:00:00,W&K Fairplay,https://img.a.transfermarkt.technology/portrait/header/160963-1676499369.jpg?lm=1,1.0,0.0,,https://www.transfermarkt.co.uk/robin-zentner/profil/spieler/160963,L1,1.FSV Mainz 05,2500000.0,5000000.0,2023,Robin Zentner,,2324,Mainz 05,Robin Zentner,GER,GK,28,1994,30,30,2700,30.0,48,1.6,130,82,63.1,7,12,11,7,23.3,4,3,0,1,0.0,29.585215605749486,1493.0
187624,2024-05-29,1000000,VfB Stuttgart,79,L1,Fabian,Bredlow,Fabian Bredlow,2025,79,fabian-bredlow,Germany,Berlin  ,Germany,1995-03-02 00:00:00,Goalkeeper,Goalkeeper,both,190.0,2027-06-30 00:00:00,SEG,https://img.a.transfermarkt.technology/portrait/header/187624-1723707742.jpg?lm=1,5.0,0.0,,https://www.transfermarkt.co.uk/fabian-bredlow/profil/spieler/187624,L1,VfB Stuttgart,700000.0,1500000.0,2023,Fabian Bredlow,,2324,Stuttgart,Fabian Bredlow,GER,GK,28,1995,4,4,360,4.0,3,0.75,22,19,86.4,3,1,0,1,25.0,0,0,0,0,,29.242984257357975,1127.0
195778,2024-05-29,12000000,VfB Stuttgart,79,L1,Alexander,Nübel,Alexander Nübel,2025,79,alexander-nubel,Germany,Paderborn  ,Germany,1996-09-30 00:00:00,Goalkeeper,Goalkeeper,right,193.0,2029-06-30 00:00:00,Siebert & Backs,https://img.a.transfermarkt.technology/portrait/header/195778-1783582812.png?lm=1,3.0,0.0,,https://www.transfermarkt.co.uk/alexander-nubel/profil/spieler/195778,L1,VfB Stuttgart,12000000.0,16000000.0,2023,Alexander Nübel,,2324,Stuttgart,Alexander Nübel,GER,GK,26,1996,30,30,2700,30.0,36,1.2,108,74,66.7,20,3,7,9,30.0,3,3,0,0,0.0,27.66050650239562,1858.0
196813,2024-05-29,3000000,SV Werder Bremen,86,L1,Michael,Zetterer,Michael Zetterer,2025,86,michael-zetterer,Germany,München  ,Germany,1995-07-12 00:00:00,Goalkeeper,Goalkeeper,both,187.0,2029-06-30 00:00:00,Siebert & Backs,https://img.a.transfermarkt.technology/portrait/header/196813-1757598019.jpg?lm=1,1.0,0.0,,https://www.transfermarkt.co.uk/michael-zetterer/profil/spieler/196813,L1,SV Werder Bremen,4000000.0,4500000.0,2023,Michael Zetterer,,2324,Werder Bremen,Michael Zetterer,GER,GK,28,1995,27,27,2430,27.0,37,1.37,130,93,71.5,9,9,9,5,18.5,4,4,0,0,0.0,28.88158795345654,1858.0
247915,2024-05-29,6000000,Borussia Mönchengladbach,18,L1,Jonas,Omlin,Jonas Omlin,2025,15,jonas-omlin,Switzerland,Sarnen  ,Switzerland,1994-01-10 00:00:00,Goalkeeper,Goalkeeper,right,190.0,2029-06-30 00:00:00,Signature - ISCM AG,https://img.a.transfermarkt.technology/portrait/header/247915-1691248651.jpg?lm=1,4.0,0.0,,https://www.transfermarkt.co.uk/jonas-omlin/profil/spieler/247915,L1,Bayer 04 Leverkusen,800000.0,9000000.0,2023,Jonas Omlin,,2324,Gladbach,Jonas Omlin,SUI,GK,29,1994,7,7,630,7.0,18,2.57,47,29,61.7,1,2,4,0,0.0,2,2,0,0,0.0,30.38193018480493,1858.0
251299,2024-05-29,5000000,FC Augsburg,167,L1,Finn,Dahmen,Finn Dahmen,2025,167,finn-dahmen,Germany,Wiesbaden  ,Germany,1998-03-27 00:00:00,Goalkeeper,Goalkeeper,right,186.0,2027-06-30 00:00:00,CN Sports,https://img.a.transfermarkt.technology/portrait/header/251299-1755200500.jpg?lm=1,0.0,0.0,,https://www.transfermarkt.co.uk/finn-dahmen/profil/spieler/251299,L1,FC Augsburg,12000000.0,12000000.0,2023,Finn Dahmen,,2324,Augsburg,Finn Dahmen,GER,GK,25,1998,31,31,2790,31.0,52,1.68,160,108,67.5,10,9,12,3,9.7,10,7,2,1,22.2,26.17385352498289,1127.0
257814,2024-05-29,40000000,Borussia Dortmund,16,L1,Gregor,Kobel,Gregor Kobel,2025,16,gregor-kobel,Switzerland,Zürich  ,Switzerland,1997-12-06 00:00:00,Goalkeeper,Goalkeeper,right,196.0,2028-06-30 00:00:00,SBE Management AG,https://img.a.transfermarkt.technology/portrait/header/257814-1709559904.jpg?lm=1,26.0,0.0,,https://www.transfermarkt.co.uk/gregor-kobel/profil/spieler/257814,L1,Borussia Dortmund,40000000.0,40000000.0,2023,Gregor Kobel,,2324,Dortmund,Gregor Kobel,SUI,GK,25,1997,27,27,2365,26.3,34,1.29,118,84,71.2,14,8,5,7,25.9,6,5,1,0,16.7,26.477754962354553,1493.0
260053,2024-05-29,1500000,SV Werder Bremen,86,L1,Jiri,Pavlenka,Jiri Pavlenka,2025,1091,jiri-pavlenka,CSSR,Hlučín  ,Czech Republic,1992-04-14 00:00:00,Goalkeeper,Goalkeeper,right,196.0,2027-06-30 00:00:00,SPORT INVEST,https://img.a.transfermarkt.technology/portrait/header/260053-1783068576.png?lm=1,21.0,0.0,,https://www.transfermarkt.co.uk/jiri-pavlenka/profil/spieler/260053,GR1,Panthessalonikios Athlitikos Omilos Konstantinoupoliton,700000.0,12000000.0,2023,Jiří Pavlenka,,2324,Werder Bremen,Jiří Pavlenka,CZE,GK,31,1992,7,7,630,7.0,17,2.43,39,22,56.4,2,0,5,1,14.3,2,2,0,0,0.0,32.12320328542094,1127.0
284270,2024-05-29,2500000,Borussia Mönchengladbach,18,L1,Moritz,Nicolas,Moritz Nicolas,2025,18,moritz-nicolas,Germany,Gladbeck  ,Germany,1997-10-21 00:00:00,Goalkeeper,Goalkeeper,right,193.0,2029-06-30 00:00:00,PORT,https://img.a.transfermarkt.technology/portrait/header/284270-1722945496.jpg?lm=1,1.0,0.0,,https://www.transfermarkt.co.uk/moritz-nicolas/profil/spieler/284270,L1,Borussia Mönchengladbach,8000000.0,8000000.0,2023,Moritz Nicolas,,2324,Gladbach,Moritz Nicolas,GER,GK,25,1997,27,27,2430,27.0,49,1.81,159,113,69.2,6,11,10,4,14.8,4,4,0,0,0.0,26.60369609856263,1858.0
468539,2024-05-29,3000000,Bayern Munich,27,L1,Daniel,Peretz,Daniel Peretz,2025,41,daniel-peretz,Israel,Tel Aviv  ,Israel,2000-07-10 00:00:00,Goalkeeper,Goalkeeper,right,190.0,2030-06-30 00:00:00,,https://img.a.transfermarkt.technology/portrait/header/468539-1758188153.jpg?lm=1,12.0,0.0,,https://www.transfermarkt.co.uk/daniel-peretz/profil/spieler/468539,L1,Hamburger SV,4000000.0,5000000.0,2023,Daniel Peretz,,2324,Bayern Munich,Daniel Peretz,ISR,GK,23,2000,1,0,17,0.2,0,0.0,0,0,,0,0,0,0,,0,0,0,0,,23.88501026694045,2223.0
526845,2024-05-29,10000000,SC Freiburg,60,L1,Noah,Atubolu,Noah Atubolu,2025,60,noah-atubolu,Germany,Freiburg im Breisgau  ,Germany,2002-05-25 00:00:00,Goalkeeper,Goalkeeper,right,190.0,2027-06-30 00:00:00,Epic Atubolu,https://img.a.transfermarkt.technology/portrait/header/526845-1753984204.jpg?lm=1,0.0,0.0,,https://www.transfermarkt.co.uk/noah-atubolu/profil/spieler/526845,L1,SC Freiburg,25000000.0,25000000.0,2023,Noah Atubolu,,2324,Freiburg,Noah Atubolu,GER,GK,21,2002,34,34,3060,34.0,58,1.71,159,101,63.5,11,9,14,9,26.5,5,3,2,0,40.0,22.012320328542096,1127.0
550829,2024-05-29,7000000,Bayer 04 Leverkusen,15,L1,Matej,Kovar,Matej Kovar,2025,383,matej-kovar,Czech Republic,Uherské Hradiště  ,Czech Republic,2000-05-17 00:00:00,Goalkeeper,Goalkeeper,right,196.0,2030-06-30 00:00:00,SPORT INVEST,https://img.a.transfermarkt.technology/portrait/header/550829-1765213743.jpg?lm=1,23.0,0.0,,https://www.transfermarkt.co.uk/matej-kovar/profil/spieler/550829,NL1,PSV Eindhoven,8000000.0,8000000.0,2023,Matej Kovar,,2324,Leverkusen,Matej Kovar,CZE,GK,23,2000,1,1,90,1.0,0,0.0,3,3,100.0,0,1,0,1,100.0,0,0,0,0,,24.032854209445585,2223.0
843915,2024-05-30,50000,Atromitos Athens,3060,GR1,Christos,Dimos,Christos Dimos,2023,3060,christos-dimos,,,Greece,2003-07-03 00:00:00,Goalkeeper,Goalkeeper,,,2025-06-30 00:00:00,,https://img.a.transfermarkt.technology/portrait/header/default.jpg?lm=1,,,,https://www.transfermarkt.co.uk/christos-dimos/profil/spieler/843915,GR1,APS Atromitos Athinon,50000.0,50000.0,2023,Christos Mandas,ITA-Serie A,2324,Lazio,Christos Mandas,GRE,GK,21,2001,9,8,721,8.0,6,0.75,29,23,79.3,6,1,1,2,25.0,0,0,0,0,,20.908966461327857,396.0
254968,2024-05-31,100000,BSC Young Boys,452,C1,Dario,Marzino,Dario Marzino,2025,452,dario-marzino,Switzerland,Thun  ,Switzerland,1996-09-19 00:00:00,Goalkeeper,Goalkeeper,right,184.0,2027-06-30 00:00:00,Front Group GmbH,https://img.a.transfermarkt.technology/portrait/header/254968-1533135547.jpg?lm=1,2.0,0.0,,https://www.transfermarkt.co.uk/dario-marzino/profil/spieler/254968,C1,BSC Young Boys,100000.0,300000.0,2023,Diego Mariño,ESP-La Liga,2324,Almería,Diego Mariño,ESP,GK,33,1990,1,1,90,1.0,2,2.0,4,2,50.0,0,0,1,0,0.0,2,2,0,0,0.0,27.696098562628336,1125.0
895728,2024-05-31,100000,Team Ticino U19,110599,,Diego,Mina,Diego Mina,2025,2790,diego-mina,,,Switzerland,2005-08-12 00:00:00,Goalkeeper,Goalkeeper,right,186.0,2028-06-30 00:00:00,TM,https://img.a.transfermarkt.technology/portrait/header/895728-1755184894.jpg?lm=1,0.0,0.0,,https://www.transfermarkt.co.uk/diego-mina/profil/spieler/895728,C1,FC Lugano,100000.0,100000.0,2023,Diego Mariño,ESP-La Liga,2324,Almería,Diego Mariño,ESP,GK,33,1990,1,1,90,1.0,2,2.0,4,2,50.0,0,0,1,0,0.0,2,2,0,0,0.0,18.80082135523614,1491.0
23951,2024-06-03,800000,Stade Rennais FC,273,FR1,Steve,Mandanda,Steve Mandanda,2024,273,steve-mandanda,Zaire,Kinshasa  ,France,1985-03-28 00:00:00,Goalkeeper,Goalkeeper,right,187.0,,,https://img.a.transfermarkt.technology/portrait/header/23951-1666698933.jpg?lm=1,35.0,0.0,,https://www.transfermarkt.co.uk/steve-mandanda/profil/spieler/23951,FR1,Stade Rennais FC,500000.0,17000000.0,2023,Steve Mandanda,FRA-Ligue 1,2324,Rennes,Steve Mandanda,FRA,GK,38,1985,34,34,3060,34.0,46,1.35,151,105,69.5,12,10,12,7,20.6,3,3,0,0,0.0,39.18412046543463,0.0
27490,2024-06-03,200000,RC Lens,826,FR1,Jean-Louis,Leca,Jean-Louis Leca,2023,826,jean-louis-leca,France,Bastia  ,France,1985-09-21 00:00:00,Goalkeeper,Goalkeeper,right,180.0,,Soccer Connect,https://img.a.transfermarkt.technology/portrait/header/27490-1676911599.jpg?lm=1,,,,https://www.transfermarkt.co.uk/jean-louis-leca/profil/spieler/27490,FR1,RC Lens,200000.0,1300000.0,2023,Jean-Louis Leca,FRA-Ligue 1,2324,Lens,Jean-Louis Leca,FRA,GK,37,1985,1,1,90,1.0,2,2.0,3,1,33.3,0,1,0,0,0.0,0,0,0,0,,38.69952087611225,0.0
28356,2024-06-03,100000,FC Nantes,995,FR1,Denis,Petric,Denis Petric,2024,826,denis-petric,Jugoslawien (SFR),Ljubljana  ,Slovenia,1988-05-24 00:00:00,Goalkeeper,Goalkeeper,right,186.0,,,https://img.a.transfermarkt.technology/portrait/header/28356-1703065287.jpg?lm=1,1.0,0.0,,https://www.transfermarkt.co.uk/denis-petric/profil/spieler/28356,FR1,RC Lens,50000.0,1500000.0,2023,Denis Petrić,FRA-Ligue 1,2324,Nantes,Denis Petrić,SRB,GK,35,1988,1,0,24,0.3,1,3.75,1,0,0.0,0,0,0,0,,0,0,0,0,,36.02737850787132,0.0
33781,2024-06-03,200000,LOSC Lille,1082,FR1,Vito,Mannone,Vito Mannone,2024,1082,vito-mannone,Italy,Desio  ,Italy,1988-03-02 00:00:00,Goalkeeper,Goalkeeper,right,188.0,,,https://img.a.transfermarkt.technology/portrait/header/33781-1614092740.jpg?lm=1,8.0,0.0,,https://www.transfermarkt.co.uk/vito-mannone/profil/spieler/33781,FR1,LOSC Lille,200000.0,3500000.0,2023,Vito Mannone,FRA-Ligue 1,2324,Lille,Vito Mannone,ITA,GK,35,1988,2,1,91,1.0,2,1.98,5,3,60.0,0,1,0,0,0.0,0,0,0,0,,36.25462012320329,0.0
56809,2024-06-03,500000,FC Metz,347,FR1,Alexandre,Oukidja,Alexandre Oukidja,2025,32113,alexandre-oukidja,France,Nevers  ,Algeria,1988-07-19 00:00:00,Goalkeeper,Goalkeeper,right,184.0,,SAS ASSIST & GOAL,https://img.a.transfermarkt.technology/portrait/header/56809-1697462617.png?lm=1,7.0,0.0,,https://www.transfermarkt.co.uk/alexandre-oukidja/profil/spieler/56809,SER1,FK IMT Belgrad,150000.0,3000000.0,2023,Alexandre Oukidja,FRA-Ligue 1,2324,Metz,Alexandre Oukidja,ALG,GK,35,1988,34,34,2987,33.2,57,1.72,178,126,68.0,8,5,21,6,17.6,6,6,0,0,0.0,35.87405886379192,0.0
60543,2024-06-03,200000,Le Havre AC,738,FR1,Mathieu,Gorgelin,Mathieu Gorgelin,2025,826,mathieu-gorgelin,France,Ambérieu-en-Bugey  ,France,1990-08-05 00:00:00,Goalkeeper,Goalkeeper,left,187.0,,,https://img.a.transfermarkt.technology/portrait/header/60543-1704795204.jpg?lm=1,1.0,0.0,,https://www.transfermarkt.co.uk/mathieu-gorgelin/profil/spieler/60543,FR1,RC Lens,200000.0,1000000.0,2023,Mathieu Gorgelin,FRA-Ligue 1,2324,Le Havre,Mathieu Gorgelin,FRA,GK,32,1990,1,1,90,1.0,2,2.0,5,3,60.0,0,0,1,0,0.0,1,1,0,0,0.0,33.828884325804246,0.0
60561,2024-06-03,4000000,Olympique Lyon,1041,FR1,Anthony,Lopes,Anthony Lopes,2025,995,anthony-lopes,France,Givors  ,Portugal,1990-10-01 00:00:00,Goalkeeper,Goalkeeper,left,184.0,2028-06-30 00:00:00,,https://img.a.transfermarkt.technology/portrait/header/60561-1640775949.jpg?lm=1,14.0,0.0,,https://www.transfermarkt.co.uk/anthony-lopes/profil/spieler/60561,FR1,FC Nantes,900000.0,25000000.0,2023,Anthony Lopes,FRA-Ligue 1,2324,Lyon,Anthony Lopes,POR,GK,32,1990,31,31,2790,31.0,49,1.58,154,109,68.2,16,4,11,8,25.8,6,4,1,1,20.0,33.672826830937716,1488.0
79422,2024-06-03,1500000,Paris Saint-Germain,583,FR1,Keylor,Navas,Keylor Navas,2025,7633,keylor-navas,Costa Rica,San Isidro de El General  ,Costa Rica,1986-12-15 00:00:00,Goalkeeper,Goalkeeper,right,185.0,2027-06-30 00:00:00,,https://img.a.transfermarkt.technology/portrait/header/79422-1672304953.jpg?lm=1,126.0,0.0,,https://www.transfermarkt.co.uk/keylor-navas/profil/spieler/79422,MEX1,UNAM Pumas,750000.0,20000000.0,2023,Keylor Navas,FRA-Ligue 1,2324,Paris SG,Keylor Navas,CRC,GK,36,1986,4,4,360,4.0,6,1.5,12,6,50.0,2,2,0,1,25.0,1,1,0,0,0.0,37.46748802190281,1122.0
124884,2024-06-03,4000000,Stade Brestois 29,3911,FR1,Marco,Bizot,Marco Bizot,2025,405,marco-bizot,Netherlands,Hoorn  ,Netherlands,1991-03-10 00:00:00,Goalkeeper,Goalkeeper,right,193.0,2027-06-30 00:00:00,Key United,https://img.a.transfermarkt.technology/portrait/header/124884-1707302509.jpg?lm=1,1.0,0.0,,https://www.transfermarkt.co.uk/marco-bizot/profil/spieler/124884,GB1,Aston Villa,1500000.0,7000000.0,2023,Marco Bizot,FRA-Ligue 1,2324,Brest,Marco Bizot,NED,GK,32,1991,32,32,2876,32.0,34,1.06,129,95,73.6,15,10,7,11,34.4,3,2,1,0,33.3,33.23477070499658,1122.0
127181,2024-06-03,3500000,Montpellier HSC,969,FR1,Benjamin,Lecomte,Benjamin Lecomte,2025,931,benjamin-lecomte,France,Paris  ,France,1991-04-26 00:00:00,Goalkeeper,Goalkeeper,left,186.0,2027-06-30 00:00:00,YSI Football,https://img.a.transfermarkt.technology/portrait/header/127181-1702663657.JPG?lm=1,0.0,0.0,,https://www.transfermarkt.co.uk/benjamin-lecomte/profil/spieler/127181,GB1,Fulham FC,800000.0,17000000.0,2023,Benjamin Lecomte,FRA-Ligue 1,2324,Montpellier,Benjamin Lecomte,FRA,GK,32,1991,30,30,2700,30.0,37,1.23,139,102,73.4,9,11,10,10,33.3,5,4,1,0,20.0,33.106091718001366,1122.0
147051,2024-06-03,3000000,FC Lorient,1158,FR1,Yvon,Mvogo,Yvon Mvogo,2025,1158,yvon-mvogo,Cameroon,Yaoundé  ,Switzerland,1994-06-06 00:00:00,Goalkeeper,Goalkeeper,right,190.0,2027-06-30 00:00:00,THE·TEAM,https://img.a.transfermarkt.technology/portrait/header/147051-1719215379.jpg?lm=1,13.0,0.0,,https://www.transfermarkt.co.uk/yvon-mvogo/profil/spieler/147051,FR1,FC Lorient,2500000.0,4500000.0,2023,Yvon Mvogo,FRA-Ligue 1,2324,Lorient,Yvon Mvogo,SUI,GK,29,1994,34,34,3060,34.0,66,1.94,210,144,68.6,7,8,19,4,11.8,8,8,0,0,0.0,29.99315537303217,1122.0
164904,2024-06-03,1800000,Clermont Foot 63,3524,FR1,Mory,Diaw,Mory Diaw,2025,738,mory-diaw,France,Poissy  ,Senegal,1993-06-22 00:00:00,Goalkeeper,Goalkeeper,right,197.0,2027-06-30 00:00:00,,https://img.a.transfermarkt.technology/portrait/header/164904-1782195360.jpg?lm=1,8.0,0.0,,https://www.transfermarkt.co.uk/mory-diaw/profil/spieler/164904,FR1,Le Havre AC,900000.0,2000000.0,2023,Mory Diaw,FRA-Ligue 1,2324,Clermont Foot,Mory Diaw,SEN,GK,30,1993,30,30,2700,30.0,54,1.8,188,134,71.3,4,8,18,5,16.7,8,6,1,1,14.3,30.94866529774127,1122.0
191056,2024-06-03,15000000,RC Lens,826,FR1,Brice,Samba,Brice Samba,2025,273,brice-samba,Congo,Linzolo  ,France,1994-04-25 00:00:00,Goalkeeper,Goalkeeper,left,187.0,2029-06-30 00:00:00,Sport Cover,https://img.a.transfermarkt.technology/portrait/header/191056-1602242038.jpg?lm=1,4.0,0.0,,https://www.transfermarkt.co.uk/brice-samba/profil/spieler/191056,FR1,Stade Rennais FC,7000000.0,15000000.0,2023,Brice Samba,FRA-Ligue 1,2324,Lens,Brice Samba,FRA,GK,29,1994,33,33,2970,33.0,35,1.06,131,102,73.3,14,8,11,13,39.4,8,6,1,1,14.3,30.10814510609172,1853.0
199321,2024-06-03,2000000,Olympique Marseille,244,FR1,Rubén,Blanco,Rubén Blanco,2025,3828,ruben-blanco,Spain,Mos  ,Spain,1995-07-25 00:00:00,Goalkeeper,Goalkeeper,right,188.0,,,https://img.a.transfermarkt.technology/portrait/header/199321-1676905860.jpg?lm=1,2.0,0.0,,https://www.transfermarkt.co.uk/ruben-blanco/profil/spieler/199321,JAP1,Yokohama Marinos,700000.0,10000000.0,2023,Rubén Blanco,FRA-Ligue 1,2324,Marseille,Rubén Blanco,ESP,GK,28,1995,2,1,121,1.3,2,1.49,6,4,66.7,0,0,1,0,0.0,0,0,0,0,,28.859685147159478,0.0
251322,2024-06-03,5000000,AS Monaco,162,FR1,Philipp,Köhn,Philipp Köhn,2025,162,philipp-kohn,Germany,Dinslaken  ,Switzerland,1998-04-02 00:00:00,Goalkeeper,Goalkeeper,right,190.0,2028-06-30 00:00:00,,https://img.a.transfermarkt.technology/portrait/header/251322-1661531623.png?lm=1,0.0,0.0,,https://www.transfermarkt.co.uk/philipp-kohn/profil/spieler/251322,FR1,AS Monaco,3500000.0,8000000.0,2023,Philipp Köhn,FRA-Ligue 1,2324,Monaco,Philipp Köhn,SUI,GK,25,1998,22,22,1980,22.0,32,1.45,98,66,67.3,11,5,6,5,22.7,6,5,1,0,16.7,26.171115674195757,1488.0
282028,2024-06-03,1500000,FC Nantes,995,FR1,Rémy,Descamps,Rémy Descamps,2025,1041,remy-descamps,France,Marcq-en-Barœul  ,France,1996-06-25 00:00:00,Goalkeeper,Goalkeeper,both,196.0,2029-06-30 00:00:00,BESTWAY SOCCER,https://img.a.transfermarkt.technology/portrait/header/282028-1608790532.jpg?lm=1,0.0,0.0,,https://www.transfermarkt.co.uk/remy-descamps/profil/spieler/282028,FR1,Olympique Lyon,1500000.0,2000000.0,2023,Rémy Descamps,FRA-Ligue 1,2324,Nantes,Rémy Descamps,FRA,GK,27,1996,6,6,540,6.0,11,1.83,37,26,70.3,2,2,2,1,16.7,2,1,0,1,0.0,27.939767282683093,1853.0
286415,2024-06-03,10000000,Olympique Marseille,244,FR1,Pau,López,Pau López,2025,150,pau-lopez,Spain,Girona  ,Spain,1994-12-13 00:00:00,Goalkeeper,Goalkeeper,left,189.0,2028-06-30 00:00:00,Goal Management,https://img.a.transfermarkt.technology/portrait/header/286415-1762266591.jpg?lm=1,2.0,0.0,,https://www.transfermarkt.co.uk/pau-lopez/profil/spieler/286415,ES1,Real Betis Balompié,2500000.0,24000000.0,2023,Pau López,FRA-Ligue 1,2324,Marseille,Pau López,ESP,GK,28,1994,33,33,2939,32.7,39,1.19,125,88,68.8,13,11,9,7,21.2,3,3,0,0,0.0,29.472963723477072,1488.0
315858,2024-06-03,40000000,Paris Saint-Germain,583,FR1,Gianluigi,Donnarumma,Gianluigi Donnarumma,2025,281,gianluigi-donnarumma,Italy,Castellammare di Stabia  ,Italy,1999-02-25 00:00:00,Goalkeeper,Goalkeeper,right,196.0,2030-06-30 00:00:00,Team Raiola,https://img.a.transfermarkt.technology/portrait/header/315858-1761076746.jpg?lm=1,83.0,0.0,,https://www.transfermarkt.co.uk/gianluigi-donnarumma/profil/spieler/315858,GB1,Manchester City,45000000.0,65000000.0,2023,Gianluigi Donnarumma,FRA-Ligue 1,2324,Paris SG,Gianluigi Donnarumma,ITA,GK,24,1999,25,25,2169,24.1,20,0.83,111,91,82.0,18,6,1,11,44.0,4,3,1,0,25.0,25.270362765229294,2218.0
346546,2024-06-03,5000000,AS Monaco,162,FR1,Radoslaw,Majecki,Radoslaw Majecki,2025,3911,radoslaw-majecki,Poland,Starachowice  ,Poland,1999-11-16 00:00:00,Goalkeeper,Goalkeeper,right,193.0,2028-06-30 00:00:00,ROOF,https://img.a.transfermarkt.technology/portrait/header/346546-1672484869.jpg?lm=1,1.0,0.0,,https://www.transfermarkt.co.uk/radoslaw-majecki/profil/spieler/346546,FR1,Stade Brestois 29,2500000.0,7000000.0,2023,Radosław Majecki,FRA-Ligue 1,2324,Monaco,Radosław Majecki,POL,GK,23,1999,12,12,1080,12.0,10,0.83,57,46,82.5,9,2,1,5,41.7,0,0,0,0,,24.54757015742642,1488.0
357117,2024-06-03,9000000,FC Nantes,995,FR1,Alban,Lafont,Alban Lafont,2025,265,alban-lafont,Burkina Faso,Ouagadougou  ,Cote d'Ivoire,1999-01-23 00:00:00,Goalkeeper,Goalkeeper,right,196.0,2027-06-30 00:00:00,Sport Cover,https://img.a.transfermarkt.technology/portrait/header/357117-1756042679.png?lm=1,4.0,0.0,,https://www.transfermarkt.co.uk/alban-lafont/profil/spieler/357117,GR1,Panathinaikos Athlitikos Omilos,3000000.0,20000000.0,2023,Alban Lafont,FRA-Ligue 1,2324,Nantes,Alban Lafont,CIV,GK,24,1999,28,28,2496,27.7,43,1.55,111,75,61.3,7,4,17,6,21.4,8,8,0,0,0.0,25.360711841204655,1122.0
371816,2024-06-03,1200000,Montpellier HSC,969,FR1,Dimitry,Bertaud,Dimitry Bertaud,2025,68029,dimitry-bertaud,France,Montpellier  ,DR Congo,1998-06-06 00:00:00,Goalkeeper,Goalkeeper,right,183.0,,Sportalis,https://img.a.transfermarkt.technology/portrait/header/371816-1702663704.JPG?lm=1,15.0,0.0,3854.0,https://www.transfermarkt.co.uk/dimitry-bertaud/profil/spieler/371816,,,1200000.0,1500000.0,2023,Dimitry Bertaud,FRA-Ligue 1,2324,Montpellier,Dimitry Bertaud,COD,GK,25,1998,4,4,360,4.0,11,2.75,34,23,67.6,1,1,2,0,0.0,0,0,0,0,,25.99315537303217,0.0
379869,2024-06-03,2500000,Le Havre AC,738,FR1,Arthur,Desmas,Arthur Desmas,2024,738,arthur-desmas,France,Brest  ,France,1994-04-07 00:00:00,Goalkeeper,Goalkeeper,right,196.0,,Team Spirit Football,https://img.a.transfermarkt.technology/portrait/header/379869-1625740346.jpg?lm=1,,,,https://www.transfermarkt.co.uk/arthur-desmas/profil/spieler/379869,FR1,Le Havre AC,2500000.0,2500000.0,2023,Arthur Desmas,FRA-Ligue 1,2324,Le Havre,Arthur Desmas,FRA,GK,29,1994,33,33,2970,33.0,43,1.3,154,111,72.1,7,11,15,7,21.2,3,1,1,1,50.0,30.157426420260094,0.0
448632,2024-06-03,8000000,Stade Reims,1421,FR1,Yehvann,Diouf,Yehvann Diouf,2025,417,yehvann-diouf,France,Montreuil-sous-Bois  ,Senegal,1999-11-16 00:00:00,Goalkeeper,Goalkeeper,right,188.0,2030-06-30 00:00:00,FAIR SPORT MNG,https://img.a.transfermarkt.technology/portrait/header/448632-1756822717.jpg?lm=1,2.0,0.0,,https://www.transfermarkt.co.uk/yehvann-diouf/profil/spieler/448632,FR1,OGC Nice,7000000.0,12000000.0,2023,Yehvann Diouf,FRA-Ligue 1,2324,Reims,Yehvann Diouf,SEN,GK,23,1999,34,34,3060,34.0,47,1.38,137,90,65.7,13,8,13,7,20.6,7,6,1,0,14.3,24.54757015742642,2218.0
463600,2024-06-03,25000000,LOSC Lille,1082,FR1,Lucas,Chevalier,Lucas Chevalier,2025,583,lucas-chevalier,France,Calais  ,France,2001-11-06 00:00:00,Goalkeeper,Goalkeeper,right,189.0,2030-06-30 00:00:00,,https://img.a.transfermarkt.technology/portrait/header/463600-1708342501.jpg?lm=1,1.0,0.0,,https://www.transfermarkt.co.uk/lucas-chevalier/profil/spieler/463600,FR1,Paris Saint-Germain,25000000.0,40000000.0,2023,Lucas Chevalier,FRA-Ligue 1,2324,Lille,Lucas Chevalier,FRA,GK,21,2001,33,33,2969,33.0,32,0.97,124,92,74.2,16,10,7,15,45.5,5,3,2,0,40.0,22.573579739904176,2218.0
463601,2024-06-03,600000,FC Metz,347,FR1,Guillaume,Dietsch,Guillaume Dietsch,2025,9010,guillaume-dietsch,France,Forbach  ,France,2001-04-17 00:00:00,Goalkeeper,Goalkeeper,right,184.0,,,https://img.a.transfermarkt.technology/portrait/header/463601-1697462678.png?lm=1,1.0,0.0,,https://www.transfermarkt.co.uk/guillaume-dietsch/profil/spieler/463601,BE1,FCV Dender EH,250000.0,900000.0,2023,Guillaume Dietsch,FRA-Ligue 1,2324,Metz,Guillaume Dietsch,FRA,GK,22,2001,1,0,73,0.8,1,1.23,3,2,66.7,0,0,0,0,,0,0,0,0,,23.129363449691994,0.0
465955,2024-06-03,20000000,OGC Nice,417,FR1,Marcin,Bulka,Marcin Bulka,2025,34911,marcin-bulka,Poland,Płock  ,Poland,1999-10-04 00:00:00,Goalkeeper,Goalkeeper,right,199.0,2029-06-30 00:00:00,Gol International,https://img.a.transfermarkt.technology/portrait/header/465955-1739970628.jpg?lm=1,6.0,0.0,,https://www.transfermarkt.co.uk/marcin-bulka/profil/spieler/465955,SA1,Neom Sports Club,12000000.0,20000000.0,2023,Marcin Bułka,FRA-Ligue 1,2324,Nice,Marcin Bułka,POL,GK,23,1999,34,34,3060,34.0,29,0.85,96,74,69.8,15,10,9,17,50.0,8,5,3,0,37.5,24.6652977412731,1853.0
466783,2024-06-03,5000000,Paris Saint-Germain,583,FR1,Arnau,Tenas,Arnau Tenas,2025,1050,arnau-tenas,Spain,Vic  ,Spain,2001-05-30 00:00:00,Goalkeeper,Goalkeeper,right,185.0,2029-06-30 00:00:00,De la Peña & Sostres,https://img.a.transfermarkt.technology/portrait/header/466783-1701444229.jpg?lm=1,0.0,0.0,,https://www.transfermarkt.co.uk/arnau-tenas/profil/spieler/466783,ES1,Villarreal CF,4000000.0,5000000.0,2023,Arnau Tenas,FRA-Ligue 1,2324,Paris SG,Arnau Tenas,ESP,GK,22,2001,6,5,529,5.9,7,1.19,26,19,73.1,2,2,1,1,20.0,0,0,0,0,,23.01163586584531,1853.0
525155,2024-06-03,400000,Stade Brestois 29,3911,FR1,Grégoire,Coudert,Grégoire Coudert,2025,3911,gregoire-coudert,France,Rodez  ,France,1999-04-03 00:00:00,Goalkeeper,Goalkeeper,left,192.0,2027-06-30 00:00:00,Gersh,https://img.a.transfermarkt.technology/portrait/header/525155-1632761084.jpg?lm=1,0.0,0.0,,https://www.transfermarkt.co.uk/gregoire-coudert/profil/spieler/525155,FR1,Stade Brestois 29,4000000.0,4000000.0,2023,Grégoire Coudert,FRA-Ligue 1,2324,Brest,Grégoire Coudert,FRA,GK,24,1999,3,2,181,2.0,0,0.0,4,4,100.0,2,0,0,2,100.0,0,0,0,0,,25.169062286105408,1122.0
667991,2024-06-03,2000000,RC Strasbourg Alsace,667,FR1,Alaa,Bellaarouch,Alaa Bellaarouch,2025,1075,alaa-bellaarouch,Morocco,Casablanca  ,Morocco,2002-02-01 00:00:00,Goalkeeper,Goalkeeper,right,189.0,2027-06-30 00:00:00,,https://img.a.transfermarkt.technology/portrait/header/667991-1732575150.png?lm=1,8.0,0.0,,https://www.transfermarkt.co.uk/alaa-bellaarouch/profil/spieler/667991,PO1,SC Braga,400000.0,2000000.0,2023,Alaa Bellaarouch,FRA-Ligue 1,2324,Strasbourg,Alaa Bellaarouch,MAR,GK,21,2002,15,15,1350,15.0,26,1.73,63,37,58.7,4,2,9,2,13.3,4,3,1,0,25.0,22.33538672142368,1122.0
912902,2024-06-03,18000000,FC Toulouse,415,FR1,Guillaume,Restes,Guillaume Restes,2025,415,guillaume-restes,France,Toulouse  ,France,2005-03-11 00:00:00,Goalkeeper,Goalkeeper,left,188.0,2028-06-30 00:00:00,Unique Sports Group,https://img.a.transfermarkt.technology/portrait/header/912902-1676656145.jpg?lm=1,19.0,0.0,,https://www.transfermarkt.co.uk/guillaume-restes/profil/spieler/912902,FR1,FC Toulouse,18000000.0,20000000.0,2023,Guillaume Restes,FRA-Ligue 1,2324,Toulouse,Guillaume Restes,FRA,GK,18,2005,34,34,3060,34.0,46,1.35,142,96,67.6,11,10,13,6,17.6,4,4,0,0,0.0,19.23066392881588,1488.0
73396,2024-06-04,2000000,Al-Nassr FC,18544,SA1,David,Ospina,David Ospina,2025,8172,david-ospina,Colombia,Medellín  ,Colombia,1988-08-31 00:00:00,Goalkeeper,Goalkeeper,right,183.0,2026-06-30 00:00:00,Alinea,https://img.a.transfermarkt.technology/portrait/header/73396-1722444561.JPG?lm=1,131.0,0.0,3816.0,https://www.transfermarkt.co.uk/david-ospina/profil/spieler/73396,COL1,Atlético Nacional,100000.0,8000000.0,2023,David Soria,ESP-La Liga,2324,Getafe,David Soria,ESP,GK,30,1993,38,38,3413,37.9,52,1.37,174,122,70.1,10,13,15,10,26.3,7,5,1,1,16.7,35.75906913073238,756.0
78570,2024-06-04,2000000,Union Saint-Gilloise,3948,BE1,Anthony,Moris,Anthony Moris,2025,6070,anthony-moris,Belgium,Arlon  ,Luxembourg,1990-04-29 00:00:00,Goalkeeper,Goalkeeper,left,186.0,2027-06-30 00:00:00,Soccerprod,https://img.a.transfermarkt.technology/portrait/header/78570-1714467075.png?lm=1,82.0,0.0,,https://www.transfermarkt.co.uk/anthony-moris/profil/spieler/78570,SA1,Al-Khaleej Club (Saihat),1200000.0,2000000.0,2023,Anthony Lopes,FRA-Ligue 1,2324,Lyon,Anthony Lopes,POR,GK,32,1990,31,31,2790,31.0,49,1.58,154,109,68.2,16,4,11,8,25.8,6,4,1,1,20.0,34.09993155373032,1121.0
129585,2024-06-04,400000,RWD Molenbeek,54189,BE1,Guillaume,Hubert,Guillaume Hubert,2023,54189,guillaume-hubert,Belgium,Charleroi  ,Belgium,1994-01-11 00:00:00,Goalkeeper,Goalkeeper,right,198.0,2026-06-30 00:00:00,Agence 442,https://img.a.transfermarkt.technology/portrait/header/129585-1709822951.png?lm=1,,,,https://www.transfermarkt.co.uk/guillaume-hubert/profil/spieler/129585,BE1,RWD Molenbeek,400000.0,2000000.0,2023,Guillaume Restes,FRA-Ligue 1,2324,Toulouse,Guillaume Restes,FRA,GK,18,2005,34,34,3060,34.0,46,1.35,142,96,67.6,11,10,13,6,17.6,4,4,0,0,0.0,30.39561943874059,756.0
207834,2024-06-04,9000000,Al-Hilal SFC,1114,SA1,Yassine,Bounou,Yassine Bounou,2025,1114,yassine-bounou,Canada,"Montréal, Québec  ",Morocco,1991-04-05 00:00:00,Goalkeeper,Goalkeeper,left,192.0,2028-06-30 00:00:00,11MANGMT,https://img.a.transfermarkt.technology/portrait/header/207834-1668503728.jpg?lm=1,96.0,0.0,,https://www.transfermarkt.co.uk/yassine-bounou/profil/spieler/207834,SA1,Al-Hilal Saudi Football Club,3000000.0,18000000.0,2023,Yassine Bounou,ESP-La Liga,2324,Sevilla,Yassine Bounou,MAR,GK,32,1991,1,1,90,1.0,2,2.0,3,1,33.3,0,0,1,0,0.0,0,0,0,0,,33.16632443531827,1487.0
326363,2024-06-04,1000000,Al-Raed SFC,22381,SA1,André,Moreira,André Moreira,2025,60949,andre-moreira,Portugal,Ribeirão  ,Portugal,1995-12-02 00:00:00,Goalkeeper,Goalkeeper,right,195.0,,,https://img.a.transfermarkt.technology/portrait/header/326363-1630733810.jpg?lm=1,1.0,0.0,,https://www.transfermarkt.co.uk/andre-moreira/profil/spieler/326363,GR1,Volou Neos Podosferikos Syllogos,500000.0,1200000.0,2023,André Ferreira,ESP-La Liga,2324,Granada,André Ferreira,POR,GK,27,1996,15,14,1340,14.9,29,1.95,78,49,62.8,0,5,9,0,0.0,3,3,0,0,0.0,28.50650239561944,0.0
574303,2024-06-04,50000,NK Istra 1961,999,KR1,Marino,Bulat,Marino Bulat,2025,456,marino-bulat,Croatia,Split  ,Croatia,1999-06-26 00:00:00,Goalkeeper,Goalkeeper,right,194.0,2026-05-30 00:00:00,,https://img.a.transfermarkt.technology/portrait/header/574303-1732992517.jpg?lm=1,,,,https://www.transfermarkt.co.uk/marino-bulat/profil/spieler/574303,KR1,HNK Vukovar 1991,250000.0,300000.0,2023,Marcin Bułka,FRA-Ligue 1,2324,Nice,Marcin Bułka,POL,GK,23,1999,34,34,3060,34.0,29,0.85,96,74,69.8,15,10,9,17,50.0,8,5,3,0,37.5,24.941820670773442,725.0
12907,2024-06-05,1500000,US Sassuolo,6574,IT1,Alessio,Cragno,Alessio Cragno,2023,6574,alessio-cragno,Italy,Fiesole  ,Italy,1994-06-28 00:00:00,Goalkeeper,Goalkeeper,right,184.0,2025-06-30 00:00:00,GB1,https://img.a.transfermarkt.technology/portrait/header/12907-1663659430.jpg?lm=1,,,,https://www.transfermarkt.co.uk/alessio-cragno/profil/spieler/12907,IT1,US Sassuolo,1500000.0,20000000.0,2023,Alessio Cragno,ITA-Serie A,2324,Sassuolo,Alessio Cragno,ITA,GK,29,1994,3,3,270,3.0,7,2.33,15,8,53.3,1,1,1,0,0.0,1,1,0,0,0.0,29.93839835728953,390.0
22141,2024-06-05,100000,AC Milan,5,IT1,Antonio,Mirante,Antonio Mirante,2023,5,antonio-mirante,Italy,Castellammare di Stabia  ,Italy,1983-07-08 00:00:00,Goalkeeper,Goalkeeper,right,193.0,,GG11,https://img.a.transfermarkt.technology/portrait/header/22141-1663574908.jpg?lm=1,,,,https://www.transfermarkt.co.uk/antonio-mirante/profil/spieler/22141,IT1,AC Milan,100000.0,6000000.0,2023,Antonio Mirante,ITA-Serie A,2324,Milan,Antonio Mirante,ITA,GK,40,1983,2,2,177,2.0,3,1.53,8,5,62.5,0,1,1,0,0.0,0,0,0,0,,40.91170431211499,0.0
22628,2024-06-05,600000,US Salernitana 1919,380,IT1,Benoît,Costil,Benoît Costil,2023,380,benoit-costil,France,Caen  ,France,1987-07-03 00:00:00,Goalkeeper,Goalkeeper,right,188.0,,SVF FOOT,https://img.a.transfermarkt.technology/portrait/header/22628-1676903501.jpg?lm=1,,,,https://www.transfermarkt.co.uk/benoit-costil/profil/spieler/22628,IT1,US Salernitana 1919,600000.0,8000000.0,2023,Benoît Costil,ITA-Serie A,2324,Salernitana,Benoît Costil,FRA,GK,36,1987,13,13,1170,13.0,29,2.23,68,39,57.4,2,3,8,1,7.7,3,3,0,0,0.0,36.92539356605065,0.0
29559,2024-06-05,1000000,US Salernitana 1919,380,IT1,Guillermo,Ochoa,Guillermo Ochoa,2025,786,guillermo-ochoa,Mexico,Guadalajara  ,Mexico,1985-07-13 00:00:00,Goalkeeper,Goalkeeper,right,185.0,2026-05-31 00:00:00,HIJAR,https://img.a.transfermarkt.technology/portrait/header/29559-1668452843.jpg?lm=1,153.0,0.0,6303.0,https://www.transfermarkt.co.uk/guillermo-ochoa/profil/spieler/29559,,,250000.0,8000000.0,2023,Guillermo Ochoa,ITA-Serie A,2324,Salernitana,Guillermo Ochoa,MEX,GK,38,1985,21,21,1890,21.0,44,2.1,112,74,60.7,0,6,15,1,4.8,7,7,0,0,0.0,38.89664613278576,725.0
35865,2024-06-05,800000,US Sassuolo,6574,IT1,Andrea,Consigli,Andrea Consigli,2023,6574,andrea-consigli,Italy,Milano  ,Italy,1987-01-27 00:00:00,Goalkeeper,Goalkeeper,right,189.0,2025-06-30 00:00:00,,https://img.a.transfermarkt.technology/portrait/header/35865-1595849608.jpg?lm=1,,,,https://www.transfermarkt.co.uk/andrea-consigli/profil/spieler/35865,IT1,US Sassuolo,800000.0,8000000.0,2023,Andrea Consigli,ITA-Serie A,2324,Sassuolo,Andrea Consigli,ITA,GK,36,1987,35,35,3150,35.0,68,1.94,163,95,58.3,6,8,21,2,5.7,10,7,1,2,12.5,37.35523613963039,390.0
41912,2024-06-05,75000,Cagliari Calcio,1390,IT1,Simone,Aresti,Simone Aresti,2023,1390,simone-aresti,Italy,Carbonia  ,Italy,1986-03-15 00:00:00,Goalkeeper,Goalkeeper,right,187.0,,Andrea Cattoli,https://img.a.transfermarkt.technology/portrait/header/41912-1598859995.jpg?lm=1,,,,https://www.transfermarkt.co.uk/simone-aresti/profil/spieler/41912,IT1,Cagliari Calcio,75000.0,350000.0,2023,Simone Aresti,ITA-Serie A,2324,Cagliari,Simone Aresti,ITA,GK,37,1986,1,0,1,0.0,1,90.0,1,0,0.0,0,0,0,0,,1,1,0,0,0.0,38.2258726899384,0.0
42205,2024-06-05,5000000,Inter Milan,46,IT1,Yann,Sommer,Yann Sommer,2025,46,yann-sommer,Switzerland,Morges  ,Switzerland,1988-12-17 00:00:00,Goalkeeper,Goalkeeper,right,183.0,,,https://img.a.transfermarkt.technology/portrait/header/42205-1669897427.jpg?lm=1,94.0,0.0,,https://www.transfermarkt.co.uk/yann-sommer/profil/spieler/42205,IT1,Inter Milan,2000000.0,13000000.0,2023,Yann Sommer,ITA-Serie A,2324,Inter,Yann Sommer,SUI,GK,34,1988,34,34,3060,34.0,19,0.56,98,79,80.6,27,6,1,17,50.0,4,2,1,1,33.3,35.46611909650924,0.0
44058,2024-06-05,6000000,Juventus FC,506,IT1,Wojciech,Szczesny,Wojciech Szczesny,2025,131,wojciech-szczesny,Poland,Warszawa  ,Poland,1990-04-18 00:00:00,Goalkeeper,Goalkeeper,right,195.0,2027-06-30 00:00:00,CAA Stellar,https://img.a.transfermarkt.technology/portrait/header/44058-1744278078.jpg?lm=1,84.0,0.0,,https://www.transfermarkt.co.uk/wojciech-szczesny/profil/spieler/44058,ES1,FC Barcelona,800000.0,40000000.0,2023,Wojciech Szczęsny,ITA-Serie A,2324,Juventus,Wojciech Szczęsny,POL,GK,33,1990,35,35,3150,35.0,30,0.86,111,81,73.0,17,13,5,14,40.0,3,2,1,0,33.3,34.13278576317591,1120.0
45026,2024-06-05,1000000,AS Roma,12,IT1,Rui,Patrício,Rui Patrício,2024,800,rui-patricio,Portugal,Leiria  ,Portugal,1988-02-15 00:00:00,Goalkeeper,Goalkeeper,left,190.0,,Gestifute,https://img.a.transfermarkt.technology/portrait/header/45026-1716296132.jpg?lm=1,108.0,0.0,,https://www.transfermarkt.co.uk/rui-patricio/profil/spieler/45026,IT1,Atalanta BC,600000.0,20000000.0,2023,Rui Patrício,ITA-Serie A,2324,Roma,Rui Patrício,POR,GK,35,1988,23,23,2070,23.0,27,1.17,76,49,64.5,11,5,7,6,26.1,3,2,0,1,0.0,36.303901437371664,0.0
55000,2024-06-05,150000,US Salernitana 1919,380,IT1,Vincenzo,Fiorillo,Vincenzo Fiorillo,2023,380,vincenzo-fiorillo,Italy,Genova  ,Italy,1990-01-13 00:00:00,Goalkeeper,Goalkeeper,left,190.0,2025-06-30 00:00:00,Tecasport,https://img.a.transfermarkt.technology/portrait/header/55000-1630589864.jpg?lm=1,,,,https://www.transfermarkt.co.uk/vincenzo-fiorillo/profil/spieler/55000,IT1,US Salernitana 1919,150000.0,800000.0,2023,Vincenzo Fiorillo,ITA-Serie A,2324,Salernitana,Vincenzo Fiorillo,ITA,GK,33,1990,4,4,360,4.0,8,2.0,26,18,69.2,0,2,2,0,0.0,0,0,0,0,,34.392881587953454,390.0
70580,2024-06-05,300000,Inter Milan,46,IT1,Raffaele,Di Gennaro,Raffaele Di Gennaro,2025,46,raffaele-di-gennaro,Italy,Saronno  ,Italy,1993-10-03 00:00:00,Goalkeeper,Goalkeeper,right,188.0,,,https://img.a.transfermarkt.technology/portrait/header/70580-1692961707.jpg?lm=1,3.0,0.0,,https://www.transfermarkt.co.uk/raffaele-di-gennaro/profil/spieler/70580,IT1,Inter Milan,300000.0,3500000.0,2023,Raffaele Di Gennaro,ITA-Serie A,2324,Inter,Raffaele Di Gennaro,ITA,GK,29,1993,1,0,23,0.3,0,0.0,4,4,100.0,0,0,0,0,,0,0,0,0,,30.67214236824093,0.0
75411,2024-06-05,200000,Juventus FC,506,IT1,Carlo,Pinsoglio,Carlo Pinsoglio,2025,506,carlo-pinsoglio,Italy,Moncalieri  ,Italy,1990-03-16 00:00:00,Goalkeeper,Goalkeeper,left,194.0,2027-06-30 00:00:00,Starbridge Srl,https://img.a.transfermarkt.technology/portrait/header/75411-1663577377.jpg?lm=1,9.0,0.0,,https://www.transfermarkt.co.uk/carlo-pinsoglio/profil/spieler/75411,IT1,Juventus FC,200000.0,1000000.0,2023,Carlo Pinsoglio,ITA-Serie A,2324,Juventus,Carlo Pinsoglio,ITA,GK,33,1990,1,0,45,0.5,0,0.0,3,3,100.0,0,0,0,1,,0,0,0,0,,34.223134839151264,1120.0
77825,2024-06-05,500000,FC Empoli,749,IT1,Etrit,Berisha,Etrit Berisha,2025,1109,etrit-berisha,Jugoslawien (SFR),Prishtinë  ,Albania,1989-03-10 00:00:00,Goalkeeper,Goalkeeper,left,195.0,2027-12-31 00:00:00,,https://img.a.transfermarkt.technology/portrait/header/77825-1716969076.jpg?lm=1,80.0,0.0,,https://www.transfermarkt.co.uk/etrit-berisha/profil/spieler/77825,SE1,BK Häcken,200000.0,7000000.0,2023,Etrit Berisha,ITA-Serie A,2324,Empoli,Etrit Berisha,ALB,GK,34,1989,14,14,1260,14.0,25,1.79,74,49,66.2,3,3,8,4,28.6,3,2,1,0,33.3,35.238877481177276,1304.0
85528,2024-06-05,1000000,Udinese Calcio,410,IT1,Marco,Silvestri,Marco Silvestri,2025,2239,marco-silvestri,Italy,Castelnovo ne' Monti  ,Italy,1991-03-02 00:00:00,Goalkeeper,Goalkeeper,right,191.0,,Team Raiola,https://img.a.transfermarkt.technology/portrait/header/85528-1663664993.jpg?lm=1,0.0,0.0,,https://www.transfermarkt.co.uk/marco-silvestri/profil/spieler/85528,IT1,US Cremonese,500000.0,10000000.0,2023,Marco Silvestri,ITA-Serie A,2324,Udinese,Marco Silvestri,ITA,GK,32,1991,17,17,1530,17.0,28,1.65,69,41,59.4,1,11,5,4,23.5,6,6,0,0,0.0,33.2621492128679,0.0
96254,2024-06-05,2500000,ACF Fiorentina,430,IT1,Pietro,Terracciano,Pietro Terracciano,2025,5,pietro-terracciano,Italy,San Felice a Cancello  ,Italy,1990-03-08 00:00:00,Goalkeeper,Goalkeeper,right,193.0,2027-06-30 00:00:00,,https://img.a.transfermarkt.technology/portrait/header/96254-1753403934.jpg?lm=1,,,,https://www.transfermarkt.co.uk/pietro-terracciano/profil/spieler/96254,IT1,AC Milan,900000.0,2500000.0,2023,Pietro Terracciano,ITA-Serie A,2324,Fiorentina,Pietro Terracciano,ITA,GK,33,1990,33,33,2970,33.0,35,1.06,126,91,72.2,15,8,10,8,24.2,7,6,1,0,14.3,34.24503764544832,1120.0
110923,2024-06-05,3000000,Juventus FC,506,IT1,Mattia,Perin,Mattia Perin,2025,506,mattia-perin,Italy,Latina  ,Italy,1992-11-10 00:00:00,Goalkeeper,Goalkeeper,right,188.0,2027-06-30 00:00:00,World Soccer Agency,https://img.a.transfermarkt.technology/portrait/header/110923-1695107834.jpg?lm=1,2.0,0.0,,https://www.transfermarkt.co.uk/mattia-perin/profil/spieler/110923,IT1,Juventus FC,2000000.0,18000000.0,2023,Mattia Perin,ITA-Serie A,2324,Juventus,Mattia Perin,ITA,GK,30,1992,3,3,225,2.5,1,0.4,5,4,80.0,2,1,0,2,66.7,0,0,0,0,,31.567419575633128,1120.0
126634,2024-06-05,100000,Atalanta BC,800,IT1,Francesco,Rossi,Francesco Rossi,2025,800,francesco-rossi,Italy,Merate  ,Italy,1991-04-27 00:00:00,Goalkeeper,Goalkeeper,right,193.0,2027-06-30 00:00:00,,https://img.a.transfermarkt.technology/portrait/header/126634-1757604568.jpg?lm=1,0.0,0.0,,https://www.transfermarkt.co.uk/francesco-rossi/profil/spieler/126634,IT1,Atalanta BC,100000.0,175000.0,2023,Francesco Rossi,ITA-Serie A,2324,Atalanta,Francesco Rossi,ITA,GK,32,1991,1,0,5,0.1,0,0.0,1,1,100.0,0,0,0,1,,0,0,0,0,,33.1088295687885,1120.0
136111,2024-06-05,600000,Genoa CFC,252,IT1,Nicola,Leali,Nicola Leali,2025,252,nicola-leali,Italy,Castiglione delle Stiviere  ,Italy,1993-02-17 00:00:00,Goalkeeper,Goalkeeper,right,193.0,,GB1,https://img.a.transfermarkt.technology/portrait/header/136111-1692963337.jpg?lm=1,1.0,0.0,,https://www.transfermarkt.co.uk/nicola-leali/profil/spieler/136111,IT1,Genoa CFC,1000000.0,6000000.0,2023,Nicola Leali,ITA-Serie A,2324,Genoa,Nicola Leali,ITA,GK,30,1993,3,2,176,2.0,2,1.02,9,7,77.8,1,0,1,1,50.0,0,0,0,0,,31.29637234770705,0.0
168278,2024-06-05,200000,Universitatea Craiova,40812,RO1,David,Lazar,David Lazar,2025,58049,david-lazar,Romania,Oradea  ,Romania,1991-08-08 00:00:00,Goalkeeper,Goalkeeper,,185.0,2028-06-30 00:00:00,,https://img.a.transfermarkt.technology/portrait/header/168278-1676965564.png?lm=1,1.0,0.0,,https://www.transfermarkt.co.uk/david-lazar/profil/spieler/168278,RO1,FC Hermannstadt,175000.0,1200000.0,2023,David Raya,ENG-Premier League,2324,Arsenal,David Raya,ESP,GK,27,1995,32,32,2880,32.0,24,0.75,69,45,65.2,23,4,5,14,43.8,3,2,1,0,33.3,32.82683093771389,1486.0
182906,2024-06-05,38000000,AC Milan,5,IT1,Mike,Maignan,Mike Maignan,2025,5,mike-maignan,French Guiana,Cayenne  ,France,1995-07-03 00:00:00,Goalkeeper,Goalkeeper,right,191.0,2031-06-30 00:00:00,ESN,https://img.a.transfermarkt.technology/portrait/header/182906-1681459155.jpg?lm=1,46.0,0.0,,https://www.transfermarkt.co.uk/mike-maignan/profil/spieler/182906,IT1,AC Milan,20000000.0,45000000.0,2023,Mike Maignan,ITA-Serie A,2324,Milan,Mike Maignan,FRA,GK,28,1995,29,29,2609,29.0,34,1.17,121,87,71.9,19,5,5,11,37.9,7,7,0,0,0.0,28.92539356605065,2581.0
197929,2024-06-05,14000000,SS Lazio,398,IT1,Ivan,Provedel,Ivan Provedel,2025,398,ivan-provedel,Italy,Pordenone  ,Italy,1994-03-17 00:00:00,Goalkeeper,Goalkeeper,right,194.0,2029-06-30 00:00:00,,https://img.a.transfermarkt.technology/portrait/header/197929-1695160944.jpg?lm=1,0.0,0.0,,https://www.transfermarkt.co.uk/ivan-provedel/profil/spieler/197929,IT1,Società Sportiva Lazio S.p.A.,3000000.0,14000000.0,2023,Ivan Provedel,ITA-Serie A,2324,Lazio,Ivan Provedel,ITA,GK,29,1994,30,30,2699,30.0,33,1.1,119,86,72.3,12,6,12,9,30.0,3,2,0,1,0.0,30.220396988364133,1851.0
199976,2024-06-05,1500000,AC Milan,5,IT1,Marco,Sportiello,Marco Sportiello,2025,800,marco-sportiello,Italy,Desio  ,Italy,1992-05-10 00:00:00,Goalkeeper,Goalkeeper,right,192.0,2028-06-30 00:00:00,GR Sports,https://img.a.transfermarkt.technology/portrait/header/199976-1661351013.jpg?lm=1,0.0,0.0,,https://www.transfermarkt.co.uk/marco-sportiello/profil/spieler/199976,IT1,Atalanta BC,800000.0,10000000.0,2023,Marco Sportiello,ITA-Serie A,2324,Milan,Marco Sportiello,ITA,GK,31,1992,7,7,630,7.0,11,1.57,34,23,67.6,3,3,1,1,14.3,1,1,0,0,0.0,32.07118412046543,1486.0
238537,2024-06-05,5000000,US Lecce,1005,IT1,Wladimiro,Falcone,Wladimiro Falcone,2025,1005,wladimiro-falcone,Italy,Roma  ,Italy,1995-04-12 00:00:00,Goalkeeper,Goalkeeper,right,195.0,2028-06-30 00:00:00,LIAN Sports Group,https://img.a.transfermarkt.technology/portrait/header/238537-1693308504.jpg?lm=1,0.0,0.0,,https://www.transfermarkt.co.uk/wladimiro-falcone/profil/spieler/238537,IT1,US Lecce,3500000.0,5000000.0,2023,Wladimiro Falcone,ITA-Serie A,2324,Lecce,Wladimiro Falcone,ITA,GK,28,1995,38,38,3420,38.0,54,1.42,172,121,68.6,8,14,16,5,13.2,6,5,1,0,16.7,29.149897330595483,1486.0
238993,2024-06-05,2500000,Cagliari Calcio,1390,IT1,Simone,Scuffet,Simone Scuffet,2025,4172,simone-scuffet,Italy,Udine  ,Italy,1996-05-31 00:00:00,Goalkeeper,Goalkeeper,right,193.0,2028-06-30 00:00:00,,https://img.a.transfermarkt.technology/portrait/header/238993-1753431413.jpg?lm=1,0.0,0.0,,https://www.transfermarkt.co.uk/simone-scuffet/profil/spieler/238993,IT1,Pisa Sporting Club,900000.0,6000000.0,2023,Simone Scuffet,ITA-Serie A,2324,Cagliari,Simone Scuffet,ITA,GK,27,1996,31,31,2789,31.0,55,1.77,134,79,59.0,8,10,13,3,9.7,3,3,0,0,0.0,28.01368925393566,1486.0
240414,2024-06-05,12000000,SSC Napoli,6195,IT1,Alex,Meret,Alex Meret,2025,6195,alex-meret,Italy,Udine  ,Italy,1997-03-22 00:00:00,Goalkeeper,Goalkeeper,left,190.0,2027-06-30 00:00:00,,https://img.a.transfermarkt.technology/portrait/header/240414-1695025886.jpg?lm=1,3.0,0.0,,https://www.transfermarkt.co.uk/alex-meret/profil/spieler/240414,IT1,SSC Napoli,8000000.0,40000000.0,2023,Alex Meret,ITA-Serie A,2324,Napoli,Alex Meret,ITA,GK,26,1997,31,31,2773,30.8,40,1.3,102,62,60.8,10,13,8,5,16.1,4,2,2,0,50.0,27.20602327173169,1120.0
240675,2024-06-05,200000,Hellas Verona,276,IT1,Simone,Perilli,Simone Perilli,2025,276,simone-perilli,Italy,Roma  ,Italy,1995-01-07 00:00:00,Goalkeeper,Goalkeeper,right,196.0,,,https://img.a.transfermarkt.technology/portrait/header/240675-1659601467.jpg?lm=1,3.0,0.0,,https://www.transfermarkt.co.uk/simone-perilli/profil/spieler/240675,IT1,Hellas Verona,400000.0,400000.0,2023,Simone Perilli,ITA-Serie A,2324,Hellas Verona,Simone Perilli,ITA,GK,28,1995,1,1,90,1.0,2,2.0,10,8,80.0,0,1,0,0,0.0,0,0,0,0,,29.409993155373034,0.0
241923,2024-06-05,3500000,Hellas Verona,276,IT1,Lorenzo,Montipò,Lorenzo Montipò,2025,276,lorenzo-montipo,Italy,Novara  ,Italy,1996-02-20 00:00:00,Goalkeeper,Goalkeeper,right,191.0,2028-06-30 00:00:00,TMP SOCCER srl,https://img.a.transfermarkt.technology/portrait/header/241923-1724828092.jpg?lm=1,2.0,0.0,,https://www.transfermarkt.co.uk/lorenzo-montipo/profil/spieler/241923,IT1,Hellas Verona,1200000.0,4500000.0,2023,Lorenzo Montipò,ITA-Serie A,2324,Hellas Verona,Lorenzo Montipò,ITA,GK,27,1996,37,37,3330,37.0,49,1.32,153,105,68.0,9,10,18,8,21.6,2,2,0,0,0.0,28.290212183436,1486.0
242359,2024-06-05,5000000,Atalanta BC,800,IT1,Juan,Musso,Juan Musso,2025,13,juan-musso,Argentina,San Nicolás de los Arroyos  ,Argentina,1994-05-06 00:00:00,Goalkeeper,Goalkeeper,right,193.0,2028-06-30 00:00:00,,https://img.a.transfermarkt.technology/portrait/header/242359-1663583047.jpg?lm=1,4.0,0.0,,https://www.transfermarkt.co.uk/juan-musso/profil/spieler/242359,ES1,Atlético de Madrid,3000000.0,20000000.0,2023,Juan Musso,ITA-Serie A,2324,Atalanta,Juan Musso,ARG,GK,29,1994,11,11,990,11.0,12,1.09,35,23,65.7,6,1,4,6,54.5,2,2,0,0,0.0,30.083504449007528,1486.0
244192,2024-06-05,4000000,SSC Napoli,6195,IT1,Pierluigi,Gollini,Pierluigi Gollini,2025,12,pierluigi-gollini,Italy,Bologna  ,Italy,1995-03-18 00:00:00,Goalkeeper,Goalkeeper,right,194.0,2027-06-30 00:00:00,SEG,https://img.a.transfermarkt.technology/portrait/header/244192-1695026486.jpg?lm=1,1.0,0.0,,https://www.transfermarkt.co.uk/pierluigi-gollini/profil/spieler/244192,IT1,Associazione Sportiva Roma,800000.0,17000000.0,2023,Pierluigi Gollini,ITA-Serie A,2324,Napoli,Pierluigi Gollini,ITA,GK,28,1995,7,7,630,7.0,8,1.14,24,16,66.7,3,1,3,1,14.3,0,0,0,0,,29.218343600273784,1120.0
250683,2024-06-05,400000,SSC Napoli,6195,IT1,Nikita,Contini,Nikita Contini,2025,6195,nikita-contini,Ukraine,Cherkasy  ,Italy,1996-05-21 00:00:00,Goalkeeper,Goalkeeper,right,190.0,2031-06-30 00:00:00,BOVA,https://img.a.transfermarkt.technology/portrait/header/250683-1663679972.jpg?lm=1,,,,https://www.transfermarkt.co.uk/nikita-contini/profil/spieler/250683,IT1,SSC Napoli,400000.0,800000.0,2023,Nikita Contini,ITA-Serie A,2324,Napoli,Nikita Contini,ITA,GK,27,1996,1,0,17,0.2,0,0.0,0,0,,0,0,0,1,,0,0,0,0,,28.041067761806982,2581.0
256339,2024-06-05,5000000,Inter Milan,46,IT1,Emil,Audero,Emil Audero,2025,2239,emil-audero,Indonesia,Mataram  ,Indonesia,1997-01-18 00:00:00,Goalkeeper,Goalkeeper,right,192.0,2028-06-30 00:00:00,TMP SOCCER srl,https://img.a.transfermarkt.technology/portrait/header/256339-1663679682.jpg?lm=1,6.0,0.0,,https://www.transfermarkt.co.uk/emil-audero/profil/spieler/256339,IT1,US Cremonese,2800000.0,15000000.0,2023,Emil Audero,ITA-Serie A,2324,Inter,Emil Audero,IDN,GK,26,1997,4,4,337,3.7,3,0.8,11,8,72.7,2,1,1,2,50.0,0,0,0,0,,27.378507871321013,1486.0
257474,2024-06-05,5000000,Torino FC,416,IT1,Vanja,Milinković-Savić,Vanja Milinković-Savić,2025,6195,vanja-milinkovic-savic,Spain,Ourense  ,Serbia,1997-02-20 00:00:00,Goalkeeper,Goalkeeper,right,202.0,2030-06-30 00:00:00,DOO Magnum,https://img.a.transfermarkt.technology/portrait/header/257474-1730125139.jpg?lm=1,20.0,0.0,,https://www.transfermarkt.co.uk/vanja-milinkovic-savic/profil/spieler/257474,IT1,SSC Napoli,20000000.0,20000000.0,2023,Vanja Milinković-Savić,ITA-Serie A,2324,Torino,Vanja Milinković-Savić,SRB,GK,26,1997,36,36,3240,36.0,31,0.86,134,103,76.9,13,14,9,17,47.2,6,6,0,0,0.0,27.288158795345655,2216.0
258482,2024-06-05,1000000,Cagliari Calcio,1390,IT1,Boris,Radunović,Boris Radunović,2025,1390,boris-radunovic,Yugoslavia (Republic),Belgrade  ,Serbia,1996-05-26 00:00:00,Goalkeeper,Goalkeeper,right,194.0,2029-06-30 00:00:00,Starbridge Srl,https://img.a.transfermarkt.technology/portrait/header/258482-1757604393.jpg?lm=1,0.0,0.0,,https://www.transfermarkt.co.uk/boris-radunovic/profil/spieler/258482,IT1,Cagliari Calcio,1000000.0,1500000.0,2023,Boris Radunović,ITA-Serie A,2324,Cagliari,Boris Radunović,SRB,GK,27,1996,7,7,630,7.0,12,1.71,28,16,57.1,0,2,5,2,28.6,1,0,0,1,,28.027378507871322,1851.0
301238,2024-06-05,18000000,AC Monza,2919,IT1,Michele,Di Gregorio,Michele Di Gregorio,2025,506,michele-di-gregorio,Italy,Milano  ,Italy,1997-07-27 00:00:00,Goalkeeper,Goalkeeper,right,187.0,2029-06-30 00:00:00,,https://img.a.transfermarkt.technology/portrait/header/301238-1730125609.jpg?lm=1,0.0,0.0,,https://www.transfermarkt.co.uk/michele-di-gregorio/profil/spieler/301238,IT1,Juventus FC,10000000.0,18000000.0,2023,Michele Di Gregorio,ITA-Serie A,2324,Monza,Michele Di Gregorio,ITA,GK,26,1997,33,33,2872,31.9,35,1.1,155,124,77.4,11,11,11,12,36.4,5,3,2,0,40.0,26.858316221765914,1851.0
301240,2024-06-05,600000,FC Empoli,749,IT1,Samuele,Perisan,Samuele Perisan,2024,749,samuele-perisan,Italy,San Vito al Tagliamento  ,Italy,1997-08-21 00:00:00,Goalkeeper,Goalkeeper,left,192.0,2026-06-30 00:00:00,Patrick Bastianelli,https://img.a.transfermarkt.technology/portrait/header/301240-1663678229.jpg?lm=1,2.0,0.0,,https://www.transfermarkt.co.uk/samuele-perisan/profil/spieler/301240,IT1,FC Empoli,400000.0,1300000.0,2023,Samuele Perisan,ITA-Serie A,2324,Empoli,Samuele Perisan,ITA,GK,25,1997,1,1,90,1.0,2,2.0,5,3,60.0,0,0,1,0,0.0,0,0,0,0,,26.78986995208761,755.0
312773,2024-06-05,100000,Genoa CFC,252,IT1,Daniele,Sommariva,Daniele Sommariva,2025,252,daniele-sommariva,Italy,Genova  ,Italy,1997-07-18 00:00:00,Goalkeeper,Goalkeeper,right,185.0,,,https://img.a.transfermarkt.technology/portrait/header/312773-1692963278.jpg?lm=1,,,,https://www.transfermarkt.co.uk/daniele-sommariva/profil/spieler/312773,IT1,Genoa CFC,100000.0,400000.0,2023,Daniele Sommariva,ITA-Serie A,2324,Genoa,Daniele Sommariva,ITA,GK,26,1997,1,0,5,0.1,0,0.0,0,0,,0,0,0,1,,0,0,0,0,,26.882956878850102,0.0
338670,2024-06-05,9000000,AS Roma,12,IT1,Mile,Svilar,Mile Svilar,2025,12,mile-svilar,Belgium,Antwerpen  ,Serbia,1999-08-27 00:00:00,Goalkeeper,Goalkeeper,right,189.0,2030-06-30 00:00:00,Universal Twenty Two,https://img.a.transfermarkt.technology/portrait/header/338670-1725532174.jpg?lm=1,1.0,0.0,,https://www.transfermarkt.co.uk/mile-svilar/profil/spieler/338670,IT1,Associazione Sportiva Roma,35000000.0,35000000.0,2023,Mile Svilar,ITA-Serie A,2324,Roma,Mile Svilar,SRB,GK,23,1999,15,15,1350,15.0,19,1.27,77,59,75.3,7,4,4,5,33.3,2,1,1,0,50.0,24.774811772758383,2216.0
340353,2024-06-05,4000000,Udinese Calcio,410,IT1,Maduka,Okoye,Maduka Okoye,2025,410,maduka-okoye,Germany,Düsseldorf  ,Nigeria,1999-08-28 00:00:00,Goalkeeper,Goalkeeper,right,198.0,2028-06-30 00:00:00,THE·TEAM,https://img.a.transfermarkt.technology/portrait/header/340353-1729542646.jpg?lm=1,21.0,0.0,,https://www.transfermarkt.co.uk/maduka-okoye/profil/spieler/340353,IT1,Udinese Calcio,10000000.0,10000000.0,2023,Maduka Okoye,ITA-Serie A,2324,Udinese,Maduka Okoye,NGA,GK,23,1999,21,21,1890,21.0,25,1.19,90,65,72.2,5,8,8,4,19.0,3,3,0,0,0.0,24.772073921971252,1486.0
370701,2024-06-05,700000,Frosinone Calcio,8970,IT1,Michele,Cerofolini,Michele Cerofolini,2023,8970,michele-cerofolini,Italy,Arezzo  ,Italy,1999-01-04 00:00:00,Goalkeeper,Goalkeeper,right,188.0,2026-06-30 00:00:00,MM-Management,https://img.a.transfermarkt.technology/portrait/header/370701-1625040724.jpg?lm=1,,,,https://www.transfermarkt.co.uk/michele-cerofolini/profil/spieler/370701,IT1,Frosinone Calcio,700000.0,700000.0,2023,Michele Cerofolini,ITA-Serie A,2324,Frosinone,Michele Cerofolini,ITA,GK,24,1999,8,7,675,7.5,11,1.47,29,18,62.1,2,2,3,0,0.0,1,0,0,1,,25.418206707734427,755.0
388516,2024-06-05,8000000,Genoa CFC,252,IT1,Josep,Martínez,Josep Martínez,2025,46,josep-martinez,Spain,Alzira  ,Spain,1998-05-27 00:00:00,Goalkeeper,Goalkeeper,right,191.0,2029-06-30 00:00:00,,https://img.a.transfermarkt.technology/portrait/header/388516-1686153132.jpg?lm=1,1.0,0.0,,https://www.transfermarkt.co.uk/josep-martinez/profil/spieler/388516,IT1,Inter Milan,10000000.0,12000000.0,2023,Josep Martinez,ITA-Serie A,2324,Genoa,Josep Martinez,ESP,GK,25,1998,36,36,3239,36.0,43,1.19,130,87,66.9,11,13,12,8,22.2,4,3,1,0,25.0,26.026009582477755,1851.0
390304,2024-06-05,1000000,Bologna FC 1909,1025,IT1,Federico,Ravaglia,Federico Ravaglia,2025,1025,federico-ravaglia,Italy,Bologna  ,Italy,1999-11-11 00:00:00,Goalkeeper,Goalkeeper,right,196.0,2028-06-30 00:00:00,BC Group,https://img.a.transfermarkt.technology/portrait/header/390304-1701253429.jpg?lm=1,,,,https://www.transfermarkt.co.uk/federico-ravaglia/profil/spieler/390304,IT1,Bologna Football Club 1909,1800000.0,2000000.0,2023,Federico Ravaglia,ITA-Serie A,2324,Bologna,Federico Ravaglia,ITA,GK,23,1999,6,6,535,5.9,3,0.5,16,13,81.3,4,1,1,4,66.7,1,0,1,0,100.0,24.566735112936346,1486.0
421873,2024-06-05,6000000,FC Empoli,749,IT1,Elia,Caprile,Elia Caprile,2025,1390,elia-caprile,Italy,Verona  ,Italy,2001-08-25 00:00:00,Goalkeeper,Goalkeeper,right,191.0,2029-06-30 00:00:00,GB1,https://img.a.transfermarkt.technology/portrait/header/421873-1704902651.jpg?lm=1,0.0,0.0,,https://www.transfermarkt.co.uk/elia-caprile/profil/spieler/421873,IT1,Cagliari Calcio,15000000.0,15000000.0,2023,Elia Caprile,ITA-Serie A,2324,Empoli,Elia Caprile,ITA,GK,21,2001,23,23,2070,23.0,27,1.17,106,79,74.5,6,6,11,4,17.4,5,4,1,0,20.0,22.77891854893908,1851.0
459763,2024-06-05,16000000,Atalanta BC,800,IT1,Marco,Carnesecchi,Marco Carnesecchi,2025,800,marco-carnesecchi,Italy,Rimini  ,Italy,2000-07-01 00:00:00,Goalkeeper,Goalkeeper,right,191.0,2028-06-30 00:00:00,World Soccer Agency,https://img.a.transfermarkt.technology/portrait/header/459763-1695027944.jpg?lm=1,0.0,0.0,,https://www.transfermarkt.co.uk/marco-carnesecchi/profil/spieler/459763,IT1,Atalanta BC,30000000.0,30000000.0,2023,Marco Carnesecchi,ITA-Serie A,2324,Atalanta,Marco Carnesecchi,ITA,GK,23,2000,27,27,2425,26.9,30,1.11,101,76,70.3,15,5,7,8,29.6,7,4,2,1,33.3,23.928815879534564,1486.0
463792,2024-06-05,300000,Torino FC,416,IT1,Luca,Gemello,Luca Gemello,2023,416,luca-gemello,Italy,Savigliano  ,Italy,2000-07-03 00:00:00,Goalkeeper,Goalkeeper,right,190.0,2027-06-30 00:00:00,TEM Sports Agency,https://img.a.transfermarkt.technology/portrait/header/463792-1625067521.jpg?lm=1,,,,https://www.transfermarkt.co.uk/luca-gemello/profil/spieler/463792,IT1,Torino FC,300000.0,300000.0,2023,Luca Gemello,ITA-Serie A,2324,Torino,Luca Gemello,ITA,GK,23,2000,2,2,180,2.0,5,2.5,9,4,44.4,0,0,2,0,0.0,1,1,0,0,0.0,23.923340177960302,1120.0
471936,2024-06-05,3000000,ACF Fiorentina,430,IT1,Oliver,Christensen,Oliver Christensen,2025,122,oliver-christensen,Denmark,Kerteminde  ,Denmark,1999-03-22 00:00:00,Goalkeeper,Goalkeeper,right,190.0,2028-06-30 00:00:00,BTAM,https://img.a.transfermarkt.technology/portrait/header/471936-1688647558.jpg?lm=1,1.0,0.0,,https://www.transfermarkt.co.uk/oliver-christensen/profil/spieler/471936,A1,Sportklub Puntigamer Sturm Graz,1400000.0,4500000.0,2023,Oliver Christensen,ITA-Serie A,2324,Fiorentina,Oliver Christensen,DEN,GK,24,1999,4,4,360,4.0,9,2.25,19,10,52.6,1,1,2,0,0.0,2,2,0,0,0.0,25.207392197125255,1486.0
481675,2024-06-05,3000000,SS Lazio,398,IT1,Christos,Mandas,Christos Mandas,2025,398,christos-mandas,Greece,Piraeus  ,Greece,2001-09-17 00:00:00,Goalkeeper,Goalkeeper,right,189.0,2029-06-30 00:00:00,Gersh,https://img.a.transfermarkt.technology/portrait/header/481675-1724268727.jpg?lm=1,3.0,0.0,,https://www.transfermarkt.co.uk/christos-mandas/profil/spieler/481675,IT1,Società Sportiva Lazio S.p.A.,8000000.0,10000000.0,2023,Christos Mandas,ITA-Serie A,2324,Lazio,Christos Mandas,GRE,GK,21,2001,9,8,721,8.0,6,0.75,29,23,79.3,6,1,1,2,25.0,0,0,0,0,,22.715947980835043,1851.0
542588,2024-06-05,800000,AC Monza,2919,IT1,Alessandro,Sorrentino,Alessandro Sorrentino,2024,2919,alessandro-sorrentino,Italy,Guardiagrele  ,Italy,2002-04-03 00:00:00,Goalkeeper,Goalkeeper,right,190.0,2026-06-30 00:00:00,SP GROUP,https://img.a.transfermarkt.technology/portrait/header/542588-1657778358.jpg?lm=1,1.0,0.0,,https://www.transfermarkt.co.uk/alessandro-sorrentino/profil/spieler/542588,IT1,AC Monza,450000.0,800000.0,2023,Alessandro Sorrentino,ITA-Serie A,2324,Monza,Alessandro Sorrentino,ITA,GK,21,2002,7,5,548,6.1,16,2.63,32,16,50.0,0,1,4,0,0.0,4,4,0,0,0.0,22.17385352498289,755.0
543666,2024-06-05,7000000,Frosinone Calcio,8970,IT1,Stefano,Turati,Stefano Turati,2025,6574,stefano-turati,Italy,Milano  ,Italy,2001-09-05 00:00:00,Goalkeeper,Goalkeeper,right,188.0,2028-06-30 00:00:00,LP Sport Management,https://img.a.transfermarkt.technology/portrait/header/543666-1686126590.jpg?lm=1,4.0,0.0,,https://www.transfermarkt.co.uk/stefano-turati/profil/spieler/543666,IT1,US Sassuolo,3000000.0,7500000.0,2023,Stefano Turati,ITA-Serie A,2324,Frosinone,Stefano Turati,ITA,GK,21,2001,31,31,2745,30.5,58,1.9,155,97,62.6,6,9,16,4,12.9,7,5,1,1,16.7,22.748802190280628,1486.0
668571,2024-06-05,75000,FC SILON Taborsko,28596,,Daniel,Kerl,Daniel Kerl,2025,197,daniel-kerl,,,Czech Republic,2001-01-14 00:00:00,Goalkeeper,Goalkeeper,right,197.0,,,https://img.a.transfermarkt.technology/portrait/header/default.jpg?lm=1,,,,https://www.transfermarkt.co.uk/daniel-kerl/profil/spieler/668571,TS1,AC Sparta Prague,200000.0,200000.0,2023,Daniel Peretz,,2324,Bayern Munich,Daniel Peretz,ISR,GK,23,2000,1,0,17,0.2,0,0.0,0,0,,0,0,0,0,,0,0,0,0,,23.38945927446954,0.0
815563,2024-06-05,150000,AC Milan,5,IT1,Lapo,Nava,Lapo Nava,2025,2239,lapo-nava,Italy,Milano  ,Italy,2004-01-22 00:00:00,Goalkeeper,Goalkeeper,right,197.0,2027-06-30 00:00:00,BC Group,https://img.a.transfermarkt.technology/portrait/header/815563-1681206054.jpg?lm=1,0.0,0.0,,https://www.transfermarkt.co.uk/lapo-nava/profil/spieler/815563,IT1,US Cremonese,100000.0,150000.0,2023,Lapo Nava,ITA-Serie A,2324,Milan,Lapo Nava,ITA,GK,19,2004,1,0,3,0.0,1,30.0,2,1,50.0,0,0,0,0,,0,0,0,0,,20.369609856262834,1120.0
818892,2024-06-05,200000,Bologna FC 1909,1025,IT1,Nicola,Bagnolini,Nicola Bagnolini,2024,1025,nicola-bagnolini,Italy,Cesena  ,Italy,2004-03-14 00:00:00,Goalkeeper,Goalkeeper,right,194.0,2026-06-30 00:00:00,,https://img.a.transfermarkt.technology/portrait/header/818892-1673251900.jpg?lm=1,0.0,0.0,,https://www.transfermarkt.co.uk/nicola-bagnolini/profil/spieler/818892,IT1,Bologna Football Club 1909,200000.0,200000.0,2023,Nicola Bagnolini,ITA-Serie A,2324,Bologna,Nicola Bagnolini,ITA,GK,19,2004,1,0,5,0.1,0,0.0,1,1,100.0,0,0,0,0,,0,0,0,0,,20.227241615331966,755.0
934159,2024-06-05,1000000,ACF Fiorentina,430,IT1,Tommaso,Martinelli,Tommaso Martinelli,2025,430,tommaso-martinelli,Italy,Bagno a Ripoli  ,Italy,2006-01-06 00:00:00,Goalkeeper,Goalkeeper,right,194.0,2027-06-30 00:00:00,CAA Base Ltd,https://img.a.transfermarkt.technology/portrait/header/934159-1676018484.jpg?lm=1,1.0,0.0,,https://www.transfermarkt.co.uk/tommaso-martinelli/profil/spieler/934159,IT1,ACF Fiorentina,2000000.0,2000000.0,2023,Tommaso Martinelli,ITA-Serie A,2324,Fiorentina,Tommaso Martinelli,ITA,GK,17,2006,1,1,90,1.0,2,2.0,3,1,33.3,1,0,0,0,0.0,0,0,0,0,,18.412046543463383,1120.0
192968,2024-06-06,300000,FC Vizela,6912,PO1,Francesco,Ruberto,Francesco Ruberto,2025,321,francesco-ruberto,Italy,Sambiase  ,Switzerland,1993-03-19 00:00:00,Goalkeeper,Goalkeeper,right,187.0,2028-06-30 00:00:00,Signature - ISCM AG,https://img.a.transfermarkt.technology/portrait/header/192968-1772117104.jpg?lm=1,,,,https://www.transfermarkt.co.uk/francesco-ruberto/profil/spieler/192968,C1,FC Sion,50000.0,600000.0,2023,Francesco Rossi,ITA-Serie A,2324,Atalanta,Francesco Rossi,ITA,GK,32,1991,1,0,5,0.1,0,0.0,1,1,100.0,0,0,0,1,,0,0,0,0,,31.21697467488022,1485.0
7825,2024-06-07,600000,Villarreal CF,1050,ES1,Pepe,Reina,Pepe Reina,2024,1047,pepe-reina,Spain,Madrid  ,Spain,1982-08-31 00:00:00,Goalkeeper,Goalkeeper,right,188.0,,Manuel García Quilón,https://img.a.transfermarkt.technology/portrait/header/7825-1724826388.jpg?lm=1,36.0,0.0,,https://www.transfermarkt.co.uk/pepe-reina/profil/spieler/7825,IT1,Como 1907,600000.0,22000000.0,2023,Pepe Reina,ESP-La Liga,2324,Villarreal,Pepe Reina,ESP,GK,40,1982,2,2,180,2.0,2,1.0,9,7,77.8,1,1,0,0,0.0,0,0,0,0,,41.76865160848734,0.0
27493,2024-06-07,100000,RCD Mallorca,237,ES1,Iván,Cuéllar,Iván Cuéllar,2025,237,ivan-cuellar,Spain,Mérida  ,Spain,1984-05-27 00:00:00,Goalkeeper,Goalkeeper,left,187.0,2027-06-30 00:00:00,MESAS SPORT,https://img.a.transfermarkt.technology/portrait/header/27493-1664289273.jpg?lm=1,3.0,0.0,,https://www.transfermarkt.co.uk/ivan-cuellar/profil/spieler/27493,ES1,RCD Mallorca,100000.0,2500000.0,2023,Iván Cuéllar,ESP-La Liga,2324,Mallorca,Iván Cuéllar,ESP,GK,39,1984,1,1,90,1.0,1,1.0,6,5,83.3,1,0,0,0,0.0,0,0,0,0,,40.030116358658454,1118.0
40423,2024-06-07,800000,Real Betis Balompié,150,ES1,Claudio,Bravo,Claudio Bravo,2023,150,claudio-bravo,Chile,Buin  ,Chile,1983-04-13 00:00:00,Goalkeeper,Goalkeeper,right,184.0,,,https://img.a.transfermarkt.technology/portrait/header/40423-1691751378.jpg?lm=1,,,,https://www.transfermarkt.co.uk/claudio-bravo/profil/spieler/40423,ES1,Real Betis Balompié,800000.0,15000000.0,2023,Claudio Bravo,ESP-La Liga,2324,Real Betis,Claudio Bravo,CHI,GK,40,1983,7,7,630,7.0,5,0.71,22,17,77.3,3,4,0,2,28.6,0,0,0,0,,41.152635181382614,0.0
54217,2024-06-07,200000,Granada CF,16795,ES1,Raúl,Fernández,Raúl Fernández,2025,1108,raul-fernandez,Spain,Bilbao  ,Spain,1988-03-13 00:00:00,Goalkeeper,Goalkeeper,right,195.0,2027-06-30 00:00:00,,https://img.a.transfermarkt.technology/portrait/header/54217-1498749052.jpg?lm=1,,,,https://www.transfermarkt.co.uk/raul-fernandez/profil/spieler/54217,ES1,Deportivo Alavés,100000.0,1500000.0,2023,Raúl Fernández,ESP-La Liga,2324,Granada,Raúl Fernández,ESP,GK,35,1988,4,4,280,3.1,11,3.54,19,8,42.1,1,0,3,0,0.0,1,0,0,1,,36.23545516769336,1118.0
59349,2024-06-07,300000,UD Almería,3302,ES1,Diego,Mariño,Diego Mariño,2023,3302,diego-marino,Spain,Vigo  ,Spain,1990-05-09 00:00:00,Goalkeeper,Goalkeeper,right,185.0,,Promoesport,https://img.a.transfermarkt.technology/portrait/header/59349-1664288504.jpg?lm=1,,,,https://www.transfermarkt.co.uk/diego-marino/profil/spieler/59349,ES1,UD Almería,300000.0,2500000.0,2023,Diego Mariño,ESP-La Liga,2324,Almería,Diego Mariño,ESP,GK,33,1990,1,1,90,1.0,2,2.0,4,2,50.0,0,0,1,0,0.0,2,2,0,0,0.0,34.0807665982204,0.0
64399,2024-06-07,800000,Celta de Vigo,940,ES1,Vicente,Guaita,Vicente Guaita,2025,130,vicente-guaita,Spain,Torrent  ,Spain,1987-01-10 00:00:00,Goalkeeper,Goalkeeper,right,190.0,,JCRsport,https://img.a.transfermarkt.technology/portrait/header/64399-1744193190.jpg?lm=1,,,,https://www.transfermarkt.co.uk/vicente-guaita/profil/spieler/64399,IT1,Parma Calcio 1913,400000.0,10000000.0,2023,Vicente Guaita,ESP-La Liga,2324,Celta Vigo,Vicente Guaita,ESP,GK,36,1987,27,26,2403,26.7,39,1.46,122,83,68.0,8,7,11,2,7.7,5,4,0,1,0.0,37.4072553045859,0.0
73517,2024-06-07,1400000,Sevilla FC,368,ES1,Ørjan,Nyland,Ørjan Nyland,2025,368,orjan-nyland,Norway,Volda  ,Norway,1990-09-10 00:00:00,Goalkeeper,Goalkeeper,right,192.0,,,https://img.a.transfermarkt.technology/portrait/header/73517-1779430891.jpg?lm=1,75.0,0.0,,https://www.transfermarkt.co.uk/orjan-nyland/profil/spieler/73517,ES1,Sevilla FC,800000.0,3000000.0,2023,Ørjan Nyland,ESP-La Liga,2324,Sevilla,Ørjan Nyland,NOR,GK,32,1990,24,24,2160,24.0,27,1.13,106,79,74.5,8,9,7,5,20.8,3,3,0,0,0.0,33.74127310061601,0.0
74857,2024-06-07,28000000,FC Barcelona,131,ES1,Marc-André,ter Stegen,Marc-André ter Stegen,2025,131,marc-andre-ter-stegen,Germany,Mönchengladbach  ,Germany,1992-04-30 00:00:00,Goalkeeper,Goalkeeper,right,187.0,2028-06-30 00:00:00,ROOF,https://img.a.transfermarkt.technology/portrait/header/74857-1674465246.jpg?lm=1,44.0,0.0,,https://www.transfermarkt.co.uk/marc-andre-ter-stegen/profil/spieler/74857,ES1,FC Barcelona,3000000.0,90000000.0,2023,Marc-André ter Stegen,ESP-La Liga,2324,Barcelona,Marc-André ter Stegen,GER,GK,31,1992,28,28,2520,28.0,27,0.96,102,75,73.5,20,5,3,12,42.9,2,2,0,0,0.0,32.10403832991102,1484.0
81997,2024-06-07,700000,UD Almería,3302,ES1,Fernando,Martínez,Fernando Martínez,2023,3302,fernando-martinez,Spain,Murcia  ,Spain,1990-06-10 00:00:00,Goalkeeper,Goalkeeper,right,183.0,2025-06-30 00:00:00,JV SPORTS,https://img.a.transfermarkt.technology/portrait/header/81997-1588059525.jpg?lm=1,,,,https://www.transfermarkt.co.uk/fernando-martinez/profil/spieler/81997,ES1,UD Almería,700000.0,2000000.0,2023,Emiliano Martínez,ENG-Premier League,2324,Aston Villa,Emiliano Martínez,ARG,GK,30,1992,34,34,3015,33.5,48,1.43,143,95,66.4,19,8,7,7,20.6,1,1,0,0,0.0,33.99315537303217,388.0
94308,2024-06-07,900000,Sevilla FC,368,ES1,Marko,Dmitrovic,Marko Dmitrovic,2025,714,marko-dmitrovic,Jugoslawien (SFR),Subotica  ,Serbia,1992-01-24 00:00:00,Goalkeeper,Goalkeeper,left,189.0,2028-06-30 00:00:00,IDUB GLOBAL,https://img.a.transfermarkt.technology/portrait/header/94308-1669364494.jpg?lm=1,19.0,0.0,,https://www.transfermarkt.co.uk/marko-dmitrovic/profil/spieler/94308,ES1,RCD Espanyol Barcelona,700000.0,12000000.0,2023,Marko Dmitrović,ESP-La Liga,2324,Sevilla,Marko Dmitrović,SRB,GK,31,1992,13,13,1170,13.0,25,1.92,69,44,63.8,2,2,9,2,15.4,2,2,0,0,0.0,32.369609856262834,1484.0
108390,2024-06-07,28000000,Real Madrid,418,ES1,Thibaut,Courtois,Thibaut Courtois,2025,418,thibaut-courtois,Belgium,Bree  ,Belgium,1992-05-11 00:00:00,Goalkeeper,Goalkeeper,left,199.0,2027-06-30 00:00:00,RGM,https://img.a.transfermarkt.technology/portrait/header/108390-1717280733.jpg?lm=1,115.0,0.0,,https://www.transfermarkt.co.uk/thibaut-courtois/profil/spieler/108390,ES1,Real Madrid,15000000.0,75000000.0,2023,Thibaut Courtois,ESP-La Liga,2324,Real Madrid,Thibaut Courtois,BEL,GK,31,1992,4,4,332,3.7,0,0.0,16,15,100.0,3,1,0,0,0.0,0,0,0,0,,32.07392197125257,1118.0
118997,2024-06-07,1800000,CA Osasuna,331,ES1,Aitor,Fernández,Aitor Fernández,2025,331,aitor-fernandez,Spain,Arrasate  ,Spain,1991-05-03 00:00:00,Goalkeeper,Goalkeeper,right,182.0,2027-06-30 00:00:00,,https://img.a.transfermarkt.technology/portrait/header/118997-1683281584.jpg?lm=1,3.0,0.0,,https://www.transfermarkt.co.uk/aitor-fernandez/profil/spieler/118997,ES1,CA Osasuna,500000.0,10000000.0,2023,Aitor Fernández,ESP-La Liga,2324,Osasuna,Aitor Fernández,ESP,GK,32,1991,7,6,551,6.1,9,1.47,20,11,55.0,0,2,4,1,16.7,1,1,0,0,0.0,33.097878165639976,1118.0
121483,2024-06-07,28000000,Atlético de Madrid,13,ES1,Jan,Oblak,Jan Oblak,2025,13,jan-oblak,Slovenia,Škofja Loka  ,Slovenia,1993-01-07 00:00:00,Goalkeeper,Goalkeeper,right,188.0,2028-06-30 00:00:00,Miha Mlakar,https://img.a.transfermarkt.technology/portrait/header/121483-1719350076.jpg?lm=1,84.0,0.0,,https://www.transfermarkt.co.uk/jan-oblak/profil/spieler/121483,ES1,Atlético de Madrid,15000000.0,100000000.0,2023,Jan Oblak,ESP-La Liga,2324,Atlético Madrid,Jan Oblak,SVN,GK,30,1993,38,38,3420,38.0,43,1.13,144,101,70.1,24,4,10,11,28.9,2,1,0,1,0.0,31.41409993155373,1484.0
129374,2024-06-07,300000,Granada CF,16795,ES1,Marc,Martínez,Marc Martínez,2023,16795,marc-martinez,Spain,Barcelona  ,Spain,1990-04-04 00:00:00,Goalkeeper,Goalkeeper,right,186.0,2025-06-30 00:00:00,JV SPORTS,https://img.a.transfermarkt.technology/portrait/header/default.jpg?lm=1,,,,https://www.transfermarkt.co.uk/marc-martinez/profil/spieler/129374,ES1,Granada CF,300000.0,400000.0,2023,Marc Martínez,ESP-La Liga,2324,Granada,Marc Martínez,ESP,GK,33,1990,3,3,270,3.0,11,3.67,23,12,52.2,0,0,3,0,0.0,2,2,0,0,0.0,34.17659137577002,388.0
162027,2024-06-07,700000,Cádiz CF,2687,ES1,David,Gil,David Gil,2023,2687,david-gil,Spain,Getafe  ,Spain,1994-01-11 00:00:00,Goalkeeper,Goalkeeper,right,186.0,2027-06-30 00:00:00,Gesport Espizua SL,https://img.a.transfermarkt.technology/portrait/header/162027-1595508190.jpg?lm=1,,,,https://www.transfermarkt.co.uk/david-gil/profil/spieler/162027,ES1,Cádiz CF,700000.0,800000.0,2023,David Gil,ESP-La Liga,2324,Cádiz,David Gil,ESP,GK,29,1994,5,4,372,4.1,8,1.94,25,17,68.0,0,3,1,1,25.0,0,0,0,0,,30.403832991101986,1118.0
165467,2024-06-07,4000000,Rayo Vallecano,367,ES1,Stole,Dimitrievski,Stole Dimitrievski,2025,1049,stole-dimitrievski,Macedonia,Kumanovo  ,North Macedonia,1993-12-25 00:00:00,Goalkeeper,Goalkeeper,right,188.0,2028-06-30 00:00:00,AS1,https://img.a.transfermarkt.technology/portrait/header/165467-1541150592.jpg?lm=1,90.0,0.0,,https://www.transfermarkt.co.uk/stole-dimitrievski/profil/spieler/165467,ES1,Valencia CF,2000000.0,4000000.0,2023,Stole Dimitrievski,ESP-La Liga,2324,Rayo Vallecano,Stole Dimitrievski,MKD,GK,29,1993,37,37,3330,37.0,47,1.27,153,106,69.3,8,14,15,9,24.3,2,1,1,0,50.0,30.45037645448323,1484.0
190263,2024-06-07,10000000,RCD Mallorca,237,ES1,Predrag,Rajković,Predrag Rajković,2025,8023,predrag-rajkovic,Yugoslavia (Republic),Negotin  ,Serbia,1995-10-31 00:00:00,Goalkeeper,Goalkeeper,right,191.0,2028-06-30 00:00:00,ONEANDTEN,https://img.a.transfermarkt.technology/portrait/header/190263-1716240237.jpg?lm=1,44.0,0.0,,https://www.transfermarkt.co.uk/predrag-rajkovic/profil/spieler/190263,SA1,Al-Ittihad Football Club,7000000.0,10000000.0,2023,Predrag Rajković,ESP-La Liga,2324,Mallorca,Predrag Rajković,SRB,GK,27,1995,36,36,3240,36.0,43,1.19,141,98,69.5,7,15,14,5,13.9,5,4,1,0,20.0,28.602327173169062,1484.0
192279,2024-06-07,12000000,Real Madrid,418,ES1,Kepa,Arrizabalaga,Kepa Arrizabalaga,2025,11,kepa-arrizabalaga,Spain,Ondarroa  ,Spain,1994-10-03 00:00:00,Goalkeeper,Goalkeeper,right,188.0,2028-06-30 00:00:00,AC Talent,https://img.a.transfermarkt.technology/portrait/header/192279-1661855851.jpg?lm=1,13.0,0.0,,https://www.transfermarkt.co.uk/kepa-arrizabalaga/profil/spieler/192279,GB1,Arsenal FC,5000000.0,60000000.0,2023,Kepa Arrizabalaga,ESP-La Liga,2324,Real Madrid,Kepa Arrizabalaga,ESP,GK,28,1994,14,13,1198,13.3,9,0.68,39,30,76.9,10,2,1,4,30.8,0,0,0,0,,29.678302532511978,1484.0
195488,2024-06-07,4000000,Girona FC,12321,ES1,Paulo,Gazzaniga,Paulo Gazzaniga,2025,12321,paulo-gazzaniga,Argentina,Murphy  ,Argentina,1992-01-02 00:00:00,Goalkeeper,Goalkeeper,right,195.0,2027-06-30 00:00:00,LGT Football,https://img.a.transfermarkt.technology/portrait/header/195488-1769783747.jpg?lm=1,1.0,0.0,,https://www.transfermarkt.co.uk/paulo-gazzaniga/profil/spieler/195488,ES1,Girona FC,1800000.0,4000000.0,2023,Paulo Gazzaniga,ESP-La Liga,2324,Girona,Paulo Gazzaniga,ARG,GK,31,1992,38,38,3420,38.0,46,1.21,164,123,72.0,25,6,7,9,23.7,7,5,1,1,16.7,32.42984257357974,1118.0
212862,2024-06-07,25000000,Real Sociedad,681,ES1,Álex,Remiro,Álex Remiro,2025,681,alex-remiro,Spain,Cascante  ,Spain,1995-03-24 00:00:00,Goalkeeper,Goalkeeper,right,192.0,2027-06-30 00:00:00,Feel Winner,https://img.a.transfermarkt.technology/portrait/header/212862-1694594210.jpg?lm=1,2.0,0.0,,https://www.transfermarkt.co.uk/alex-remiro/profil/spieler/212862,ES1,Real Sociedad,9000000.0,25000000.0,2023,Álex Remiro,ESP-La Liga,2324,Real Sociedad,Álex Remiro,ESP,GK,28,1995,37,37,3275,36.4,36,0.99,126,95,71.4,16,12,9,13,35.1,6,5,1,0,16.7,29.207392197125255,1118.0
226012,2024-06-07,5000000,Getafe CF,3709,ES1,David,Soria,David Soria,2025,3709,david-soria,Spain,Madrid  ,Spain,1993-04-04 00:00:00,Goalkeeper,Goalkeeper,right,192.0,2030-06-30 00:00:00,AS1,https://img.a.transfermarkt.technology/portrait/header/226012-1696863038.jpg?lm=1,,,,https://www.transfermarkt.co.uk/david-soria/profil/spieler/226012,ES1,Getafe CF,2800000.0,18000000.0,2023,David Soria,ESP-La Liga,2324,Getafe,David Soria,ESP,GK,30,1993,38,38,3413,37.9,52,1.37,174,122,70.1,10,13,15,10,26.3,7,5,1,1,16.7,31.175906913073238,2214.0
227805,2024-06-07,800000,Valencia CF,1049,ES1,Jaume,Doménech,Jaume Doménech,2024,1049,jaume-domenech,Spain,Almenara  ,Spain,1990-11-05 00:00:00,Goalkeeper,Goalkeeper,right,185.0,,Wasserman,https://img.a.transfermarkt.technology/portrait/header/227805-1447247048.jpg?lm=1,,,,https://www.transfermarkt.co.uk/jaume-domenech/profil/spieler/227805,ES1,Valencia CF,400000.0,7500000.0,2023,Jaume Doménech,ESP-La Liga,2324,Valencia,Jaume Doménech,ESP,GK,32,1990,2,1,79,0.9,3,3.42,12,9,75.0,0,0,1,0,0.0,0,0,0,0,,33.58795345653662,0.0
234811,2024-06-07,8000000,Real Betis Balompié,150,ES1,Rui,Silva,Rui Silva,2025,336,rui-silva,Portugal,Maia  ,Portugal,1994-02-07 00:00:00,Goalkeeper,Goalkeeper,left,191.0,2028-06-30 00:00:00,Team of Future,https://img.a.transfermarkt.technology/portrait/header/234811-1666770953.jpg?lm=1,3.0,0.0,,https://www.transfermarkt.co.uk/rui-silva/profil/spieler/234811,PO1,Sporting CP,7000000.0,15000000.0,2023,Rui Silva,ESP-La Liga,2324,Real Betis,Rui Silva,POR,GK,29,1994,28,28,2475,27.5,36,1.31,122,86,70.5,10,9,9,7,25.0,8,7,1,0,12.5,30.32991101984942,1484.0
248738,2024-06-07,6000000,CA Osasuna,331,ES1,Sergio,Herrera,Sergio Herrera,2025,331,sergio-herrera,Spain,Miranda de Ebro  ,Spain,1993-06-05 00:00:00,Goalkeeper,Goalkeeper,right,192.0,2028-06-30 00:00:00,Gersh,https://img.a.transfermarkt.technology/portrait/header/248738-1732220099.jpg?lm=1,,,,https://www.transfermarkt.co.uk/sergio-herrera/profil/spieler/248738,ES1,CA Osasuna,2800000.0,8000000.0,2023,Sergio Herrera,ESP-La Liga,2324,Osasuna,Sergio Herrera,ESP,GK,30,1993,32,32,2869,31.9,47,1.47,132,85,64.4,12,7,13,9,28.1,1,0,1,0,100.0,31.006160164271048,1484.0
262396,2024-06-07,30000000,Athletic Bilbao,621,ES1,Unai,Simón,Unai Simón,2025,621,unai-simon,Spain,Vitoria-Gasteiz  ,Spain,1997-06-11 00:00:00,Goalkeeper,Goalkeeper,right,190.0,2029-06-30 00:00:00,CAA Stellar,https://img.a.transfermarkt.technology/portrait/header/262396-1709674901.png?lm=1,64.0,0.0,,https://www.transfermarkt.co.uk/unai-simon/profil/spieler/262396,ES1,Athletic Bilbao,22000000.0,30000000.0,2023,Unai Simón,ESP-La Liga,2324,Athletic Club,Unai Simón,ESP,GK,26,1997,36,36,3182,35.4,33,0.93,121,91,72.7,18,11,7,15,41.7,5,1,3,1,75.0,26.989733059548254,1849.0
275218,2024-06-07,5000000,Granada CF,16795,ES1,Augusto,Batalla,Augusto Batalla,2025,367,augusto-batalla,Argentina,Hurlingham  ,Argentina,1996-04-30 00:00:00,Goalkeeper,Goalkeeper,right,185.0,2030-06-30 00:00:00,Hernan Berman,https://img.a.transfermarkt.technology/portrait/header/275218-1775761484.jpg?lm=1,13.0,0.0,,https://www.transfermarkt.co.uk/augusto-batalla/profil/spieler/275218,ES1,Rayo Vallecano,6000000.0,6000000.0,2023,Augusto Batalla,ESP-La Liga,2324,Granada,Augusto Batalla,ARG,GK,27,1996,17,17,1530,17.0,28,1.65,87,59,67.8,3,4,10,3,17.6,0,0,0,0,,28.10403832991102,2214.0
283170,2024-06-07,8000000,FC Barcelona,131,ES1,Iñaki,Peña,Iñaki Peña,2025,131,inaki-pena,Spain,Alicante  ,Spain,1999-03-02 00:00:00,Goalkeeper,Goalkeeper,right,184.0,2029-06-30 00:00:00,AC Talent,https://img.a.transfermarkt.technology/portrait/header/283170-1702502364.jpg?lm=1,0.0,0.0,,https://www.transfermarkt.co.uk/inaki-pena/profil/spieler/283170,ES1,FC Barcelona,4000000.0,10000000.0,2023,Iñaki Peña,ESP-La Liga,2324,Barcelona,Iñaki Peña,ESP,GK,24,1999,10,10,900,10.0,17,1.7,39,22,56.4,6,2,2,2,20.0,0,0,0,0,,25.267624914442163,1849.0
284430,2024-06-07,1000000,UD Las Palmas,472,ES1,Aarón,Escandell,Aarón Escandell,2025,2497,aaron-escandell,Spain,Carcaixent  ,Spain,1995-09-27 00:00:00,Goalkeeper,Goalkeeper,right,186.0,2027-06-30 00:00:00,Goal Management,https://img.a.transfermarkt.technology/portrait/header/284430-1583309348.jpg?lm=1,,,,https://www.transfermarkt.co.uk/aaron-escandell/profil/spieler/284430,ES1,Real Oviedo,3000000.0,3000000.0,2023,Aarón Escandell,ESP-La Liga,2324,Las Palmas,Aarón Escandell,ESP,GK,27,1995,2,1,153,1.7,3,1.76,4,1,25.0,0,0,1,0,0.0,0,0,0,0,,28.695414099931554,1118.0
297194,2024-06-07,1200000,Celta de Vigo,940,ES1,Iván,Villar,Iván Villar,2025,940,ivan-villar,Spain,Aldán  ,Spain,1997-07-09 00:00:00,Goalkeeper,Goalkeeper,right,183.0,2027-06-30 00:00:00,AS1,https://img.a.transfermarkt.technology/portrait/header/297194-1516876837.jpg?lm=1,0.0,0.0,,https://www.transfermarkt.co.uk/ivan-villar/profil/spieler/297194,ES1,Celta de Vigo,900000.0,2500000.0,2023,Iván Villar,ESP-La Liga,2324,Celta Vigo,Iván Villar,ESP,GK,26,1997,12,12,1014,11.3,18,1.6,45,27,60.0,2,4,6,0,0.0,3,2,1,0,33.3,26.913073237508556,1118.0
298197,2024-06-07,6000000,Deportivo Alavés,1108,ES1,Antonio,Sivera,Antonio Sivera,2025,1108,antonio-sivera,Spain,Xàbia  ,Spain,1996-08-11 00:00:00,Goalkeeper,Goalkeeper,right,185.0,2027-06-30 00:00:00,THE·TEAM,https://img.a.transfermarkt.technology/portrait/header/298197-1713856039.jpg?lm=1,10.0,0.0,,https://www.transfermarkt.co.uk/antonio-sivera/profil/spieler/298197,ES1,Deportivo Alavés,6000000.0,6000000.0,2023,Antonio Sivera,ESP-La Liga,2324,Alavés,Antonio Sivera,ESP,GK,26,1996,34,34,3060,34.0,38,1.12,125,87,69.6,11,8,15,9,26.5,8,8,0,0,0.0,27.822039698836413,1118.0
316884,2024-06-07,2500000,RCD Mallorca,237,ES1,Dominik,Greif,Dominik Greif,2025,1041,dominik-greif,Slovakia,Bratislava  ,Slovakia,1997-04-06 00:00:00,Goalkeeper,Goalkeeper,right,197.0,2029-06-30 00:00:00,Stars & Friends,https://img.a.transfermarkt.technology/portrait/header/316884-1773950159.jpg?lm=1,5.0,0.0,,https://www.transfermarkt.co.uk/dominik-greif/profil/spieler/316884,FR1,Olympique Lyon,9000000.0,9000000.0,2023,Dominik Greif,ESP-La Liga,2324,Mallorca,Dominik Greif,SVK,GK,26,1997,1,1,90,1.0,0,0.0,4,4,100.0,0,1,0,1,100.0,0,0,0,0,,27.170431211498972,1849.0
367464,2024-06-07,5000000,UD Almería,3302,ES1,Luís,Maximiano,Luís Maximiano,2025,34911,luis-maximiano,Portugal,Celeirós  ,Portugal,1999-01-05 00:00:00,Goalkeeper,Goalkeeper,both,190.0,2029-06-30 00:00:00,AS1,https://img.a.transfermarkt.technology/portrait/header/367464-1732734603.jpg?lm=1,2.0,0.0,,https://www.transfermarkt.co.uk/luis-maximiano/profil/spieler/367464,SA1,Neom Sports Club,3200000.0,12000000.0,2023,Luís Maximiano,ESP-La Liga,2324,Almería,Luís Maximiano,POR,GK,24,1999,33,33,2970,33.0,63,1.91,171,112,63.2,2,11,20,3,9.1,7,4,1,2,20.0,25.420944558521562,1849.0
397676,2024-06-07,1800000,Rayo Vallecano,367,ES1,Dani,Cárdenas,Dani Cárdenas,2025,367,dani-cardenas,Spain,Terrassa  ,Spain,1997-03-28 00:00:00,Goalkeeper,Goalkeeper,right,186.0,2027-06-30 00:00:00,,https://img.a.transfermarkt.technology/portrait/header/397676-1663571879.jpg?lm=1,,,,https://www.transfermarkt.co.uk/dani-cardenas/profil/spieler/397676,ES1,Rayo Vallecano,1800000.0,2000000.0,2023,Dani Cárdenas,ESP-La Liga,2324,Rayo Vallecano,Dani Cárdenas,ESP,GK,26,1997,1,1,90,1.0,1,1.0,1,0,0.0,0,0,1,0,0.0,0,0,0,0,,27.195071868583163,1118.0
404839,2024-06-07,25000000,Real Madrid,418,ES1,Andriy,Lunin,Andriy Lunin,2025,418,andriy-lunin,Ukraine,"Krasnograd, Kharkiv Oblast  ",Ukraine,1999-02-11 00:00:00,Goalkeeper,Goalkeeper,right,191.0,2030-06-30 00:00:00,Gestifute,https://img.a.transfermarkt.technology/portrait/header/404839-1701294131.jpg?lm=1,16.0,0.0,,https://www.transfermarkt.co.uk/andriy-lunin/profil/spieler/404839,ES1,Real Madrid,12000000.0,25000000.0,2023,Andriy Lunin,ESP-La Liga,2324,Real Madrid,Andriy Lunin,UKR,GK,24,1999,21,21,1890,21.0,17,0.81,65,48,73.8,16,5,0,4,19.0,1,1,0,0,0.0,25.319644079397673,2214.0
417913,2024-06-07,12000000,UD Las Palmas,472,ES1,Álvaro,Valles,Álvaro Valles,2025,150,alvaro-valles,Spain,La Rinconada  ,Spain,1997-07-25 00:00:00,Goalkeeper,Goalkeeper,right,191.0,2030-06-30 00:00:00,Gersh,https://img.a.transfermarkt.technology/portrait/header/417913-1773343747.jpg?lm=1,,,,https://www.transfermarkt.co.uk/alvaro-valles/profil/spieler/417913,ES1,Real Betis Balompié,7000000.0,15000000.0,2023,Álvaro Vallés,ESP-La Liga,2324,Las Palmas,Álvaro Vallés,ESP,GK,26,1997,37,37,3263,36.3,44,1.21,147,109,70.1,10,10,17,8,21.6,8,4,3,1,42.9,26.869267624914443,2214.0
438682,2024-06-07,900000,Getafe CF,3709,ES1,,Daniel Fuzato,Daniel Fuzato,2025,978,daniel-fuzato,Brazil,Santa Bárbara d’Oeste  ,Brazil,1997-07-04 00:00:00,Goalkeeper,Goalkeeper,right,190.0,2026-12-31 00:00:00,,https://img.a.transfermarkt.technology/portrait/header/438682-1696862993.jpg?lm=1,0.0,0.0,,https://www.transfermarkt.co.uk/daniel-fuzato/profil/spieler/438682,BRA1,Club de Regatas Vasco da Gama,900000.0,1000000.0,2023,Daniel Fuzato,ESP-La Liga,2324,Getafe,Daniel Fuzato,BRA,GK,26,1997,1,0,7,0.1,2,25.71,2,0,0.0,0,0,0,0,,0,0,0,0,,26.926762491444215,937.0
502676,2024-06-07,35000000,Valencia CF,1049,ES1,Giorgi,Mamardashvili,Giorgi Mamardashvili,2025,31,giorgi-mamardashvili,Georgia,Tiflis  ,Georgia,2000-09-29 00:00:00,Goalkeeper,Goalkeeper,left,197.0,2031-06-30 00:00:00,Free Football,https://img.a.transfermarkt.technology/portrait/header/502676-1716542116.jpg?lm=1,38.0,0.0,,https://www.transfermarkt.co.uk/giorgi-mamardashvili/profil/spieler/502676,GB1,Liverpool FC,28000000.0,45000000.0,2023,Giorgi Mamardashvili,ESP-La Liga,2324,Valencia,Giorgi Mamardashvili,GEO,GK,22,2000,37,37,3284,36.5,41,1.12,140,104,70.7,13,10,14,9,24.3,6,3,3,0,50.0,23.68788501026694,2579.0
585323,2024-06-07,20000000,Villarreal CF,1050,ES1,Filip,Jørgensen,Filip Jørgensen,2025,631,filip-jorgensen,Sweden,Lomma  ,Denmark,2002-04-16 00:00:00,Goalkeeper,Goalkeeper,right,192.0,2031-06-30 00:00:00,LIAN Sports Group,https://img.a.transfermarkt.technology/portrait/header/585323-1718280485.jpg?lm=1,2.0,0.0,,https://www.transfermarkt.co.uk/filip-jorgensen/profil/spieler/585323,GB1,Chelsea FC,15000000.0,20000000.0,2023,Filip Jørgensen,ESP-La Liga,2324,Villarreal,Filip Jørgensen,DEN,GK,21,2002,36,36,3240,36.0,63,1.75,206,143,69.4,13,10,13,3,8.3,5,5,0,0,0.0,22.143737166324435,2579.0
625014,2024-06-07,5000000,Athletic Bilbao,621,ES1,Julen,Agirrezabala,Julen Agirrezabala,2025,1049,julen-agirrezabala,Spain,Donostia-San Sebastián  ,Spain,2000-12-26 00:00:00,Goalkeeper,Goalkeeper,left,187.0,2027-06-30 00:00:00,Gersh,https://img.a.transfermarkt.technology/portrait/header/625014-1709674945.png?lm=1,8.0,0.0,,https://www.transfermarkt.co.uk/julen-agirrezabala/profil/spieler/625014,ES1,Valencia CF,9000000.0,15000000.0,2023,Julen Agirrezabala,ESP-La Liga,2324,Athletic Club,Julen Agirrezabala,ESP,GK,22,2000,4,2,238,2.6,4,1.51,12,8,66.7,1,0,1,1,50.0,0,0,0,0,,23.446954140999317,1118.0
625657,2024-06-07,300000,Real Sociedad,681,ES1,Unai,Marrero,Unai Marrero,2025,681,unai-marrero,Spain,Donostia-San Sebastián  ,Spain,2001-10-09 00:00:00,Goalkeeper,Goalkeeper,right,189.0,2030-06-30 00:00:00,IDUB GLOBAL,https://img.a.transfermarkt.technology/portrait/header/625657-1692370133.jpg?lm=1,,,,https://www.transfermarkt.co.uk/unai-marrero/profil/spieler/625657,ES1,Real Sociedad,1000000.0,1000000.0,2023,Unai Marrero,ESP-La Liga,2324,Real Sociedad,Unai Marrero,ESP,GK,21,2001,2,1,142,1.6,3,1.9,6,3,50.0,0,0,1,0,0.0,1,1,0,0,0.0,22.661190965092402,2214.0
631693,2024-06-07,1000000,Deportivo Alavés,1108,ES1,Jesús,Owono,Jesús Owono,2024,1108,jesus-owono,Equatorial Guinea,Bata  ,Equatorial Guinea,2001-03-01 00:00:00,Goalkeeper,Goalkeeper,both,186.0,2026-06-30 00:00:00,Wasserman,https://img.a.transfermarkt.technology/portrait/header/631693-1767009098.jpg?lm=1,43.0,0.0,,https://www.transfermarkt.co.uk/jesus-owono/profil/spieler/631693,ES1,Deportivo Alavés,1000000.0,1000000.0,2023,Jesús Owono,ESP-La Liga,2324,Alavés,Jesús Owono,EQG,GK,22,2001,4,4,360,4.0,8,2.0,24,16,66.7,1,2,1,1,25.0,0,0,0,0,,23.26899383983573,753.0
465682,2024-06-10,1000000,Montevideo Wanderers,2403,,Mauro,Silveira,Mauro Silveira,2025,11854,mauro-silveira,Uruguay,Montevideo  ,Uruguay,2000-05-06 00:00:00,Goalkeeper,Goalkeeper,right,187.0,2028-06-30 00:00:00,JM Agente Deportivo,https://img.a.transfermarkt.technology/portrait/header/465682-1752505115.JPG?lm=1,0.0,0.0,,https://www.transfermarkt.co.uk/mauro-silveira/profil/spieler/465682,COL1,Junior FC,1000000.0,1000000.0,2023,Marco Silvestri,ITA-Serie A,2324,Udinese,Marco Silvestri,ITA,GK,32,1991,17,17,1530,17.0,28,1.65,69,41,59.4,1,11,5,4,23.5,6,6,0,0,0.0,24.095824777549623,1481.0
802540,2024-06-10,200000,FC Utrecht U21,17596,,Andreas,Dithmer,Andreas Dithmer,2024,200,andreas-dithmer,Denmark,København  ,Denmark,2005-08-01 00:00:00,Goalkeeper,Goalkeeper,right,198.0,2028-06-30 00:00:00,ROOF Talents,https://img.a.transfermarkt.technology/portrait/header/802540-1662491702.jpg?lm=1,5.0,0.0,,https://www.transfermarkt.co.uk/andreas-dithmer/profil/spieler/802540,NL1,FC Utrecht,200000.0,200000.0,2023,Andreas Luthe,,2324,Bochum,Andreas Luthe,GER,GK,36,1987,1,1,90,1.0,4,4.0,5,1,20.0,0,0,1,0,0.0,0,0,0,0,,18.858316221765914,1481.0
18940,2024-06-11,250000,Paris FC,10004,FR1,Rémy,Riou,Rémy Riou,2025,10004,remy-riou,France,Lyon  ,France,1987-08-06 00:00:00,Goalkeeper,Goalkeeper,right,191.0,,,https://img.a.transfermarkt.technology/portrait/header/18940-1672830760.jpg?lm=1,6.0,0.0,,https://www.transfermarkt.co.uk/remy-riou/profil/spieler/18940,FR1,Paris FC,100000.0,4000000.0,2023,Rémy Riou,FRA-Ligue 1,2324,Lyon,Rémy Riou,FRA,GK,35,1987,3,3,270,3.0,6,2.0,14,8,57.1,0,1,2,1,33.3,0,0,0,0,,36.84873374401095,0.0
124901,2024-06-11,250000,US Quevilly-Rouen Métropole,7124,,Benjamin,Leroy,Benjamin Leroy,2025,1158,benjamin-leroy,France,Cucq  ,France,1989-04-07 00:00:00,Goalkeeper,Goalkeeper,right,184.0,2027-06-30 00:00:00,Gersh,https://img.a.transfermarkt.technology/portrait/header/124901-1525692013.jpg?lm=1,,,,https://www.transfermarkt.co.uk/benjamin-leroy/profil/spieler/124901,FR1,FC Lorient,100000.0,1250000.0,2023,Benjamin Lecomte,FRA-Ligue 1,2324,Montpellier,Benjamin Lecomte,FRA,GK,32,1991,30,30,2700,30.0,37,1.23,139,102,73.4,9,11,10,10,33.3,5,4,1,0,20.0,35.17864476386037,1114.0
112541,2024-06-12,1000000,Qarabağ FK,10625,,Andrey,Lunev,Andrey Lunev,2025,121,andrey-lunev,UdSSR,Moskau  ,Russia,1991-11-13 00:00:00,Goalkeeper,Goalkeeper,right,190.0,2027-06-30 00:00:00,,https://img.a.transfermarkt.technology/portrait/header/112541-1721727463.png?lm=1,9.0,0.0,,https://www.transfermarkt.co.uk/andrey-lunev/profil/spieler/112541,RU1,FK Dinamo Moskva,800000.0,10500000.0,2023,Andriy Lunin,ESP-La Liga,2324,Real Madrid,Andriy Lunin,UKR,GK,24,1999,21,21,1890,21.0,17,0.81,65,48,73.8,16,5,0,4,19.0,1,1,0,0,0.0,32.580424366872,1113.0
905220,2024-06-12,200000,Sarpsborg 08 FF,10217,NO1,Leander,Øy,Leander Øy,2025,10217,leander-oy,Norway,Årdal  ,Norway,2003-10-24 00:00:00,Goalkeeper,Goalkeeper,right,182.0,2026-12-31 00:00:00,Assist Management,https://img.a.transfermarkt.technology/portrait/header/default.jpg?lm=1,2.0,0.0,,https://www.transfermarkt.co.uk/leander-oy/profil/spieler/905220,NO1,Sarpsborg 08 Fotballforening,250000.0,250000.0,2023,Alexander Meyer,,2324,Dortmund,Alexander Meyer,GER,GK,32,1991,8,7,695,7.7,9,1.17,28,19,67.9,4,1,2,3,42.9,0,0,0,0,,20.635181382614647,932.0
99617,2024-06-13,300000,Seattle Sounders FC,9636,MLS1,Stefan,Frei,Stefan Frei,2025,9636,stefan-frei,Switzerland,Altstätten  ,United States,1986-04-20 00:00:00,Goalkeeper,Goalkeeper,,195.0,2027-12-31 00:00:00,THE·TEAM,https://img.a.transfermarkt.technology/portrait/header/99617-1771756765.jpg?lm=1,0.0,0.0,,https://www.transfermarkt.co.uk/stefan-frei/profil/spieler/99617,MLS1,Seattle Sounders FC,100000.0,1000000.0,2023,Stefan Ortega,ENG-Premier League,2324,Manchester City,Stefan Ortega,GER,GK,30,1992,9,5,635,7.1,7,0.99,27,20,74.1,4,1,0,3,60.0,0,0,0,0,,38.1492128678987,1296.0
126630,2024-06-13,1000000,Toronto FC,11141,MLS1,Sean,Johnson,Sean Johnson,2025,2440,sean-johnson,United States,"Lilburn, Georgia  ",United States,1989-05-31 00:00:00,Goalkeeper,Goalkeeper,right,190.0,2027-06-30 00:00:00,,https://img.a.transfermarkt.technology/portrait/header/126630-1771687154.jpg?lm=1,13.0,0.0,,https://www.transfermarkt.co.uk/sean-johnson/profil/spieler/126630,MLS1,D.C. United,300000.0,1800000.0,2023,Sam Johnstone,ENG-Premier League,2324,Crystal Palace,Sam Johnstone,ENG,GK,30,1993,20,20,1796,20.0,27,1.35,68,41,60.3,5,6,9,6,30.0,2,2,0,0,0.0,35.0362765229295,1112.0
184745,2024-06-13,125000,Mjällby AIF,2719,SE1,Alexander,Lundin,Alexander Lundin,2025,2719,alexander-lundin,Sweden,Nättraby  ,Sweden,1992-10-25 00:00:00,Goalkeeper,Goalkeeper,right,186.0,2026-12-31 00:00:00,,https://img.a.transfermarkt.technology/portrait/header/184745-1725484759.jpg?lm=1,0.0,0.0,,https://www.transfermarkt.co.uk/alexander-lundin/profil/spieler/184745,SE1,Mjällby Almänna Idrottsförening,100000.0,125000.0,2023,Alexander Brunst,,2324,Darmstadt 98,Alexander Brunst,GER,GK,28,1995,3,3,270,3.0,10,3.33,17,7,41.2,0,1,2,0,0.0,0,0,0,0,,31.633127994524298,931.0
199221,2024-06-13,600000,BK Häcken,1109,SE1,Andreas,Linde,Andreas Linde,2025,1109,andreas-linde,Sweden,Rydebäck  ,Sweden,1993-07-24 00:00:00,Goalkeeper,Goalkeeper,right,200.0,2026-12-31 00:00:00,BHM Sports Agency,https://img.a.transfermarkt.technology/portrait/header/199221-1657044624.jpg?lm=1,1.0,0.0,,https://www.transfermarkt.co.uk/andreas-linde/profil/spieler/199221,SE1,BK Häcken,250000.0,900000.0,2023,Andreas Luthe,,2324,Bochum,Andreas Luthe,GER,GK,36,1987,1,1,90,1.0,4,4.0,5,1,20.0,0,0,1,0,0.0,0,0,0,0,,30.888432580424368,931.0
280379,2024-06-14,400000,CF Monterrey,2407,MEX1,Luis,Cárdenas,Luis Cárdenas,2025,2407,luis-cardenas,Mexico,Los Mochis  ,Mexico,1993-09-15 00:00:00,Goalkeeper,Goalkeeper,right,176.0,2028-06-30 00:00:00,EL C1EL0,https://img.a.transfermarkt.technology/portrait/header/280379-1580827417.png?lm=1,0.0,0.0,,https://www.transfermarkt.co.uk/luis-cardenas/profil/spieler/280379,MEX1,CF Monterrey,200000.0,600000.0,2023,Dani Cárdenas,ESP-La Liga,2324,Rayo Vallecano,Dani Cárdenas,ESP,GK,26,1997,1,1,90,1.0,1,1.0,1,0,0.0,0,0,1,0,0.0,0,0,0,0,,30.746064339493497,1477.0
491542,2024-06-14,5500000,CD Cruz Azul,3711,MEX1,Kevin,Mier,Kevin Mier,2025,3711,kevin-mier,Colombia,Barrancabermeja  ,Colombia,2000-05-18 00:00:00,Goalkeeper,Goalkeeper,right,187.0,2029-06-30 00:00:00,Elite Player,https://img.a.transfermarkt.technology/portrait/header/491542-1693600544.JPG?lm=1,3.0,0.0,,https://www.transfermarkt.co.uk/kevin-mier/profil/spieler/491542,MEX1,CD Cruz Azul,6000000.0,8000000.0,2023,Kevin Müller,,2324,Heidenheim,Kevin Müller,GER,GK,32,1991,34,34,3060,34.0,55,1.62,178,123,69.1,10,12,12,5,14.7,10,7,1,2,12.5,24.073921971252567,1842.0
417084,2024-06-17,1300000,Clube de Regatas Vasco da Gama,978,BRA1,,Keiller,Keiller,2025,776,keiller,Brazil,Eldorado do Sul  ,Brazil,1996-10-29 00:00:00,Goalkeeper,Goalkeeper,right,193.0,2026-12-30 00:00:00,,https://img.a.transfermarkt.technology/portrait/header/417084-1748479165.jpg?lm=1,0.0,0.0,,https://www.transfermarkt.co.uk/keiller/profil/spieler/417084,BRA1,Coritiba Foot Ball Club,500000.0,1500000.0,2023,Kevin Müller,,2324,Heidenheim,Kevin Müller,GER,GK,32,1991,34,34,3060,34.0,55,1.62,178,123,69.1,10,12,12,5,14.7,10,7,1,2,12.5,27.633127994524298,926.0
372468,2024-06-20,250000,CF Os Belenenses,68608,PO1,David,Grilo,David Grilo,2025,2431,david-grilo,Portugal,Massamá  ,Portugal,1996-08-13 00:00:00,Goalkeeper,Goalkeeper,right,184.0,2028-06-30 00:00:00,,https://img.a.transfermarkt.technology/portrait/header/372468-1638712058.jpg?lm=1,,,,https://www.transfermarkt.co.uk/david-grilo/profil/spieler/372468,PO1,CF Estrela Amadora,100000.0,250000.0,2023,David Gil,ESP-La Liga,2324,Cádiz,David Gil,ESP,GK,29,1994,5,4,372,4.1,8,1.94,25,17,68.0,0,3,1,1,25.0,0,0,0,0,,27.852156057494867,1471.0
290346,2024-06-24,800000,Real Valladolid CF,366,ES1,André,Ferreira,André Ferreira,2025,979,andre-ferreira,Portugal,Vila Nova de Gaia  ,Portugal,1996-05-29 00:00:00,Goalkeeper,Goalkeeper,right,193.0,2028-06-30 00:00:00,MadeinFootball,https://img.a.transfermarkt.technology/portrait/header/290346-1548259586.jpg?lm=1,0.0,0.0,,https://www.transfermarkt.co.uk/andre-ferreira/profil/spieler/290346,PO1,Moreirense FC,600000.0,900000.0,2023,André Ferreira,ESP-La Liga,2324,Granada,André Ferreira,POR,GK,27,1996,15,14,1340,14.9,29,1.95,78,49,62.8,0,5,9,0,0.0,3,3,0,0,0.0,28.071184120465436,1467.0
551182,2024-06-24,500000,Betis Deportivo Balompié,2865,,Fran,Vieites,Fran Vieites,2024,150,fran-vieites,Spain,Pontecesures  ,Spain,1999-05-07 00:00:00,Goalkeeper,Goalkeeper,left,196.0,2027-06-30 00:00:00,F.J.VILLAVERDE,https://img.a.transfermarkt.technology/portrait/header/551182-1701083106.jpg?lm=1,,,,https://www.transfermarkt.co.uk/fran-vieites/profil/spieler/551182,ES1,Real Betis Balompié,500000.0,500000.0,2023,Fran Vieites,ESP-La Liga,2324,Real Betis,Fran Vieites,ESP,GK,24,1999,4,3,315,3.5,4,1.14,18,14,77.8,1,2,0,1,33.3,0,0,0,0,,25.13347022587269,1101.0
646741,2024-06-24,200000,RC Celta Fortuna,8733,,César,Fernández,César Fernández,2024,940,cesar-fernandez,Spain,O Barco de Valdeorras  ,Spain,2004-01-28 00:00:00,Goalkeeper,Goalkeeper,right,181.0,2027-06-30 00:00:00,Unique Sports Group,https://img.a.transfermarkt.technology/portrait/header/default.jpg?lm=1,10.0,0.0,,https://www.transfermarkt.co.uk/cesar-fernandez/profil/spieler/646741,ES1,Celta de Vigo,200000.0,200000.0,2023,Aitor Fernández,ESP-La Liga,2324,Osasuna,Aitor Fernández,ESP,GK,32,1991,7,6,551,6.1,9,1.47,20,11,55.0,0,2,4,1,16.7,1,1,0,0,0.0,20.40520191649555,1101.0
654326,2024-06-26,400000,CD Leones Negros de la UdeG,23505,,Salim,Hernández,Salim Hernández,2025,13353,salim-hernandez,Mexico,Guadalajara  ,Mexico,1998-12-07 00:00:00,Goalkeeper,Goalkeeper,right,191.0,2026-06-30 00:00:00,PitZGroup,https://img.a.transfermarkt.technology/portrait/header/654326-1681671323.jpg?lm=1,,,,https://www.transfermarkt.co.uk/salim-hernandez/profil/spieler/654326,MEX1,Club Tijuana,450000.0,700000.0,2023,Raúl Fernández,ESP-La Liga,2324,Granada,Raúl Fernández,ESP,GK,35,1988,4,4,280,3.1,11,3.54,19,8,42.1,1,0,3,0,0.0,1,0,0,1,,25.5523613963039,734.0
502676,2024-07-18,45000000,Valencia CF,1049,ES1,Giorgi,Mamardashvili,Giorgi Mamardashvili,2025,31,giorgi-mamardashvili,Georgia,Tiflis  ,Georgia,2000-09-29 00:00:00,Goalkeeper,Goalkeeper,left,197.0,2031-06-30 00:00:00,Free Football,https://img.a.transfermarkt.technology/portrait/header/502676-1716542116.jpg?lm=1,38.0,0.0,,https://www.transfermarkt.co.uk/giorgi-mamardashvili/profil/spieler/502676,GB1,Liverpool FC,28000000.0,45000000.0,2024,Giorgi Mamardashvili,ESP-La Liga,2425,Valencia,Giorgi Mamardashvili,GEO,GK,23,2000,34,34,3060,34.0,48,1.41,139,91,65.5,11,11,12,8,23.5,7,5,2,0,28.6,23.800136892539356,2538.0
797864,2024-09-16,250000,FK Radnik Bijeljina,11040,,Filip,Samurovic,Filip Samurovic,2025,33328,filip-samurovic,Yugoslavia (Republic),Šabac  ,Serbia,2002-09-23 00:00:00,Goalkeeper,Goalkeeper,right,193.0,2028-06-30 00:00:00,,https://img.a.transfermarkt.technology/portrait/header/default.jpg?lm=1,,,,https://www.transfermarkt.co.uk/filip-samurovic/profil/spieler/797864,SER1,FK Radnik Surdulica,50000.0,450000.0,2024,Filip Stankovic,ITA-Serie A,2425,Venezia,Filip Stankovic,SRB,GK,22,2002,16,16,1367,15.2,23,1.51,84,61,72.6,2,6,8,0,0.0,5,4,1,0,20.0,21.982203969883642,1383.0
112541,2024-09-18,1500000,Dynamo Moscow,121,RU1,Andrey,Lunev,Andrey Lunev,2025,121,andrey-lunev,UdSSR,Moskau  ,Russia,1991-11-13 00:00:00,Goalkeeper,Goalkeeper,right,190.0,2027-06-30 00:00:00,,https://img.a.transfermarkt.technology/portrait/header/112541-1721727463.png?lm=1,9.0,0.0,,https://www.transfermarkt.co.uk/andrey-lunev/profil/spieler/112541,RU1,FK Dinamo Moskva,800000.0,10500000.0,2024,Andriy Lunin,ESP-La Liga,2425,Real Madrid,Andriy Lunin,UKR,GK,25,1999,7,7,630,7.0,7,1.0,20,13,65.0,6,0,1,4,57.1,0,0,0,0,,32.84873374401095,1015.0
465682,2024-09-20,700000,Montevideo Wanderers,2403,,Mauro,Silveira,Mauro Silveira,2025,11854,mauro-silveira,Uruguay,Montevideo  ,Uruguay,2000-05-06 00:00:00,Goalkeeper,Goalkeeper,right,187.0,2028-06-30 00:00:00,JM Agente Deportivo,https://img.a.transfermarkt.technology/portrait/header/465682-1752505115.JPG?lm=1,0.0,0.0,,https://www.transfermarkt.co.uk/mauro-silveira/profil/spieler/465682,COL1,Junior FC,1000000.0,1000000.0,2024,Marco Silvestri,ITA-Serie A,2425,Empoli,Marco Silvestri,ITA,GK,33,1991,5,5,450,5.0,11,2.2,27,16,59.3,0,1,4,0,0.0,0,0,0,0,,24.3750855578371,1379.0
73396,2024-09-23,800000,Atlético Nacional,8172,COL1,David,Ospina,David Ospina,2025,8172,david-ospina,Colombia,Medellín  ,Colombia,1988-08-31 00:00:00,Goalkeeper,Goalkeeper,right,183.0,2026-06-30 00:00:00,Alinea,https://img.a.transfermarkt.technology/portrait/header/73396-1722444561.JPG?lm=1,131.0,0.0,3816.0,https://www.transfermarkt.co.uk/david-ospina/profil/spieler/73396,COL1,Atlético Nacional,100000.0,8000000.0,2024,David Soria,ESP-La Liga,2425,Getafe,David Soria,ESP,GK,31,1993,38,38,3420,38.0,39,1.03,128,89,69.5,11,9,18,9,23.7,9,8,1,0,11.1,36.062970568104035,645.0
983609,2024-09-23,250000,Fortaleza CEIF,32041,COL1,Jordan,García,Jordan García,2025,4941,jordan-garcia,Colombia,El Retén  ,Colombia,2005-06-20 00:00:00,Goalkeeper,Goalkeeper,right,186.0,2029-12-31 00:00:00,HIJAR,https://img.a.transfermarkt.technology/portrait/header/983609-1740844253.jpeg?lm=1,19.0,0.0,,https://www.transfermarkt.co.uk/jordan-garcia/profil/spieler/983609,MEX1,Club León FC,2500000.0,2500000.0,2024,Joan García,ESP-La Liga,2425,Espanyol,Joan García,ESP,GK,23,2001,38,38,3420,38.0,51,1.34,194,143,73.7,11,9,18,8,21.1,6,4,2,0,33.3,19.260780287474333,1925.0
668571,2024-09-27,125000,FC SILON Taborsko,28596,,Daniel,Kerl,Daniel Kerl,2025,197,daniel-kerl,,,Czech Republic,2001-01-14 00:00:00,Goalkeeper,Goalkeeper,right,197.0,,,https://img.a.transfermarkt.technology/portrait/header/default.jpg?lm=1,,,,https://www.transfermarkt.co.uk/daniel-kerl/profil/spieler/668571,TS1,AC Sparta Prague,200000.0,200000.0,2024,Daniel Peretz,,2425,Bayern Munich,Daniel Peretz,ISR,GK,24,2000,3,3,270,3.0,5,1.67,7,2,28.6,2,0,1,0,0.0,0,0,0,0,,23.701574264202602,0.0
725912,2024-09-27,5000000,SK Slavia Prague,62,TS1,Antonín,Kinský,Antonín Kinský,2025,148,antonin-kinsky,Czech Republic,Praha  ,Czech Republic,2003-03-13 00:00:00,Goalkeeper,Goalkeeper,right,190.0,2031-06-30 00:00:00,,https://img.a.transfermarkt.technology/portrait/header/725912-1766160431.jpg?lm=1,0.0,0.0,,https://www.transfermarkt.co.uk/antonin-kinsky/profil/spieler/725912,GB1,Tottenham Hotspur,15000000.0,15000000.0,2024,Antonín Kinský,ENG-Premier League,2425,Tottenham,Antonín Kinský,CZE,GK,21,2003,6,6,540,6.0,11,1.83,35,24,68.6,1,0,5,1,16.7,0,0,0,0,,21.544147843942504,2467.0
294843,2024-09-30,1500000,CA Unión (Santa Fe),7097,ARG1,Thiago,Cardozo,Thiago Cardozo,2025,2417,thiago-cardozo,Uruguay,Juan Lacaze  ,Uruguay,1996-07-31 00:00:00,Goalkeeper,Goalkeeper,right,182.0,2026-12-31 00:00:00,SBI Football,https://img.a.transfermarkt.technology/portrait/header/294843-1758833003.png?lm=1,2.0,0.0,,https://www.transfermarkt.co.uk/thiago-cardozo/profil/spieler/294843,ARG1,Club Atlético Belgrano,3200000.0,3200000.0,2024,Tiago Cardoso,,2425,Gladbach,Tiago Cardoso,LUX,GK,18,2006,5,4,380,4.2,3,0.71,23,20,87.0,2,1,1,2,50.0,0,0,0,0,,28.16700889801506,822.0
249994,2024-10-01,10000000,Wolverhampton Wanderers,543,GB1,José,Sá,José Sá,2025,543,jose-sa,Portugal,Braga  ,Portugal,1993-01-17 00:00:00,Goalkeeper,Goalkeeper,right,192.0,2027-06-30 00:00:00,Gestifute,https://img.a.transfermarkt.technology/portrait/header/249994-1696600015.jpg?lm=1,5.0,0.0,,https://www.transfermarkt.co.uk/jose-sa/profil/spieler/249994,GB1,Wolverhampton Wanderers,3500000.0,18000000.0,2024,José Sá,ENG-Premier League,2425,Wolves,José Sá,POR,GK,31,1993,29,29,2609,29.0,48,1.66,117,69,59.0,11,5,13,7,24.1,7,5,2,0,28.6,31.704312114989733,1002.0
427568,2024-10-01,22000000,Southampton FC,180,GB1,Aaron,Ramsdale,Aaron Ramsdale,2025,762,aaron-ramsdale,England,Stoke-on-Trent  ,England,1998-05-14 00:00:00,Goalkeeper,Goalkeeper,right,190.0,2028-06-30 00:00:00,World in Motion,https://img.a.transfermarkt.technology/portrait/header/427568-1681828000.jpg?lm=1,5.0,0.0,,https://www.transfermarkt.co.uk/aaron-ramsdale/profil/spieler/427568,GB1,Newcastle United,12000000.0,40000000.0,2024,Aaron Ramsdale,ENG-Premier League,2425,Southampton,Aaron Ramsdale,ENG,GK,26,1998,30,30,2700,30.0,66,2.2,189,123,65.1,2,5,23,3,10.0,7,5,2,0,28.6,26.38466803559206,1368.0
565093,2024-10-01,22000000,Brighton & Hove Albion,1237,GB1,Bart,Verbruggen,Bart Verbruggen,2025,1237,bart-verbruggen,Netherlands,Zwolle  ,Netherlands,2002-08-18 00:00:00,Goalkeeper,Goalkeeper,right,193.0,2028-06-30 00:00:00,Stirr Associates,https://img.a.transfermarkt.technology/portrait/header/565093-1716990260.jpg?lm=1,33.0,0.0,,https://www.transfermarkt.co.uk/bart-verbruggen/profil/spieler/565093,GB1,Brighton & Hove Albion,40000000.0,40000000.0,2024,Bart Verbruggen,ENG-Premier League,2425,Brighton,Bart Verbruggen,NED,GK,21,2002,36,36,3240,36.0,58,1.61,140,89,58.6,14,13,9,7,19.4,9,9,0,0,0.0,22.12183436002738,1368.0
290537,2024-10-02,6000000,Royal Antwerp FC,1096,BE1,Jean,Butez,Jean Butez,2025,1047,jean-butez,France,Lille  ,France,1995-06-08 00:00:00,Goalkeeper,Goalkeeper,right,189.0,2030-06-30 00:00:00,Gersh,https://img.a.transfermarkt.technology/portrait/header/290537-1704961364.jpg?lm=1,,,,https://www.transfermarkt.co.uk/jean-butez/profil/spieler/290537,IT1,Como 1907,8000000.0,8000000.0,2024,Jean Butez,ITA-Serie A,2425,Como,Jean Butez,FRA,GK,29,1995,19,18,1666,18.5,20,1.08,69,49,71.0,8,4,6,5,27.8,2,2,0,0,0.0,29.319644079397673,2097.0
60561,2024-10-07,2000000,Olympique Lyon,1041,FR1,Anthony,Lopes,Anthony Lopes,2025,995,anthony-lopes,France,Givors  ,Portugal,1990-10-01 00:00:00,Goalkeeper,Goalkeeper,left,184.0,2028-06-30 00:00:00,,https://img.a.transfermarkt.technology/portrait/header/60561-1640775949.jpg?lm=1,14.0,0.0,,https://www.transfermarkt.co.uk/anthony-lopes/profil/spieler/60561,FR1,FC Nantes,900000.0,25000000.0,2024,Anthony Lopes,FRA-Ligue 1,2425,Nantes,Anthony Lopes,POR,GK,33,1990,18,18,1563,17.4,26,1.5,73,47,64.4,5,6,7,3,16.7,5,4,0,1,0.0,34.01779603011636,1362.0
94192,2024-10-09,1000000,VfL Bochum,80,L1,Patrick,Drewes,Patrick Drewes,2025,16,patrick-drewes,Germany,Delmenhorst  ,Germany,1993-02-04 00:00:00,Goalkeeper,Goalkeeper,right,194.0,2027-06-30 00:00:00,,https://img.a.transfermarkt.technology/portrait/header/94192-1721851751.jpg?lm=1,,,,https://www.transfermarkt.co.uk/patrick-drewes/profil/spieler/94192,L1,Borussia Dortmund,300000.0,1000000.0,2024,Patrick Drewes,,2425,Bochum,Patrick Drewes,GER,GK,31,1993,21,21,1890,21.0,46,2.19,99,53,53.5,3,4,14,3,14.3,5,3,2,0,40.0,31.67693360711841,994.0
118161,2024-10-09,1500000,VfL Wolfsburg,82,L1,Marius,Müller,Marius Müller,2025,82,marius-muller,Germany,Heppenheim  ,Germany,1993-07-12 00:00:00,Goalkeeper,Goalkeeper,right,192.0,2027-06-30 00:00:00,Unique Sports Group,https://img.a.transfermarkt.technology/portrait/header/118161-1724771088.jpg?lm=1,0.0,0.0,,https://www.transfermarkt.co.uk/marius-muller/profil/spieler/118161,L1,VfL Wolfsburg,700000.0,2000000.0,2024,Marius Müller,,2425,Wolfsburg,Marius Müller,GER,GK,31,1993,6,5,475,5.3,5,0.95,23,18,78.3,2,3,0,1,20.0,0,0,0,0,,31.24435318275154,994.0
196813,2024-10-09,4000000,SV Werder Bremen,86,L1,Michael,Zetterer,Michael Zetterer,2025,86,michael-zetterer,Germany,München  ,Germany,1995-07-12 00:00:00,Goalkeeper,Goalkeeper,both,187.0,2029-06-30 00:00:00,Siebert & Backs,https://img.a.transfermarkt.technology/portrait/header/196813-1757598019.jpg?lm=1,1.0,0.0,,https://www.transfermarkt.co.uk/michael-zetterer/profil/spieler/196813,L1,SV Werder Bremen,4000000.0,4500000.0,2024,Michael Zetterer,,2425,Werder Bremen,Michael Zetterer,GER,GK,29,1995,34,34,3060,34.0,57,1.68,158,103,63.9,14,9,11,10,29.4,3,3,0,0,0.0,29.245722108145106,1725.0
248454,2024-10-09,2000000,FC St. Pauli,35,L1,Nikola,Vasilj,Nikola Vasilj,2025,35,nikola-vasilj,Bosnia-Herzegovina,Mostar  ,Bosnia-Herzegovina,1995-12-02 00:00:00,Goalkeeper,Goalkeeper,right,193.0,,,https://img.a.transfermarkt.technology/portrait/header/248454-1755032189.jpg?lm=1,30.0,0.0,,https://www.transfermarkt.co.uk/nikola-vasilj/profil/spieler/248454,L1,FC St. Pauli,4500000.0,4500000.0,2024,Nikola Vasilj,,2425,St Pauli,Nikola Vasilj,BIH,GK,28,1995,33,33,2969,33.0,39,1.18,132,93,70.5,8,7,18,9,27.3,5,1,4,0,80.0,28.854209445585216,0.0
251299,2024-10-09,3500000,FC Augsburg,167,L1,Finn,Dahmen,Finn Dahmen,2025,167,finn-dahmen,Germany,Wiesbaden  ,Germany,1998-03-27 00:00:00,Goalkeeper,Goalkeeper,right,186.0,2027-06-30 00:00:00,CN Sports,https://img.a.transfermarkt.technology/portrait/header/251299-1755200500.jpg?lm=1,0.0,0.0,,https://www.transfermarkt.co.uk/finn-dahmen/profil/spieler/251299,L1,FC Augsburg,12000000.0,12000000.0,2024,Finn Dahmen,,2425,Augsburg,Finn Dahmen,GER,GK,26,1998,19,19,1710,19.0,19,1.0,84,65,77.4,7,6,6,9,47.4,2,2,0,0,0.0,26.537987679671456,994.0
346551,2024-10-09,14000000,VfL Wolfsburg,82,L1,Kamil,Grabara,Kamil Grabara,2025,82,kamil-grabara,Poland,Ruda Śląska  ,Poland,1999-01-08 00:00:00,Goalkeeper,Goalkeeper,right,195.0,2028-06-30 00:00:00,BMG-SPORT,https://img.a.transfermarkt.technology/portrait/header/346551-1724770843.jpg?lm=1,6.0,0.0,,https://www.transfermarkt.co.uk/kamil-grabara/profil/spieler/346551,L1,VfL Wolfsburg,12000000.0,14000000.0,2024,Kamil Grabara,,2425,Wolfsburg,Kamil Grabara,POL,GK,25,1999,29,29,2585,28.7,49,1.71,137,89,64.2,9,7,13,5,17.2,3,2,1,0,33.3,25.752224503764545,1360.0
486046,2024-10-09,8000000,RB Leipzig,23826,L1,Maarten,Vandevoordt,Maarten Vandevoordt,2025,23826,maarten-vandevoordt,Belgium,Sint-Truiden  ,Belgium,2002-02-26 00:00:00,Goalkeeper,Goalkeeper,right,192.0,2030-06-30 00:00:00,THE·TEAM,https://img.a.transfermarkt.technology/portrait/header/486046-1724337345.jpg?lm=1,0.0,0.0,,https://www.transfermarkt.co.uk/maarten-vandevoordt/profil/spieler/486046,L1,RB Leipzig,15000000.0,15000000.0,2024,Maarten Vandevoordt,,2425,RB Leipzig,Maarten Vandevoordt,BEL,GK,22,2002,6,4,429,4.8,9,1.89,21,12,57.1,1,1,2,0,0.0,0,0,0,0,,22.61738535249829,2090.0
806948,2024-10-09,350000,1.FC Heidenheim 1846,2036,L1,Frank,Feller,Frank Feller,2025,2036,frank-feller,Germany,Leonberg  ,Germany,2004-01-07 00:00:00,Goalkeeper,Goalkeeper,right,183.0,2029-06-30 00:00:00,SoccerQ GmbH,https://img.a.transfermarkt.technology/portrait/header/806948-1690186659.jpg?lm=1,0.0,0.0,,https://www.transfermarkt.co.uk/frank-feller/profil/spieler/806948,L1,1. Fußballclub Heidenheim 1846,800000.0,800000.0,2024,Frank Feller,,2425,Heidenheim,Frank Feller,GER,GK,20,2004,2,1,121,1.3,0,0.0,2,2,100.0,1,0,0,2,200.0,0,0,0,0,,20.75564681724846,1725.0
997861,2024-10-09,2500000,Eintracht Frankfurt,24,L1,Kauã,Santos,Kauã Santos,2025,24,kaua-santos,Brazil,Vassouras  ,Brazil,2003-04-11 00:00:00,Goalkeeper,Goalkeeper,right,196.0,2030-06-30 00:00:00,,https://img.a.transfermarkt.technology/portrait/header/997861-1696509170.jpg?lm=1,2.0,0.0,,https://www.transfermarkt.co.uk/kaua-santos/profil/spieler/997861,L1,Eintracht Frankfurt,7000000.0,10000000.0,2024,Kauã Santos,,2425,Frankfurt,Kauã Santos,BRA,GK,21,2003,9,8,765,8.5,12,1.41,49,37,75.5,5,1,2,3,37.5,1,1,0,0,0.0,21.49760438056126,2090.0
186374,2024-10-10,2500000,Red Bull Salzburg,409,A1,Alexander,Schlager,Alexander Schlager,2025,409,alexander-schlager,Austria,Salzburg  ,Austria,1996-02-01 00:00:00,Goalkeeper,Goalkeeper,right,185.0,2029-06-30 00:00:00,ROOF,https://img.a.transfermarkt.technology/portrait/header/186374-1754994062.png?lm=1,30.0,0.0,,https://www.transfermarkt.co.uk/alexander-schlager/profil/spieler/186374,A1,Fußballclub Red Bull Salzburg,2000000.0,4500000.0,2024,Alexander Schwolow,,2425,Union Berlin,Alexander Schwolow,GER,GK,32,1992,6,6,540,6.0,13,2.17,28,15,53.6,2,0,4,0,0.0,1,1,0,0,0.0,28.689938398357288,1724.0
354198,2024-10-10,150000,WSG Tirol,2446,A1,Alexander,Eckmayr,Alexander Eckmayr,2025,2446,alexander-eckmayr,Germany,München  ,Austria,1999-07-06 00:00:00,Goalkeeper,Goalkeeper,right,186.0,,Centerfield,https://img.a.transfermarkt.technology/portrait/header/354198-1722351250.jpg?lm=1,,,,https://www.transfermarkt.co.uk/alexander-eckmayr/profil/spieler/354198,A1,WSG Tirol,150000.0,150000.0,2024,Alexander Meyer,,2425,Dortmund,Alexander Meyer,GER,GK,33,1991,2,2,180,2.0,4,2.0,11,7,63.6,1,0,1,0,0.0,0,0,0,0,,25.26488706365503,0.0
491542,2024-10-10,6000000,CD Cruz Azul,3711,MEX1,Kevin,Mier,Kevin Mier,2025,3711,kevin-mier,Colombia,Barrancabermeja  ,Colombia,2000-05-18 00:00:00,Goalkeeper,Goalkeeper,right,187.0,2029-06-30 00:00:00,Elite Player,https://img.a.transfermarkt.technology/portrait/header/491542-1693600544.JPG?lm=1,3.0,0.0,,https://www.transfermarkt.co.uk/kevin-mier/profil/spieler/491542,MEX1,CD Cruz Azul,6000000.0,8000000.0,2024,Kevin Müller,,2425,Heidenheim,Kevin Müller,GER,GK,33,1991,33,33,2939,32.7,64,1.96,170,106,62.4,7,5,21,8,24.2,6,6,0,0,0.0,24.396988364134156,1724.0
44058,2024-10-11,3000000,FC Barcelona,131,ES1,Wojciech,Szczesny,Wojciech Szczesny,2025,131,wojciech-szczesny,Poland,Warszawa  ,Poland,1990-04-18 00:00:00,Goalkeeper,Goalkeeper,right,195.0,2027-06-30 00:00:00,CAA Stellar,https://img.a.transfermarkt.technology/portrait/header/44058-1744278078.jpg?lm=1,84.0,0.0,,https://www.transfermarkt.co.uk/wojciech-szczesny/profil/spieler/44058,ES1,FC Barcelona,800000.0,40000000.0,2024,Wojciech Szczęsny,ESP-La Liga,2425,Barcelona,Wojciech Szczęsny,POL,GK,34,1990,15,15,1350,15.0,12,0.8,33,21,63.6,14,1,0,8,53.3,1,1,0,0,0.0,34.483230663928815,992.0
74857,2024-10-11,20000000,FC Barcelona,131,ES1,Marc-André,ter Stegen,Marc-André ter Stegen,2025,131,marc-andre-ter-stegen,Germany,Mönchengladbach  ,Germany,1992-04-30 00:00:00,Goalkeeper,Goalkeeper,right,187.0,2028-06-30 00:00:00,ROOF,https://img.a.transfermarkt.technology/portrait/header/74857-1674465246.jpg?lm=1,44.0,0.0,,https://www.transfermarkt.co.uk/marc-andre-ter-stegen/profil/spieler/74857,ES1,FC Barcelona,3000000.0,90000000.0,2024,Marc-André ter Stegen,ESP-La Liga,2425,Barcelona,Marc-André ter Stegen,GER,GK,32,1992,8,8,674,7.5,9,1.2,23,14,60.9,7,0,1,1,12.5,1,1,0,0,0.0,32.44900752908966,1358.0
108390,2024-10-11,25000000,Real Madrid,418,ES1,Thibaut,Courtois,Thibaut Courtois,2025,418,thibaut-courtois,Belgium,Bree  ,Belgium,1992-05-11 00:00:00,Goalkeeper,Goalkeeper,left,199.0,2027-06-30 00:00:00,RGM,https://img.a.transfermarkt.technology/portrait/header/108390-1717280733.jpg?lm=1,115.0,0.0,,https://www.transfermarkt.co.uk/thibaut-courtois/profil/spieler/108390,ES1,Real Madrid,15000000.0,75000000.0,2024,Thibaut Courtois,ESP-La Liga,2425,Real Madrid,Thibaut Courtois,BEL,GK,32,1992,30,30,2700,30.0,29,0.97,106,77,72.6,20,6,4,11,36.7,3,3,0,0,0.0,32.41889117043121,992.0
146227,2024-10-11,1000000,UD Las Palmas,472,ES1,Jasper,Cillessen,Jasper Cillessen,2025,467,jasper-cillessen,Netherlands,Nijmegen  ,Netherlands,1989-04-22 00:00:00,Goalkeeper,Goalkeeper,right,187.0,,SEG,https://img.a.transfermarkt.technology/portrait/header/146227-1764255346.png?lm=1,65.0,0.0,,https://www.transfermarkt.co.uk/jasper-cillessen/profil/spieler/146227,NL1,NEC Nijmegen,300000.0,20000000.0,2024,Jasper Cillessen,ESP-La Liga,2425,Las Palmas,Jasper Cillessen,NED,GK,35,1989,27,27,2335,25.9,42,1.62,130,88,67.7,6,8,13,3,11.1,8,4,3,1,42.9,35.4715947980835,0.0
286415,2024-10-11,7500000,Girona FC,12321,ES1,Pau,López,Pau López,2025,150,pau-lopez,Spain,Girona  ,Spain,1994-12-13 00:00:00,Goalkeeper,Goalkeeper,left,189.0,2028-06-30 00:00:00,Goal Management,https://img.a.transfermarkt.technology/portrait/header/286415-1762266591.jpg?lm=1,2.0,0.0,,https://www.transfermarkt.co.uk/pau-lopez/profil/spieler/286415,ES1,Real Betis Balompié,2500000.0,24000000.0,2024,Pau López,ESP-La Liga,2425,Girona,Pau López,ESP,GK,29,1994,1,0,45,0.5,2,4.0,3,1,33.3,0,0,0,0,,0,0,0,0,,29.828884325804243,1358.0
316884,2024-10-11,4000000,RCD Mallorca,237,ES1,Dominik,Greif,Dominik Greif,2025,1041,dominik-greif,Slovakia,Bratislava  ,Slovakia,1997-04-06 00:00:00,Goalkeeper,Goalkeeper,right,197.0,2029-06-30 00:00:00,Stars & Friends,https://img.a.transfermarkt.technology/portrait/header/316884-1773950159.jpg?lm=1,5.0,0.0,,https://www.transfermarkt.co.uk/dominik-greif/profil/spieler/316884,FR1,Olympique Lyon,9000000.0,9000000.0,2024,Dominik Greif,ESP-La Liga,2425,Mallorca,Dominik Greif,SVK,GK,27,1997,31,31,2790,31.0,34,1.1,119,85,71.4,11,8,12,7,22.6,2,2,0,0,0.0,27.515400410677618,1723.0
341713,2024-10-11,5000000,Villarreal CF,1050,ES1,Diego,Conde,Diego Conde,2025,1050,diego-conde,Spain,Madrid  ,Spain,1998-10-28 00:00:00,Goalkeeper,Goalkeeper,right,188.0,2029-06-30 00:00:00,Manuel García Quilón,https://img.a.transfermarkt.technology/portrait/header/341713-1669364743.jpg?lm=1,,,,https://www.transfermarkt.co.uk/diego-conde/profil/spieler/341713,ES1,Villarreal CF,3000000.0,10000000.0,2024,Diego Conde,ESP-La Liga,2425,Villarreal,Diego Conde,ESP,GK,25,1998,22,22,1962,21.8,33,1.51,96,63,65.6,11,6,5,2,9.1,4,3,0,1,0.0,25.95482546201232,1723.0
493513,2024-10-11,3000000,Real Valladolid CF,366,ES1,Karl,Hein,Karl Hein,2025,86,karl-hein,Estonia,Põlva  ,Estonia,2002-04-13 00:00:00,Goalkeeper,Goalkeeper,right,193.0,,THE·TEAM,https://img.a.transfermarkt.technology/portrait/header/493513-1758702558.jpg?lm=1,47.0,0.0,,https://www.transfermarkt.co.uk/karl-hein/profil/spieler/493513,L1,SV Werder Bremen,3000000.0,3000000.0,2024,Karl Jakob Hein,ESP-La Liga,2425,Valladolid,Karl Jakob Hein,EST,GK,22,2002,31,31,2790,31.0,68,2.19,164,96,58.5,4,4,23,5,16.1,4,4,0,0,0.0,22.496919917864478,0.0
561613,2024-10-11,10000000,RCD Espanyol Barcelona,714,ES1,Joan,García,Joan García,2025,131,joan-garcia,Spain,Sallent de Llobregat  ,Spain,2001-05-04 00:00:00,Goalkeeper,Goalkeeper,right,194.0,2031-06-30 00:00:00,,https://img.a.transfermarkt.technology/portrait/header/561613-1747386081.jpg?lm=1,2.0,0.0,,https://www.transfermarkt.co.uk/joan-garcia/profil/spieler/561613,ES1,FC Barcelona,45000000.0,45000000.0,2024,Joan García,ESP-La Liga,2425,Espanyol,Joan García,ESP,GK,23,2001,38,38,3420,38.0,51,1.34,194,143,73.7,11,9,18,8,21.1,6,4,2,0,33.3,23.43874058863792,2453.0
625014,2024-10-11,10000000,Athletic Bilbao,621,ES1,Julen,Agirrezabala,Julen Agirrezabala,2025,1049,julen-agirrezabala,Spain,Donostia-San Sebastián  ,Spain,2000-12-26 00:00:00,Goalkeeper,Goalkeeper,left,187.0,2027-06-30 00:00:00,Gersh,https://img.a.transfermarkt.technology/portrait/header/625014-1709674945.png?lm=1,8.0,0.0,,https://www.transfermarkt.co.uk/julen-agirrezabala/profil/spieler/625014,ES1,Valencia CF,9000000.0,15000000.0,2024,Julen Agirrezabala,ESP-La Liga,2425,Athletic Club,Julen Agirrezabala,ESP,GK,23,2000,14,14,1206,13.4,10,0.75,34,24,70.6,9,4,1,5,35.7,2,1,1,0,50.0,23.79192334017796,992.0
834483,2024-10-11,2000000,Athletic Bilbao,621,ES1,Álex,Padilla,Álex Padilla,2025,621,alex-padilla,Spain,Zarautz  ,Mexico,2003-09-01 00:00:00,Goalkeeper,Goalkeeper,right,190.0,2029-06-30 00:00:00,THE·TEAM,https://img.a.transfermarkt.technology/portrait/header/834483-1709676711.png?lm=1,3.0,0.0,,https://www.transfermarkt.co.uk/alex-padilla/profil/spieler/834483,ES1,Athletic Bilbao,3000000.0,3000000.0,2024,Alex Padilla,ESP-La Liga,2425,Athletic Club,Alex Padilla,ESP,GK,20,2003,5,3,321,3.6,6,1.68,18,12,66.7,0,1,2,0,0.0,1,1,0,0,0.0,21.111567419575632,1723.0
85528,2024-10-15,750000,UC Sampdoria,1038,IT1,Marco,Silvestri,Marco Silvestri,2025,2239,marco-silvestri,Italy,Castelnovo ne' Monti  ,Italy,1991-03-02 00:00:00,Goalkeeper,Goalkeeper,right,191.0,,Team Raiola,https://img.a.transfermarkt.technology/portrait/header/85528-1663664993.jpg?lm=1,0.0,0.0,,https://www.transfermarkt.co.uk/marco-silvestri/profil/spieler/85528,IT1,US Cremonese,500000.0,10000000.0,2024,Marco Silvestri,ITA-Serie A,2425,Empoli,Marco Silvestri,ITA,GK,33,1991,5,5,450,5.0,11,2.2,27,16,59.3,0,1,4,0,0.0,0,0,0,0,,33.62354551676933,0.0
59377,2024-10-18,5000000,ACF Fiorentina,430,IT1,David,de Gea,David de Gea,2025,430,david-de-gea,Spain,Madrid  ,Spain,1990-11-07 00:00:00,Goalkeeper,Goalkeeper,right,192.0,2028-06-30 00:00:00,,https://img.a.transfermarkt.technology/portrait/header/59377-1667548362.jpg?lm=1,45.0,0.0,,https://www.transfermarkt.co.uk/david-de-gea/profil/spieler/59377,IT1,ACF Fiorentina,3500000.0,70000000.0,2024,David de Gea,ITA-Serie A,2425,Fiorentina,David de Gea,ESP,GK,33,1990,35,35,3150,35.0,38,1.09,134,96,71.6,19,5,11,11,31.4,3,1,2,0,66.7,33.946611909650926,1351.0
303657,2024-10-18,1500000,Inter Milan,46,IT1,Ionuț,Radu,Ionuț Radu,2025,940,ionut-radu,Romania,Bucharest  ,Romania,1997-05-28 00:00:00,Goalkeeper,Goalkeeper,right,188.0,2029-06-30 00:00:00,,https://img.a.transfermarkt.technology/portrait/header/303657-1699432718.jpg?lm=1,9.0,0.0,,https://www.transfermarkt.co.uk/ionut-radu/profil/spieler/303657,ES1,Celta de Vigo,9000000.0,15000000.0,2024,Ionuț Radu,ITA-Serie A,2425,Venezia,Ionuț Radu,ROU,GK,27,1997,15,15,1350,15.0,18,1.2,63,47,71.4,2,7,6,4,26.7,3,3,0,0,0.0,27.392197125256672,1716.0
338670,2024-10-18,14000000,AS Roma,12,IT1,Mile,Svilar,Mile Svilar,2025,12,mile-svilar,Belgium,Antwerpen  ,Serbia,1999-08-27 00:00:00,Goalkeeper,Goalkeeper,right,189.0,2030-06-30 00:00:00,Universal Twenty Two,https://img.a.transfermarkt.technology/portrait/header/338670-1725532174.jpg?lm=1,1.0,0.0,,https://www.transfermarkt.co.uk/mile-svilar/profil/spieler/338670,IT1,Associazione Sportiva Roma,35000000.0,35000000.0,2024,Mile Svilar,ITA-Serie A,2425,Roma,Mile Svilar,SRB,GK,24,1999,38,38,3420,38.0,35,0.92,153,118,77.1,20,9,9,16,42.1,4,4,0,0,0.0,25.144421629021217,2081.0
340353,2024-10-18,7500000,Udinese Calcio,410,IT1,Maduka,Okoye,Maduka Okoye,2025,410,maduka-okoye,Germany,Düsseldorf  ,Nigeria,1999-08-28 00:00:00,Goalkeeper,Goalkeeper,right,198.0,2028-06-30 00:00:00,THE·TEAM,https://img.a.transfermarkt.technology/portrait/header/340353-1729542646.jpg?lm=1,21.0,0.0,,https://www.transfermarkt.co.uk/maduka-okoye/profil/spieler/340353,IT1,Udinese Calcio,10000000.0,10000000.0,2024,Maduka Okoye,ITA-Serie A,2425,Udinese,Maduka Okoye,NGA,GK,24,1999,25,25,2250,25.0,40,1.6,113,73,64.6,6,4,15,4,16.0,5,4,0,1,0.0,25.141683778234086,1351.0
388516,2024-10-18,12000000,Inter Milan,46,IT1,Josep,Martínez,Josep Martínez,2025,46,josep-martinez,Spain,Alzira  ,Spain,1998-05-27 00:00:00,Goalkeeper,Goalkeeper,right,191.0,2029-06-30 00:00:00,,https://img.a.transfermarkt.technology/portrait/header/388516-1686153132.jpg?lm=1,1.0,0.0,,https://www.transfermarkt.co.uk/josep-martinez/profil/spieler/388516,IT1,Inter Milan,10000000.0,12000000.0,2024,Josep Martinez,ITA-Serie A,2425,Inter,Josep Martinez,ESP,GK,26,1998,5,5,450,5.0,3,0.6,15,12,80.0,4,1,0,3,60.0,0,0,0,0,,26.39561943874059,1716.0
432298,2024-10-18,7000000,Parma Calcio 1913,130,IT1,Zion,Suzuki,Zion Suzuki,2025,130,zion-suzuki,United States,"Newark, New Jersey  ",Japan,2002-08-21 00:00:00,Goalkeeper,Goalkeeper,right,190.0,2029-06-30 00:00:00,,https://img.a.transfermarkt.technology/portrait/header/432298-1780323348.jpg?lm=1,28.0,0.0,,https://www.transfermarkt.co.uk/zion-suzuki/profil/spieler/432298,IT1,Parma Calcio 1913,20000000.0,20000000.0,2024,Zion Suzuki,ITA-Serie A,2425,Parma,Zion Suzuki,JPN,GK,21,2002,36,36,3240,36.8,53,1.47,148,95,64.2,7,15,14,7,19.4,5,5,0,0,0.0,22.16016427104723,1716.0
495722,2024-10-18,2500000,FC Empoli,749,IT1,Devis,Vásquez,Devis Vásquez,2025,12,devis-vasquez,Colombia,Barranquilla  ,Colombia,1998-05-12 00:00:00,Goalkeeper,Goalkeeper,right,195.0,2027-06-30 00:00:00,,https://img.a.transfermarkt.technology/portrait/header/495722-1770806559.jpg?lm=1,0.0,0.0,,https://www.transfermarkt.co.uk/devis-vasquez/profil/spieler/495722,IT1,Associazione Sportiva Roma,1500000.0,4000000.0,2024,Devis Vásquez,ITA-Serie A,2425,Empoli,Devis Vásquez,COL,GK,26,1998,32,32,2880,32.0,45,1.41,127,82,64.6,6,12,14,6,18.8,2,1,1,0,50.0,26.43668720054757,985.0
537171,2024-10-18,800000,AC Monza,2919,IT1,Semuel,Pizzignacco,Semuel Pizzignacco,2024,2919,semuel-pizzignacco,Italy,Monfalcone  ,Italy,2001-09-01 00:00:00,Goalkeeper,Goalkeeper,right,188.0,2027-06-30 00:00:00,Epic Sports Italy,https://img.a.transfermarkt.technology/portrait/header/537171-1725530533.jpg?lm=1,0.0,0.0,,https://www.transfermarkt.co.uk/semuel-pizzignacco/profil/spieler/537171,IT1,AC Monza,750000.0,800000.0,2024,Semuel Pizzignacco,ITA-Serie A,2425,Monza,Semuel Pizzignacco,ITA,GK,22,2001,9,8,736,8.2,17,2.08,40,23,57.5,1,2,5,1,12.5,0,0,0,0,,23.129363449691994,985.0
217130,2024-11-07,150000,Alianza Atlético Sullana,17479,,Daniel,Prieto,Daniel Prieto,2025,17479,daniel-prieto,Peru,Lima  ,Peru,1995-09-19 00:00:00,Goalkeeper,Goalkeeper,right,191.0,2026-12-31 00:00:00,TCW Partners,https://img.a.transfermarkt.technology/portrait/header/217130-1617643824.jpg?lm=1,0.0,0.0,3584.0,https://www.transfermarkt.co.uk/daniel-prieto/profil/spieler/217130,,,150000.0,200000.0,2024,Daniel Peretz,,2425,Bayern Munich,Daniel Peretz,ISR,GK,24,2000,3,3,270,3.0,5,1.67,7,2,28.6,2,0,1,0,0.0,0,0,0,0,,29.136208076659823,784.0
820227,2024-12-02,100000,Tlaxcala FC,42781,,Ricardo,Rodríguez,Ricardo Rodríguez,2025,82696,ricardo-rodriguez,Mexico,Valle de Santiago  ,Mexico,2001-03-15 00:00:00,Goalkeeper,Goalkeeper,,178.0,,GLSM,https://img.a.transfermarkt.technology/portrait/header/820227-1670612731.jpg?lm=1,,,,https://www.transfermarkt.co.uk/ricardo-rodriguez/profil/spieler/820227,MEX1,Mazatlán FC,1000000.0,1000000.0,2024,Adrian Rodriguez,ESP-La Liga,2425,Alavés,Adrian Rodriguez,ESP,GK,23,2000,2,1,122,1.4,2,1.48,6,4,66.7,0,1,0,1,100.0,1,1,0,0,0.0,23.718001368925393,0.0
124901,2024-12-04,200000,FC Lorient,1158,FR1,Benjamin,Leroy,Benjamin Leroy,2025,1158,benjamin-leroy,France,Cucq  ,France,1989-04-07 00:00:00,Goalkeeper,Goalkeeper,right,184.0,2027-06-30 00:00:00,Gersh,https://img.a.transfermarkt.technology/portrait/header/124901-1525692013.jpg?lm=1,,,,https://www.transfermarkt.co.uk/benjamin-leroy/profil/spieler/124901,FR1,FC Lorient,100000.0,1250000.0,2024,Benjamin Lecomte,FRA-Ligue 1,2425,Montpellier,Benjamin Lecomte,FRA,GK,33,1991,30,30,2700,30.0,68,2.27,176,108,61.4,3,4,23,1,3.3,7,6,1,0,14.3,35.66050650239562,938.0
140811,2024-12-09,800000,Fortaleza Esporte Clube,10870,BRA1,,Santos,Santos,2025,679,santos,Brazil,Campina Grande  ,Brazil,1990-03-17 00:00:00,Goalkeeper,Goalkeeper,right,188.0,2026-12-31 00:00:00,Lipatin Sports,https://img.a.transfermarkt.technology/portrait/header/140811-1554731294.jpg?lm=1,0.0,0.0,,https://www.transfermarkt.co.uk/santos/profil/spieler/140811,BRA1,Clube Atlético Paranaense,400000.0,3500000.0,2024,Kauã Santos,,2425,Frankfurt,Kauã Santos,BRA,GK,21,2003,9,8,765,8.5,12,1.41,49,37,75.5,5,1,2,3,37.5,1,1,0,0,0.0,34.732375085557834,752.0
417084,2024-12-09,1300000,Clube de Regatas Vasco da Gama,978,BRA1,,Keiller,Keiller,2025,776,keiller,Brazil,Eldorado do Sul  ,Brazil,1996-10-29 00:00:00,Goalkeeper,Goalkeeper,right,193.0,2026-12-30 00:00:00,,https://img.a.transfermarkt.technology/portrait/header/417084-1748479165.jpg?lm=1,0.0,0.0,,https://www.transfermarkt.co.uk/keiller/profil/spieler/417084,BRA1,Coritiba Foot Ball Club,500000.0,1500000.0,2024,Kevin Müller,,2425,Heidenheim,Kevin Müller,GER,GK,33,1991,33,33,2939,32.7,64,1.96,170,106,62.4,7,5,21,8,24.2,6,6,0,0,0.0,28.112251882272417,751.0
802715,2024-12-09,25000,FC Fredericia,5776,DK1,Mads,Eriksen,Mads Eriksen,2025,5776,mads-eriksen,,,Denmark,2003-10-30 00:00:00,Goalkeeper,Goalkeeper,right,198.0,,Bak Agency,https://img.a.transfermarkt.technology/portrait/header/default.jpg?lm=1,,,,https://www.transfermarkt.co.uk/mads-eriksen/profil/spieler/802715,DK1,FC Fredericia,25000.0,25000.0,2024,Mads Hermansen,ENG-Premier League,2425,Leicester City,Mads Hermansen,DEN,GK,24,2000,27,27,2385,26.5,58,2.19,160,102,63.8,3,6,18,1,3.7,4,3,1,0,25.0,21.111567419575632,0.0
23951,2024-12-10,700000,Stade Rennais FC,273,FR1,Steve,Mandanda,Steve Mandanda,2024,273,steve-mandanda,Zaire,Kinshasa  ,France,1985-03-28 00:00:00,Goalkeeper,Goalkeeper,right,187.0,,,https://img.a.transfermarkt.technology/portrait/header/23951-1666698933.jpg?lm=1,35.0,0.0,,https://www.transfermarkt.co.uk/steve-mandanda/profil/spieler/23951,FR1,Stade Rennais FC,500000.0,17000000.0,2024,Steve Mandanda,FRA-Ligue 1,2425,Rennes,Steve Mandanda,FRA,GK,39,1985,18,17,1486,16.5,24,1.45,53,29,54.7,6,2,9,6,35.3,3,2,1,0,33.3,39.70431211498973,0.0
60543,2024-12-10,200000,Le Havre AC,738,FR1,Mathieu,Gorgelin,Mathieu Gorgelin,2025,826,mathieu-gorgelin,France,Ambérieu-en-Bugey  ,France,1990-08-05 00:00:00,Goalkeeper,Goalkeeper,left,187.0,,,https://img.a.transfermarkt.technology/portrait/header/60543-1704795204.jpg?lm=1,1.0,0.0,,https://www.transfermarkt.co.uk/mathieu-gorgelin/profil/spieler/60543,FR1,RC Lens,200000.0,1000000.0,2024,Mathieu Gorgelin,FRA-Ligue 1,2425,Le Havre,Mathieu Gorgelin,FRA,GK,33,1990,16,16,1440,16.0,33,2.06,83,50,60.2,5,4,7,1,6.3,3,3,0,0,0.0,34.34907597535934,0.0
60561,2024-12-10,1500000,Olympique Lyon,1041,FR1,Anthony,Lopes,Anthony Lopes,2025,995,anthony-lopes,France,Givors  ,Portugal,1990-10-01 00:00:00,Goalkeeper,Goalkeeper,left,184.0,2028-06-30 00:00:00,,https://img.a.transfermarkt.technology/portrait/header/60561-1640775949.jpg?lm=1,14.0,0.0,,https://www.transfermarkt.co.uk/anthony-lopes/profil/spieler/60561,FR1,FC Nantes,900000.0,25000000.0,2024,Anthony Lopes,FRA-Ligue 1,2425,Nantes,Anthony Lopes,POR,GK,33,1990,18,18,1563,17.4,26,1.5,73,47,64.4,5,6,7,3,16.7,5,4,0,1,0.0,34.19301848049281,1298.0
73396,2024-12-10,600000,Atlético Nacional,8172,COL1,David,Ospina,David Ospina,2025,8172,david-ospina,Colombia,Medellín  ,Colombia,1988-08-31 00:00:00,Goalkeeper,Goalkeeper,right,183.0,2026-06-30 00:00:00,Alinea,https://img.a.transfermarkt.technology/portrait/header/73396-1722444561.JPG?lm=1,131.0,0.0,3816.0,https://www.transfermarkt.co.uk/david-ospina/profil/spieler/73396,COL1,Atlético Nacional,100000.0,8000000.0,2024,David Soria,ESP-La Liga,2425,Getafe,David Soria,ESP,GK,31,1993,38,38,3420,38.0,39,1.03,128,89,69.5,11,9,18,9,23.7,9,8,1,0,11.1,36.276522929500345,567.0
112822,2024-12-10,400000,RC Strasbourg Alsace,667,FR1,Karl-Johan,Johnsson,Karl-Johan Johnsson,2025,667,karl-johan-johnsson,Sweden,Ränneslöv  ,Sweden,1990-01-28 00:00:00,Goalkeeper,Goalkeeper,right,188.0,,,https://img.a.transfermarkt.technology/portrait/header/112822-1732486706.png?lm=1,9.0,0.0,,https://www.transfermarkt.co.uk/karl-johan-johnsson/profil/spieler/112822,FR1,RC Strasbourg Alsace,200000.0,2500000.0,2024,Karl-Johan Johnsson,FRA-Ligue 1,2425,Strasbourg,Karl-Johan Johnsson,SWE,GK,34,1990,3,3,270,3.0,6,2.0,22,16,72.7,1,1,1,0,0.0,1,1,0,0,0.0,34.86652977412731,0.0
124884,2024-12-10,3500000,Stade Brestois 29,3911,FR1,Marco,Bizot,Marco Bizot,2025,405,marco-bizot,Netherlands,Hoorn  ,Netherlands,1991-03-10 00:00:00,Goalkeeper,Goalkeeper,right,193.0,2027-06-30 00:00:00,Key United,https://img.a.transfermarkt.technology/portrait/header/124884-1707302509.jpg?lm=1,1.0,0.0,,https://www.transfermarkt.co.uk/marco-bizot/profil/spieler/124884,GB1,Aston Villa,1500000.0,7000000.0,2024,Marco Bizot,FRA-Ligue 1,2425,Brest,Marco Bizot,NED,GK,33,1991,32,32,2880,32.0,54,1.69,130,76,58.5,14,5,13,10,31.3,10,8,1,1,11.1,33.75496235455168,932.0
127181,2024-12-10,3000000,Montpellier HSC,969,FR1,Benjamin,Lecomte,Benjamin Lecomte,2025,931,benjamin-lecomte,France,Paris  ,France,1991-04-26 00:00:00,Goalkeeper,Goalkeeper,left,186.0,2027-06-30 00:00:00,YSI Football,https://img.a.transfermarkt.technology/portrait/header/127181-1702663657.JPG?lm=1,0.0,0.0,,https://www.transfermarkt.co.uk/benjamin-lecomte/profil/spieler/127181,GB1,Fulham FC,800000.0,17000000.0,2024,Benjamin Lecomte,FRA-Ligue 1,2425,Montpellier,Benjamin Lecomte,FRA,GK,33,1991,30,30,2700,30.0,68,2.27,176,108,61.4,3,4,23,1,3.3,7,6,1,0,14.3,33.62628336755647,932.0
170911,2024-12-10,500000,AJ Auxerre,290,FR1,Donovan,Léon,Donovan Léon,2025,290,donovan-leon,French Guiana,Cayenne  ,French Guiana,1992-11-03 00:00:00,Goalkeeper,Goalkeeper,right,187.0,2027-06-30 00:00:00,Trust 360,https://img.a.transfermarkt.technology/portrait/header/170911-1593969267.jpg?lm=1,37.0,0.0,,https://www.transfermarkt.co.uk/donovan-leon/profil/spieler/170911,FR1,AJ Auxerre,800000.0,1200000.0,2024,Donovan Léon,FRA-Ligue 1,2425,Auxerre,Donovan Léon,GUF,GK,31,1992,32,32,2880,32.0,48,1.5,169,121,71.6,11,8,13,9,28.1,6,5,1,0,16.7,32.101300479123886,932.0
190280,2024-12-10,800000,FC Nantes,995,FR1,Patrik,Carlgren,Patrik Carlgren,2025,995,patrik-carlgren,Sweden,Falun  ,Sweden,1992-01-08 00:00:00,Goalkeeper,Goalkeeper,right,189.0,,,https://img.a.transfermarkt.technology/portrait/header/190280-1726237403.jpg?lm=1,1.0,0.0,,https://www.transfermarkt.co.uk/patrik-carlgren/profil/spieler/190280,FR1,FC Nantes,400000.0,1200000.0,2024,Patrik Carlgren,FRA-Ligue 1,2425,Nantes,Patrik Carlgren,SWE,GK,32,1992,5,4,417,4.6,7,1.51,28,21,75.0,1,2,1,1,25.0,0,0,0,0,,32.92265571526352,0.0
191056,2024-12-10,15000000,RC Lens,826,FR1,Brice,Samba,Brice Samba,2025,273,brice-samba,Congo,Linzolo  ,France,1994-04-25 00:00:00,Goalkeeper,Goalkeeper,left,187.0,2029-06-30 00:00:00,Sport Cover,https://img.a.transfermarkt.technology/portrait/header/191056-1602242038.jpg?lm=1,4.0,0.0,,https://www.transfermarkt.co.uk/brice-samba/profil/spieler/191056,FR1,Stade Rennais FC,7000000.0,15000000.0,2024,Brice Samba,FRA-Ligue 1,2425,Lens,Brice Samba,FRA,GK,30,1994,15,15,1350,15.0,14,0.93,54,40,74.1,6,6,3,7,46.7,4,4,0,0,0.0,30.628336755646817,1663.0
191056,2024-12-10,15000000,RC Lens,826,FR1,Brice,Samba,Brice Samba,2025,273,brice-samba,Congo,Linzolo  ,France,1994-04-25 00:00:00,Goalkeeper,Goalkeeper,left,187.0,2029-06-30 00:00:00,Sport Cover,https://img.a.transfermarkt.technology/portrait/header/191056-1602242038.jpg?lm=1,4.0,0.0,,https://www.transfermarkt.co.uk/brice-samba/profil/spieler/191056,FR1,Stade Rennais FC,7000000.0,15000000.0,2024,Brice Samba,FRA-Ligue 1,2425,Rennes,Brice Samba,FRA,GK,30,1994,17,17,1529,17.0,27,1.59,85,58,68.2,7,0,10,5,29.4,3,1,2,0,66.7,30.628336755646817,1663.0
193256,2024-12-10,1000000,Stade Rennais FC,273,FR1,Gauthier,Gallon,Gauthier Gallon,2025,9010,gauthier-gallon,France,Nice  ,France,1993-04-23 00:00:00,Goalkeeper,Goalkeeper,right,186.0,,Kemari,https://img.a.transfermarkt.technology/portrait/header/193256-1583139111.jpg?lm=1,,,,https://www.transfermarkt.co.uk/gauthier-gallon/profil/spieler/193256,BE1,FCV Dender EH,600000.0,2500000.0,2024,Gauthier Gallon,FRA-Ligue 1,2425,Rennes,Gauthier Gallon,FRA,GK,31,1993,1,0,45,0.5,0,0.0,0,0,,0,0,0,0,,0,0,0,0,,31.633127994524298,0.0
229604,2024-12-10,5000000,Olympique Marseille,244,FR1,Gerónimo,Rulli,Gerónimo Rulli,2025,244,geronimo-rulli,Argentina,La Plata  ,Argentina,1992-05-20 00:00:00,Goalkeeper,Goalkeeper,right,189.0,2027-06-30 00:00:00,KMB,https://img.a.transfermarkt.technology/portrait/header/229604-1698670758.jpg?lm=1,8.0,0.0,,https://www.transfermarkt.co.uk/geronimo-rulli/profil/spieler/229604,FR1,Olympique Marseille,6000000.0,14000000.0,2024,Gerónimo Rulli,FRA-Ligue 1,2425,Marseille,Gerónimo Rulli,ARG,GK,32,1992,34,34,3060,34.0,47,1.38,136,89,65.4,20,5,9,5,14.7,6,3,3,0,50.0,32.558521560574945,932.0
251322,2024-12-10,4000000,AS Monaco,162,FR1,Philipp,Köhn,Philipp Köhn,2025,162,philipp-kohn,Germany,Dinslaken  ,Switzerland,1998-04-02 00:00:00,Goalkeeper,Goalkeeper,right,190.0,2028-06-30 00:00:00,,https://img.a.transfermarkt.technology/portrait/header/251322-1661531623.png?lm=1,0.0,0.0,,https://www.transfermarkt.co.uk/philipp-kohn/profil/spieler/251322,FR1,AS Monaco,3500000.0,8000000.0,2024,Philipp Köhn,FRA-Ligue 1,2425,Monaco,Philipp Köhn,SUI,GK,26,1998,19,19,1710,19.0,19,1.0,64,45,70.3,11,5,3,8,42.1,1,1,0,0,0.0,26.691307323750856,1298.0
282028,2024-12-10,1500000,Olympique Lyon,1041,FR1,Rémy,Descamps,Rémy Descamps,2025,1041,remy-descamps,France,Marcq-en-Barœul  ,France,1996-06-25 00:00:00,Goalkeeper,Goalkeeper,both,196.0,2029-06-30 00:00:00,BESTWAY SOCCER,https://img.a.transfermarkt.technology/portrait/header/282028-1608790532.jpg?lm=1,0.0,0.0,,https://www.transfermarkt.co.uk/remy-descamps/profil/spieler/282028,FR1,Olympique Lyon,1500000.0,2000000.0,2024,Rémy Descamps,FRA-Ligue 1,2425,Lyon,Rémy Descamps,FRA,GK,28,1996,1,1,90,1.0,2,2.0,6,4,66.7,0,0,1,0,0.0,0,0,0,0,,28.459958932238195,1663.0
315858,2024-12-10,35000000,Paris Saint-Germain,583,FR1,Gianluigi,Donnarumma,Gianluigi Donnarumma,2025,281,gianluigi-donnarumma,Italy,Castellammare di Stabia  ,Italy,1999-02-25 00:00:00,Goalkeeper,Goalkeeper,right,196.0,2030-06-30 00:00:00,Team Raiola,https://img.a.transfermarkt.technology/portrait/header/315858-1761076746.jpg?lm=1,83.0,0.0,,https://www.transfermarkt.co.uk/gianluigi-donnarumma/profil/spieler/315858,GB1,Manchester City,45000000.0,65000000.0,2024,Gianluigi Donnarumma,FRA-Ligue 1,2425,Paris SG,Gianluigi Donnarumma,ITA,GK,25,1999,24,24,2091,23.2,25,1.08,75,50,66.7,18,5,1,4,16.7,1,1,0,0,0.0,25.790554414784395,2028.0
318470,2024-12-10,22000000,Paris Saint-Germain,583,FR1,Matvey,Safonov,Matvey Safonov,2025,583,matvey-safonov,Russia,Krasnodar  ,Russia,1999-02-25 00:00:00,Goalkeeper,Goalkeeper,right,192.0,2029-06-30 00:00:00,BUILD-UP,https://img.a.transfermarkt.technology/portrait/header/318470-1732658603.jpg?lm=1,18.0,0.0,,https://www.transfermarkt.co.uk/matvey-safonov/profil/spieler/318470,FR1,Paris Saint-Germain,30000000.0,30000000.0,2024,Matvei Safonov,FRA-Ligue 1,2425,Paris SG,Matvei Safonov,RUS,GK,25,1999,10,9,879,9.8,9,0.92,26,17,65.4,7,1,1,3,33.3,2,2,0,0,0.0,25.790554414784395,1663.0
325097,2024-12-10,200000,Atlético Bucaramanga,6495,COL1,Luis,Vásquez,Luis Vásquez,2025,6495,luis-vasquez,Colombia,Florida  ,Colombia,1996-03-01 00:00:00,Goalkeeper,Goalkeeper,right,187.0,2026-12-31 00:00:00,Elifootball,https://img.a.transfermarkt.technology/portrait/header/325097-1678592809.jpg?lm=1,2.0,0.0,,https://www.transfermarkt.co.uk/luis-vasquez/profil/spieler/325097,COL1,Atlético Bucaramanga,100000.0,500000.0,2024,Devis Vásquez,ITA-Serie A,2425,Empoli,Devis Vásquez,COL,GK,26,1998,32,32,2880,32.0,45,1.41,127,82,64.6,6,12,14,6,18.8,2,1,1,0,50.0,28.777549623545518,751.0
346546,2024-12-10,7000000,AS Monaco,162,FR1,Radoslaw,Majecki,Radoslaw Majecki,2025,3911,radoslaw-majecki,Poland,Starachowice  ,Poland,1999-11-16 00:00:00,Goalkeeper,Goalkeeper,right,193.0,2028-06-30 00:00:00,ROOF,https://img.a.transfermarkt.technology/portrait/header/346546-1672484869.jpg?lm=1,1.0,0.0,,https://www.transfermarkt.co.uk/radoslaw-majecki/profil/spieler/346546,FR1,Stade Brestois 29,2500000.0,7000000.0,2024,Radosław Majecki,FRA-Ligue 1,2425,Monaco,Radosław Majecki,POL,GK,24,1999,15,15,1350,15.0,22,1.47,65,43,66.2,7,2,6,3,20.0,2,2,0,0,0.0,25.06776180698152,1298.0
352041,2024-12-10,8000000,Olympique Lyon,1041,FR1,Lucas,Perri,Lucas Perri,2025,399,lucas-perri,Brazil,Valinhos  ,Brazil,1997-12-10 00:00:00,Goalkeeper,Goalkeeper,right,197.0,2029-06-30 00:00:00,LEFT Sports,https://img.a.transfermarkt.technology/portrait/header/352041-1733188777.jpg?lm=1,0.0,0.0,,https://www.transfermarkt.co.uk/lucas-perri/profil/spieler/352041,GB1,Leeds United,10000000.0,16000000.0,2024,Lucas Perri,FRA-Ligue 1,2425,Lyon,Lucas Perri,BRA,GK,26,1997,33,33,2970,33.0,44,1.33,160,116,72.5,17,6,10,10,30.3,3,3,0,0,0.0,27.000684462696782,1663.0
357047,2024-12-10,3500000,AS Saint-Étienne,618,FR1,Gautier,Larsonneur,Gautier Larsonneur,2024,618,gautier-larsonneur,France,Saint-Renan  ,France,1997-02-23 00:00:00,Goalkeeper,Goalkeeper,right,181.0,2028-06-30 00:00:00,DWMA,https://img.a.transfermarkt.technology/portrait/header/357047-1727720726.jpg?lm=1,2.0,0.0,,https://www.transfermarkt.co.uk/gautier-larsonneur/profil/spieler/357047,FR1,AS Saint-Étienne,3000000.0,8000000.0,2024,Gautier Larsonneur,FRA-Ligue 1,2425,Saint-Étienne,Gautier Larsonneur,FRA,GK,27,1997,34,34,3060,34.0,77,2.26,210,133,63.3,8,6,20,5,14.7,15,13,2,0,13.3,27.794661190965094,1298.0
357117,2024-12-10,7000000,FC Nantes,995,FR1,Alban,Lafont,Alban Lafont,2025,265,alban-lafont,Burkina Faso,Ouagadougou  ,Cote d'Ivoire,1999-01-23 00:00:00,Goalkeeper,Goalkeeper,right,196.0,2027-06-30 00:00:00,Sport Cover,https://img.a.transfermarkt.technology/portrait/header/357117-1756042679.png?lm=1,4.0,0.0,,https://www.transfermarkt.co.uk/alban-lafont/profil/spieler/357117,GR1,Panathinaikos Athlitikos Omilos,3000000.0,20000000.0,2024,Alban Lafont,FRA-Ligue 1,2425,Nantes,Alban Lafont,CIV,GK,25,1999,12,12,1080,12.0,19,1.58,51,32,62.7,2,4,6,2,16.7,3,3,0,0,0.0,25.880903490759753,932.0
415383,2024-12-10,1500000,RC Lens,826,FR1,Hervé,Koffi,Hervé Koffi,2025,1420,herve-koffi,Burkina Faso,Bobo-Dioulasso  ,Burkina Faso,1996-10-16 00:00:00,Goalkeeper,Goalkeeper,right,186.0,2028-06-30 00:00:00,ASR SPORT,https://img.a.transfermarkt.technology/portrait/header/415383-1672499883.jpg?lm=1,70.0,0.0,,https://www.transfermarkt.co.uk/herve-koffi/profil/spieler/415383,FR1,Angers SCO,6000000.0,6000000.0,2024,Hervé Koffi,FRA-Ligue 1,2425,Lens,Hervé Koffi,BFA,GK,27,1996,5,5,450,5.0,8,1.6,26,18,69.2,1,0,4,0,0.0,2,2,0,0,0.0,28.150581793292265,1298.0
418651,2024-12-10,4500000,Angers SCO,1420,FR1,Yahia,Fofana,Yahia Fofana,2025,126,yahia-fofana,France,Paris  ,Cote d'Ivoire,2000-08-21 00:00:00,Goalkeeper,Goalkeeper,right,194.0,2028-06-30 00:00:00,,https://img.a.transfermarkt.technology/portrait/header/418651-1759315646.jpg?lm=1,38.0,0.0,,https://www.transfermarkt.co.uk/yahia-fofana/profil/spieler/418651,TR1,Caykur Rizespor,5000000.0,7000000.0,2024,Yahia Fofana,FRA-Ligue 1,2425,Angers,Yahia Fofana,CIV,GK,23,2000,33,33,2970,33.0,51,1.55,187,136,72.7,10,6,17,7,21.2,4,3,0,1,0.0,24.303901437371664,1298.0
448632,2024-12-10,9000000,Stade Reims,1421,FR1,Yehvann,Diouf,Yehvann Diouf,2025,417,yehvann-diouf,France,Montreuil-sous-Bois  ,Senegal,1999-11-16 00:00:00,Goalkeeper,Goalkeeper,right,188.0,2030-06-30 00:00:00,FAIR SPORT MNG,https://img.a.transfermarkt.technology/portrait/header/448632-1756822717.jpg?lm=1,2.0,0.0,,https://www.transfermarkt.co.uk/yehvann-diouf/profil/spieler/448632,FR1,OGC Nice,7000000.0,12000000.0,2024,Yehvann Diouf,FRA-Ligue 1,2425,Reims,Yehvann Diouf,SEN,GK,24,1999,34,34,3060,34.0,47,1.38,176,133,73.3,8,9,17,7,20.6,5,4,1,0,20.0,25.06776180698152,2028.0
463600,2024-12-10,30000000,LOSC Lille,1082,FR1,Lucas,Chevalier,Lucas Chevalier,2025,583,lucas-chevalier,France,Calais  ,France,2001-11-06 00:00:00,Goalkeeper,Goalkeeper,right,189.0,2030-06-30 00:00:00,,https://img.a.transfermarkt.technology/portrait/header/463600-1708342501.jpg?lm=1,1.0,0.0,,https://www.transfermarkt.co.uk/lucas-chevalier/profil/spieler/463600,FR1,Paris Saint-Germain,25000000.0,40000000.0,2024,Lucas Chevalier,FRA-Ligue 1,2425,Lille,Lucas Chevalier,FRA,GK,22,2001,34,34,3060,34.0,36,1.06,127,94,71.7,17,9,8,11,32.4,4,4,0,0,0.0,23.093771389459274,2028.0
465955,2024-12-10,20000000,OGC Nice,417,FR1,Marcin,Bulka,Marcin Bulka,2025,34911,marcin-bulka,Poland,Płock  ,Poland,1999-10-04 00:00:00,Goalkeeper,Goalkeeper,right,199.0,2029-06-30 00:00:00,Gol International,https://img.a.transfermarkt.technology/portrait/header/465955-1739970628.jpg?lm=1,6.0,0.0,,https://www.transfermarkt.co.uk/marcin-bulka/profil/spieler/465955,SA1,Neom Sports Club,12000000.0,20000000.0,2024,Marcin Bułka,FRA-Ligue 1,2425,Nice,Marcin Bułka,POL,GK,24,1999,34,34,3060,34.0,41,1.21,161,120,74.5,17,9,8,8,23.5,3,2,1,0,33.3,25.1854893908282,1663.0
466783,2024-12-10,4000000,Paris Saint-Germain,583,FR1,Arnau,Tenas,Arnau Tenas,2025,1050,arnau-tenas,Spain,Vic  ,Spain,2001-05-30 00:00:00,Goalkeeper,Goalkeeper,right,185.0,2029-06-30 00:00:00,De la Peña & Sostres,https://img.a.transfermarkt.technology/portrait/header/466783-1701444229.jpg?lm=1,0.0,0.0,,https://www.transfermarkt.co.uk/arnau-tenas/profil/spieler/466783,ES1,Villarreal CF,4000000.0,5000000.0,2024,Arnau Tenas,FRA-Ligue 1,2425,Paris SG,Arnau Tenas,ESP,GK,23,2001,1,1,90,1.0,1,1.0,4,3,75.0,1,0,0,0,0.0,0,0,0,0,,23.531827515400412,1663.0
524937,2024-12-10,300000,FC Toulouse,415,FR1,Álex,Domínguez,Álex Domínguez,2025,415,alex-dominguez,Spain,Granollers  ,Spain,1998-07-30 00:00:00,Goalkeeper,Goalkeeper,left,187.0,2027-06-30 00:00:00,PHSPORT,https://img.a.transfermarkt.technology/portrait/header/524937-1708555939.jpg?lm=1,0.0,0.0,,https://www.transfermarkt.co.uk/alex-dominguez/profil/spieler/524937,FR1,FC Toulouse,200000.0,400000.0,2024,Álex Domínguez,FRA-Ligue 1,2425,Toulouse,Álex Domínguez,ESP,GK,26,1998,1,0,19,0.2,0,0.0,0,0,,0,0,0,1,,0,0,0,0,,26.365503080082135,932.0
525155,2024-12-10,400000,Stade Brestois 29,3911,FR1,Grégoire,Coudert,Grégoire Coudert,2025,3911,gregoire-coudert,France,Rodez  ,France,1999-04-03 00:00:00,Goalkeeper,Goalkeeper,left,192.0,2027-06-30 00:00:00,Gersh,https://img.a.transfermarkt.technology/portrait/header/525155-1632761084.jpg?lm=1,0.0,0.0,,https://www.transfermarkt.co.uk/gregoire-coudert/profil/spieler/525155,FR1,Stade Brestois 29,4000000.0,4000000.0,2024,Grégoire Coudert,FRA-Ligue 1,2425,Brest,Grégoire Coudert,FRA,GK,25,1999,2,2,180,2.0,5,2.5,14,9,64.3,1,0,1,0,0.0,0,0,0,0,,25.689253935660506,932.0
548347,2024-12-10,150000,Angers SCO,1420,FR1,Melvin,Zinga,Melvin Zinga,2025,1420,melvin-zinga,France,Montivilliers  ,France,2002-03-16 00:00:00,Goalkeeper,Goalkeeper,left,187.0,,TEAM REAG CONSULTING,https://img.a.transfermarkt.technology/portrait/header/548347-1750955335.png?lm=1,5.0,0.0,,https://www.transfermarkt.co.uk/melvin-zinga/profil/spieler/548347,FR1,Angers SCO,300000.0,300000.0,2024,Melvin Zinga,FRA-Ligue 1,2425,Angers,Melvin Zinga,CGO,GK,22,2002,1,1,90,1.0,2,2.0,4,2,50.0,0,0,1,0,0.0,1,1,0,0,0.0,22.7378507871321,0.0
695422,2024-12-10,100000,AJ Auxerre,290,FR1,Théo,De Percin,Théo De Percin,2025,290,theo-de-percin,France,Tarbes  ,France,2001-02-02 00:00:00,Goalkeeper,Goalkeeper,right,185.0,2029-06-30 00:00:00,Kemari,https://img.a.transfermarkt.technology/portrait/header/695422-1672329898.jpg?lm=1,1.0,0.0,,https://www.transfermarkt.co.uk/theo-de-percin/profil/spieler/695422,FR1,AJ Auxerre,400000.0,400000.0,2024,Théo De Percin,FRA-Ligue 1,2425,Auxerre,Théo De Percin,MTQ,GK,23,2001,2,2,180,2.0,3,1.5,8,5,62.5,0,1,1,1,50.0,2,1,1,0,50.0,23.852156057494867,1663.0
842187,2024-12-10,10000,SV Ried,266,A1,Dominik,Stöger,Dominik Stöger,2025,266,dominik-stoger,,,Austria,2006-09-22 00:00:00,Goalkeeper,Goalkeeper,,200.0,2028-06-30 00:00:00,,https://img.a.transfermarkt.technology/portrait/header/842187-1753368072.png?lm=1,0.0,0.0,,https://www.transfermarkt.co.uk/dominik-stoger/profil/spieler/842187,A1,SV Ried,10000.0,10000.0,2024,Dominik Greif,ESP-La Liga,2425,Mallorca,Dominik Greif,SVK,GK,27,1997,31,31,2790,31.0,34,1.1,119,85,71.4,11,8,12,7,22.6,2,2,0,0,0.0,18.217659137577,1298.0
912902,2024-12-10,18000000,FC Toulouse,415,FR1,Guillaume,Restes,Guillaume Restes,2025,415,guillaume-restes,France,Toulouse  ,France,2005-03-11 00:00:00,Goalkeeper,Goalkeeper,left,188.0,2028-06-30 00:00:00,Unique Sports Group,https://img.a.transfermarkt.technology/portrait/header/912902-1676656145.jpg?lm=1,19.0,0.0,,https://www.transfermarkt.co.uk/guillaume-restes/profil/spieler/912902,FR1,FC Toulouse,18000000.0,20000000.0,2024,Guillaume Restes,FRA-Ligue 1,2425,Toulouse,Guillaume Restes,FRA,GK,19,2005,29,29,2543,28.3,36,1.27,94,58,61.7,9,7,13,9,31.0,2,1,1,0,50.0,19.750855578370977,1298.0
983609,2024-12-10,250000,Fortaleza CEIF,32041,COL1,Jordan,García,Jordan García,2025,4941,jordan-garcia,Colombia,El Retén  ,Colombia,2005-06-20 00:00:00,Goalkeeper,Goalkeeper,right,186.0,2029-12-31 00:00:00,HIJAR,https://img.a.transfermarkt.technology/portrait/header/983609-1740844253.jpeg?lm=1,19.0,0.0,,https://www.transfermarkt.co.uk/jordan-garcia/profil/spieler/983609,MEX1,Club León FC,2500000.0,2500000.0,2024,Joan García,ESP-La Liga,2425,Espanyol,Joan García,ESP,GK,23,2001,38,38,3420,38.0,51,1.34,194,143,73.7,11,9,18,8,21.1,6,4,2,0,33.3,19.474332648870636,1847.0
78570,2024-12-11,1800000,Union Saint-Gilloise,3948,BE1,Anthony,Moris,Anthony Moris,2025,6070,anthony-moris,Belgium,Arlon  ,Luxembourg,1990-04-29 00:00:00,Goalkeeper,Goalkeeper,left,186.0,2027-06-30 00:00:00,Soccerprod,https://img.a.transfermarkt.technology/portrait/header/78570-1714467075.png?lm=1,82.0,0.0,,https://www.transfermarkt.co.uk/anthony-moris/profil/spieler/78570,SA1,Al-Khaleej Club (Saihat),1200000.0,2000000.0,2024,Anthony Lopes,FRA-Ligue 1,2425,Nantes,Anthony Lopes,POR,GK,33,1990,18,18,1563,17.4,26,1.5,73,47,64.4,5,6,7,3,16.7,5,4,0,1,0.0,34.620123203285424,931.0
168166,2024-12-11,300000,KV Kortrijk,601,BE1,Lucas,Pirard,Lucas Pirard,2025,3057,lucas-pirard,Belgium,Sprimont  ,Belgium,1995-03-10 00:00:00,Goalkeeper,Goalkeeper,right,191.0,2028-06-30 00:00:00,,https://img.a.transfermarkt.technology/portrait/header/168166-1706870344.jpg?lm=1,1.0,0.0,,https://www.transfermarkt.co.uk/lucas-pirard/profil/spieler/168166,BE1,Standard Liège,350000.0,1500000.0,2024,Lucas Perri,FRA-Ligue 1,2425,Lyon,Lucas Perri,BRA,GK,26,1997,33,33,2970,33.0,44,1.33,160,116,72.5,17,6,10,10,30.3,3,3,0,0,0.0,29.75770020533881,1297.0
280379,2024-12-11,350000,CF Monterrey,2407,MEX1,Luis,Cárdenas,Luis Cárdenas,2025,2407,luis-cardenas,Mexico,Los Mochis  ,Mexico,1993-09-15 00:00:00,Goalkeeper,Goalkeeper,right,176.0,2028-06-30 00:00:00,EL C1EL0,https://img.a.transfermarkt.technology/portrait/header/280379-1580827417.png?lm=1,0.0,0.0,,https://www.transfermarkt.co.uk/luis-cardenas/profil/spieler/280379,MEX1,CF Monterrey,200000.0,600000.0,2024,Dani Cárdenas,ESP-La Liga,2425,Rayo Vallecano,Dani Cárdenas,ESP,GK,27,1997,6,6,540,6.0,6,1.0,20,14,70.0,3,1,2,2,33.3,0,0,0,0,,31.238877481177276,1297.0
290537,2024-12-11,4000000,Royal Antwerp FC,1096,BE1,Jean,Butez,Jean Butez,2025,1047,jean-butez,France,Lille  ,France,1995-06-08 00:00:00,Goalkeeper,Goalkeeper,right,189.0,2030-06-30 00:00:00,Gersh,https://img.a.transfermarkt.technology/portrait/header/290537-1704961364.jpg?lm=1,,,,https://www.transfermarkt.co.uk/jean-butez/profil/spieler/290537,IT1,Como 1907,8000000.0,8000000.0,2024,Jean Butez,ITA-Serie A,2425,Como,Jean Butez,FRA,GK,29,1995,19,18,1666,18.5,20,1.08,69,49,71.0,8,4,6,5,27.8,2,2,0,0,0.0,29.51129363449692,2027.0
491542,2024-12-11,8000000,CD Cruz Azul,3711,MEX1,Kevin,Mier,Kevin Mier,2025,3711,kevin-mier,Colombia,Barrancabermeja  ,Colombia,2000-05-18 00:00:00,Goalkeeper,Goalkeeper,right,187.0,2029-06-30 00:00:00,Elite Player,https://img.a.transfermarkt.technology/portrait/header/491542-1693600544.JPG?lm=1,3.0,0.0,,https://www.transfermarkt.co.uk/kevin-mier/profil/spieler/491542,MEX1,CD Cruz Azul,6000000.0,8000000.0,2024,Kevin Müller,,2425,Heidenheim,Kevin Müller,GER,GK,33,1991,33,33,2939,32.7,64,1.96,170,106,62.4,7,5,21,8,24.2,6,6,0,0,0.0,24.566735112936346,1662.0
99617,2024-12-12,300000,Seattle Sounders FC,9636,MLS1,Stefan,Frei,Stefan Frei,2025,9636,stefan-frei,Switzerland,Altstätten  ,United States,1986-04-20 00:00:00,Goalkeeper,Goalkeeper,,195.0,2027-12-31 00:00:00,THE·TEAM,https://img.a.transfermarkt.technology/portrait/header/99617-1771756765.jpg?lm=1,0.0,0.0,,https://www.transfermarkt.co.uk/stefan-frei/profil/spieler/99617,MLS1,Seattle Sounders FC,100000.0,1000000.0,2024,Stefan Ortega,ENG-Premier League,2425,Manchester City,Stefan Ortega,GER,GK,31,1992,13,12,1100,12.2,18,1.47,51,33,64.7,5,4,3,3,25.0,2,2,0,0,0.0,38.64750171115674,1114.0
112541,2024-12-12,1500000,Dynamo Moscow,121,RU1,Andrey,Lunev,Andrey Lunev,2025,121,andrey-lunev,UdSSR,Moskau  ,Russia,1991-11-13 00:00:00,Goalkeeper,Goalkeeper,right,190.0,2027-06-30 00:00:00,,https://img.a.transfermarkt.technology/portrait/header/112541-1721727463.png?lm=1,9.0,0.0,,https://www.transfermarkt.co.uk/andrey-lunev/profil/spieler/112541,RU1,FK Dinamo Moskva,800000.0,10500000.0,2024,Andriy Lunin,ESP-La Liga,2425,Real Madrid,Andriy Lunin,UKR,GK,25,1999,7,7,630,7.0,7,1.0,20,13,65.0,6,0,1,4,57.1,0,0,0,0,,33.08145106091718,930.0
126630,2024-12-12,800000,Toronto FC,11141,MLS1,Sean,Johnson,Sean Johnson,2025,2440,sean-johnson,United States,"Lilburn, Georgia  ",United States,1989-05-31 00:00:00,Goalkeeper,Goalkeeper,right,190.0,2027-06-30 00:00:00,,https://img.a.transfermarkt.technology/portrait/header/126630-1771687154.jpg?lm=1,13.0,0.0,,https://www.transfermarkt.co.uk/sean-johnson/profil/spieler/126630,MLS1,D.C. United,300000.0,1800000.0,2024,Sam Johnstone,ENG-Premier League,2425,Wolves,Sam Johnstone,ENG,GK,31,1993,7,7,630,7.0,17,2.43,40,23,57.5,0,1,6,0,0.0,2,2,0,0,0.0,35.53456536618754,930.0
328770,2024-12-12,450000,Odds BK,1058,,Kjetil,Haug,Kjetil Haug,2025,415,kjetil-haug,Norway,Halden  ,Norway,1998-06-12 00:00:00,Goalkeeper,Goalkeeper,right,191.0,2029-06-30 00:00:00,Golden Sports Mgmt,https://img.a.transfermarkt.technology/portrait/header/328770-1663671597.jpg?lm=1,5.0,0.0,,https://www.transfermarkt.co.uk/kjetil-haug/profil/spieler/328770,FR1,FC Toulouse,400000.0,600000.0,2024,Kjetil Haug,FRA-Ligue 1,2425,Toulouse,Kjetil Haug,NOR,GK,26,1998,6,5,498,5.5,7,1.27,16,9,56.3,2,2,1,1,20.0,0,0,0,0,,26.50239561943874,1661.0
635673,2024-12-12,200000,Seattle Sounders FC,9636,MLS1,Andrew,Thomas,Andrew Thomas,2025,9636,andrew-thomas,Russia,Moskau  ,United States,1998-09-01 00:00:00,Goalkeeper,Goalkeeper,right,188.0,2027-12-31 00:00:00,THE·TEAM,https://img.a.transfermarkt.technology/portrait/header/635673-1771757546.jpg?lm=1,0.0,0.0,,https://www.transfermarkt.co.uk/andrew-thomas/profil/spieler/635673,MLS1,Seattle Sounders FC,800000.0,800000.0,2024,Thomas Dähne,,2425,Holstein Kiel,Thomas Dähne,GER,GK,30,1994,9,9,810,9.0,19,2.11,55,36,65.5,2,2,5,0,0.0,3,2,1,0,33.3,26.28062970568104,1114.0
826462,2024-12-12,25000,FC Dallas,8816,MLS1,Antonio,Carrera,Antonio Carrera,2025,7055,antonio-carrera,Mexico,"Pachuca de Soto, Hidalgo  ",United States,2004-03-15 00:00:00,Goalkeeper,Goalkeeper,right,191.0,,THE·TEAM,https://img.a.transfermarkt.technology/portrait/header/826462-1740506003.jpg?lm=1,3.0,0.0,,https://www.transfermarkt.co.uk/antonio-carrera/profil/spieler/826462,MEX1,Tigres UANL,25000.0,25000.0,2024,Antonio Sivera,ESP-La Liga,2425,Alavés,Antonio Sivera,ESP,GK,27,1996,32,32,2810,31.2,39,1.25,106,75,63.2,9,10,13,9,28.1,9,9,0,0,0.0,20.744695414099933,0.0
905220,2024-12-12,200000,Sarpsborg 08 FF,10217,NO1,Leander,Øy,Leander Øy,2025,10217,leander-oy,Norway,Årdal  ,Norway,2003-10-24 00:00:00,Goalkeeper,Goalkeeper,right,182.0,2026-12-31 00:00:00,Assist Management,https://img.a.transfermarkt.technology/portrait/header/default.jpg?lm=1,2.0,0.0,,https://www.transfermarkt.co.uk/leander-oy/profil/spieler/905220,NO1,Sarpsborg 08 Fotballforening,250000.0,250000.0,2024,Alexander Meyer,,2425,Dortmund,Alexander Meyer,GER,GK,33,1991,2,2,180,2.0,4,2.0,11,7,63.6,1,0,1,0,0.0,0,0,0,0,,21.136208076659823,749.0
294843,2024-12-13,1700000,CA Unión (Santa Fe),7097,ARG1,Thiago,Cardozo,Thiago Cardozo,2025,2417,thiago-cardozo,Uruguay,Juan Lacaze  ,Uruguay,1996-07-31 00:00:00,Goalkeeper,Goalkeeper,right,182.0,2026-12-31 00:00:00,SBI Football,https://img.a.transfermarkt.technology/portrait/header/294843-1758833003.png?lm=1,2.0,0.0,,https://www.transfermarkt.co.uk/thiago-cardozo/profil/spieler/294843,ARG1,Club Atlético Belgrano,3200000.0,3200000.0,2024,Tiago Cardoso,,2425,Gladbach,Tiago Cardoso,LUX,GK,18,2006,5,4,380,4.2,3,0.71,23,20,87.0,2,1,1,2,50.0,0,0,0,0,,28.369609856262834,748.0
326363,2024-12-13,900000,Al-Raed SFC,22381,SA1,André,Moreira,André Moreira,2025,60949,andre-moreira,Portugal,Ribeirão  ,Portugal,1995-12-02 00:00:00,Goalkeeper,Goalkeeper,right,195.0,,,https://img.a.transfermarkt.technology/portrait/header/326363-1630733810.jpg?lm=1,1.0,0.0,,https://www.transfermarkt.co.uk/andre-moreira/profil/spieler/326363,GR1,Volou Neos Podosferikos Syllogos,500000.0,1200000.0,2024,André Ferreira,ESP-La Liga,2425,Valladolid,André Ferreira,POR,GK,28,1996,6,6,540,6.0,20,3.33,40,20,50.0,0,0,6,0,0.0,3,3,0,0,0.0,29.032169746748803,0.0
29692,2024-12-16,700000,West Ham United,379,GB1,Lukasz,Fabianski,Lukasz Fabianski,2025,379,lukasz-fabianski,Poland,Kostrzyn nad Odrą  ,Poland,1985-04-18 00:00:00,Goalkeeper,Goalkeeper,right,190.0,,ROOF,https://img.a.transfermarkt.technology/portrait/header/29692-1685709486.jpg?lm=1,57.0,0.0,,https://www.transfermarkt.co.uk/lukasz-fabianski/profil/spieler/29692,GB1,West Ham United,150000.0,9000000.0,2024,Łukasz Fabiański,ENG-Premier League,2425,West Ham,Łukasz Fabiański,POL,GK,39,1985,14,13,1160,12.9,21,1.63,71,50,70.4,6,3,4,3,23.1,3,3,0,0,0.0,39.663244353182755,0.0
52570,2024-12-16,1200000,Tottenham Hotspur,148,GB1,Fraser,Forster,Fraser Forster,2025,989,fraser-forster,England,Hexham  ,England,1988-03-17 00:00:00,Goalkeeper,Goalkeeper,right,201.0,2027-06-30 00:00:00,CAA Stellar,https://img.a.transfermarkt.technology/portrait/header/52570-1676412801.jpg?lm=1,6.0,0.0,,https://www.transfermarkt.co.uk/fraser-forster/profil/spieler/52570,GB1,AFC Bournemouth,400000.0,15000000.0,2024,Fraser Forster,ENG-Premier League,2425,Tottenham,Fraser Forster,ENG,GK,36,1988,7,7,630,7.0,15,2.14,42,28,64.3,1,2,4,1,14.3,2,2,0,0,0.0,36.7501711156742,926.0
72476,2024-12-16,11000000,Fulham FC,931,GB1,Bernd,Leno,Bernd Leno,2025,931,bernd-leno,Germany,Bietigheim-Bissingen  ,Germany,1992-03-04 00:00:00,Goalkeeper,Goalkeeper,right,190.0,2027-06-30 00:00:00,fair-sport GmbH,https://img.a.transfermarkt.technology/portrait/header/72476-1774470314.jpg?lm=1,9.0,0.0,,https://www.transfermarkt.co.uk/bernd-leno/profil/spieler/72476,GB1,Fulham FC,6000000.0,35000000.0,2024,Bernd Leno,ENG-Premier League,2425,Fulham,Bernd Leno,GER,GK,32,1992,38,38,3420,38.0,54,1.42,158,107,65.8,15,9,14,5,13.2,4,3,1,0,25.0,32.785763175906915,926.0
73564,2024-12-16,3000000,Brighton & Hove Albion,1237,GB1,Jason,Steele,Jason Steele,2025,1237,jason-steele,England,Newton Aycliffe  ,England,1990-08-18 00:00:00,Goalkeeper,Goalkeeper,right,188.0,2027-06-30 00:00:00,Murdock Sports Group,https://img.a.transfermarkt.technology/portrait/header/73564-1681383960.jpg?lm=1,0.0,0.0,,https://www.transfermarkt.co.uk/jason-steele/profil/spieler/73564,GB1,Brighton & Hove Albion,500000.0,4000000.0,2024,Jason Steele,ENG-Premier League,2425,Brighton,Jason Steele,ENG,GK,33,1990,2,2,180,2.0,1,0.5,4,3,75.0,2,0,0,1,50.0,0,0,0,0,,34.32991101984942,926.0
74960,2024-12-16,1000000,Newcastle United,762,GB1,Martin,Dúbravka,Martin Dúbravka,2025,1132,martin-dubravka,CSSR,Žilina  ,Slovakia,1989-01-15 00:00:00,Goalkeeper,Goalkeeper,right,191.0,2027-06-30 00:00:00,1863,https://img.a.transfermarkt.technology/portrait/header/74960-1700237195.jpg?lm=1,60.0,0.0,,https://www.transfermarkt.co.uk/martin-dubravka/profil/spieler/74960,GB1,Burnley FC,500000.0,7500000.0,2024,Martin Dúbravka,ENG-Premier League,2425,Newcastle,Martin Dúbravka,SVK,GK,35,1989,10,10,900,10.0,12,1.2,41,29,70.7,7,0,3,5,50.0,0,0,0,0,,35.917864476386036,926.0
75458,2024-12-16,1500000,Aston Villa,405,GB1,Robin,Olsen,Robin Olsen,2025,496,robin-olsen,Sweden,Malmö  ,Sweden,1990-01-08 00:00:00,Goalkeeper,Goalkeeper,right,196.0,2029-12-31 00:00:00,,https://img.a.transfermarkt.technology/portrait/header/75458-1697721104.jpg?lm=1,79.0,0.0,,https://www.transfermarkt.co.uk/robin-olsen/profil/spieler/75458,SE1,Malmö Fotbollförening,600000.0,10000000.0,2024,Robin Olsen,ENG-Premier League,2425,Aston Villa,Robin Olsen,SWE,GK,34,1990,4,1,226,2.5,6,2.39,14,8,57.1,1,0,0,1,100.0,1,1,0,0,0.0,34.93771389459275,1841.0
85941,2024-12-16,9000000,Manchester City,281,GB1,Stefan,Ortega,Stefan Ortega,2025,281,stefan-ortega,Germany,Hofgeismar  ,Germany,1992-11-06 00:00:00,Goalkeeper,Goalkeeper,right,185.0,,,https://img.a.transfermarkt.technology/portrait/header/85941-1668065114.jpg?lm=1,0.0,0.0,,https://www.transfermarkt.co.uk/stefan-ortega/profil/spieler/85941,GB1,Manchester City,4000000.0,9000000.0,2024,Stefan Ortega,ENG-Premier League,2425,Manchester City,Stefan Ortega,GER,GK,31,1992,13,12,1100,12.2,18,1.47,51,33,64.7,5,4,3,3,25.0,2,2,0,0,0.0,32.10951403148528,0.0
95976,2024-12-16,500000,Southampton FC,180,GB1,Alex,McCarthy,Alex McCarthy,2024,180,alex-mccarthy,England,Guildford  ,England,1989-12-03 00:00:00,Goalkeeper,Goalkeeper,right,193.0,2026-06-30 00:00:00,SBM,https://img.a.transfermarkt.technology/portrait/header/95976-1737919833.jpg?lm=1,1.0,0.0,,https://www.transfermarkt.co.uk/alex-mccarthy/profil/spieler/95976,GB1,Southampton FC,300000.0,6500000.0,2024,Alex McCarthy,ENG-Premier League,2425,Southampton,Alex McCarthy,ENG,GK,34,1989,5,5,450,5.0,13,2.6,37,24,64.9,0,0,5,0,0.0,2,2,0,0,0.0,35.0362765229295,561.0
105470,2024-12-16,25000000,Liverpool FC,31,GB1,,Alisson,Alisson,2025,31,alisson,Brazil,Novo Hamburgo  ,Brazil,1992-10-02 00:00:00,Goalkeeper,Goalkeeper,right,193.0,2027-06-30 00:00:00,,https://img.a.transfermarkt.technology/portrait/header/105470-1780389358.jpg?lm=1,83.0,0.0,,https://www.transfermarkt.co.uk/alisson/profil/spieler/105470,GB1,Liverpool FC,15000000.0,90000000.0,2024,Alisson,ENG-Premier League,2425,Liverpool,Alisson,BRA,GK,31,1992,28,28,2508,27.9,29,1.04,106,74,72.6,18,7,3,10,35.7,1,1,0,0,0.0,32.205338809034906,926.0
110864,2024-12-16,8000000,Wolverhampton Wanderers,543,GB1,Sam,Johnstone,Sam Johnstone,2025,543,sam-johnstone,England,Preston  ,England,1993-03-25 00:00:00,Goalkeeper,Goalkeeper,right,193.0,2028-06-30 00:00:00,Unique Sports Group,https://img.a.transfermarkt.technology/portrait/header/110864-1672915792.jpg?lm=1,4.0,0.0,,https://www.transfermarkt.co.uk/sam-johnstone/profil/spieler/110864,GB1,Wolverhampton Wanderers,2000000.0,12000000.0,2024,Sam Johnstone,ENG-Premier League,2425,Wolves,Sam Johnstone,ENG,GK,31,1993,7,7,630,7.0,17,2.43,40,23,57.5,0,1,6,0,0.0,2,2,0,0,0.0,31.72895277207392,1292.0
111819,2024-12-16,2000000,Arsenal FC,11,GB1,,Neto,Neto,2025,537,neto,Brazil,Araxá  ,Brazil,1989-07-19 00:00:00,Goalkeeper,Goalkeeper,right,190.0,2027-06-30 00:00:00,Bertolucci Sports,https://img.a.transfermarkt.technology/portrait/header/111819-1725051877.jpg?lm=1,1.0,0.0,,https://www.transfermarkt.co.uk/neto/profil/spieler/111819,BRA1,S. A. F. Botafogo,900000.0,18000000.0,2024,Neto,ENG-Premier League,2425,Bournemouth,Neto,BRA,GK,35,1989,2,2,180,2.0,2,1.0,13,11,84.6,0,2,0,0,0.0,0,0,0,0,,35.4113620807666,926.0
111873,2024-12-16,25000000,Aston Villa,405,GB1,Emiliano,Martínez,Emiliano Martínez,2025,405,emiliano-martinez,Argentina,Mar del Plata  ,Argentina,1992-09-02 00:00:00,Goalkeeper,Goalkeeper,right,195.0,2029-06-30 00:00:00,Universal Twenty Two,https://img.a.transfermarkt.technology/portrait/header/111873-1668180824.jpg?lm=1,64.0,0.0,,https://www.transfermarkt.co.uk/emiliano-martinez/profil/spieler/111873,GB1,Aston Villa,12000000.0,35000000.0,2024,Emiliano Martínez,ENG-Premier League,2425,Aston Villa,Emiliano Martínez,ARG,GK,31,1992,37,37,3194,35.5,47,1.32,146,99,67.8,18,9,10,8,21.6,2,1,1,0,50.0,32.28747433264887,1657.0
120629,2024-12-16,10000000,West Ham United,379,GB1,Alphonse,Areola,Alphonse Areola,2025,379,alphonse-areola,France,Paris  ,France,1993-02-27 00:00:00,Goalkeeper,Goalkeeper,right,195.0,2027-06-30 00:00:00,Rafaela Pimenta,https://img.a.transfermarkt.technology/portrait/header/120629-1663243036.jpg?lm=1,5.0,0.0,,https://www.transfermarkt.co.uk/alphonse-areola/profil/spieler/120629,GB1,West Ham United,4000000.0,17500000.0,2024,Alphonse Areola,ENG-Premier League,2425,West Ham,Alphonse Areola,FRA,GK,31,1993,26,25,2260,25.1,41,1.63,121,80,66.1,5,7,13,5,20.0,0,0,0,0,,31.800136892539356,926.0
125714,2024-12-16,10000000,Brentford FC,1148,GB1,Mark,Flekken,Mark Flekken,2025,15,mark-flekken,Netherlands,Bocholtz   ,Netherlands,1993-06-13 00:00:00,Goalkeeper,Goalkeeper,both,195.0,2028-06-30 00:00:00,SEG,https://img.a.transfermarkt.technology/portrait/header/125714-1758704276.jpg?lm=1,12.0,0.0,,https://www.transfermarkt.co.uk/mark-flekken/profil/spieler/125714,L1,Bayer 04 Leverkusen,6000000.0,12000000.0,2024,Mark Flekken,ENG-Premier League,2425,Brentford,Mark Flekken,NED,GK,31,1993,37,37,3275,36.4,55,1.51,207,152,73.4,16,8,13,8,21.6,1,1,0,0,0.0,31.509924709103355,1292.0
127202,2024-12-16,7000000,Nottingham Forest,703,GB1,Matz,Sels,Matz Sels,2025,703,matz-sels,Belgium,Lint  ,Belgium,1992-02-26 00:00:00,Goalkeeper,Goalkeeper,right,188.0,2028-06-30 00:00:00,Cherry Sports,https://img.a.transfermarkt.technology/portrait/header/127202-1665067633.jpg?lm=1,13.0,0.0,,https://www.transfermarkt.co.uk/matz-sels/profil/spieler/127202,GB1,Nottingham Forest,3500000.0,8000000.0,2024,Matz Sels,ENG-Premier League,2425,Nottingham,Matz Sels,BEL,GK,32,1992,38,38,3420,38.0,46,1.21,163,119,71.8,19,8,11,13,34.2,3,3,0,0,0.0,32.80492813141684,1292.0
130164,2024-12-16,20000000,Everton FC,29,GB1,Jordan,Pickford,Jordan Pickford,2025,29,jordan-pickford,England,Washington  ,England,1994-03-07 00:00:00,Goalkeeper,Goalkeeper,left,185.0,2029-06-30 00:00:00,CAA Stellar,https://img.a.transfermarkt.technology/portrait/header/130164-1668499964.jpg?lm=1,89.0,0.0,,https://www.transfermarkt.co.uk/jordan-pickford/profil/spieler/130164,GB1,Everton FC,13000000.0,40000000.0,2024,Jordan Pickford,ENG-Premier League,2425,Everton,Jordan Pickford,ENG,GK,30,1994,38,38,3420,38.0,44,1.16,163,119,73.0,11,15,12,12,31.6,2,0,2,0,100.0,30.77891854893908,1657.0
136401,2024-12-16,2000000,Wolverhampton Wanderers,543,GB1,Daniel,Bentley,Daniel Bentley,2025,543,daniel-bentley,England,Basildon  ,England,1993-07-13 00:00:00,Goalkeeper,Goalkeeper,,193.0,2027-06-30 00:00:00,Unique Sports Group,https://img.a.transfermarkt.technology/portrait/header/136401-1700737411.jpg?lm=1,,,,https://www.transfermarkt.co.uk/daniel-bentley/profil/spieler/136401,GB1,Wolverhampton Wanderers,800000.0,4000000.0,2024,Daniel Bentley,ENG-Premier League,2425,Wolves,Daniel Bentley,ENG,GK,31,1993,2,2,180,2.0,4,2.0,12,8,66.7,1,0,1,1,50.0,0,0,0,0,,31.42778918548939,926.0
192080,2024-12-16,14000000,Newcastle United,762,GB1,Nick,Pope,Nick Pope,2025,762,nick-pope,England,Soham  ,England,1992-04-19 00:00:00,Goalkeeper,Goalkeeper,right,198.0,2027-06-30 00:00:00,CAA Stellar,https://img.a.transfermarkt.technology/portrait/header/192080-1663841362.jpg?lm=1,10.0,0.0,,https://www.transfermarkt.co.uk/nick-pope/profil/spieler/192080,GB1,Newcastle United,5000000.0,20000000.0,2024,Nick Pope,ENG-Premier League,2425,Newcastle,Nick Pope,ENG,GK,32,1992,28,28,2520,28.0,35,1.25,122,87,71.3,13,6,9,8,28.6,2,1,1,0,50.0,32.65982203969884,926.0
192279,2024-12-16,11000000,AFC Bournemouth,989,GB1,Kepa,Arrizabalaga,Kepa Arrizabalaga,2025,11,kepa-arrizabalaga,Spain,Ondarroa  ,Spain,1994-10-03 00:00:00,Goalkeeper,Goalkeeper,right,188.0,2028-06-30 00:00:00,AC Talent,https://img.a.transfermarkt.technology/portrait/header/192279-1661855851.jpg?lm=1,13.0,0.0,,https://www.transfermarkt.co.uk/kepa-arrizabalaga/profil/spieler/192279,GB1,Arsenal FC,5000000.0,60000000.0,2024,Kepa Arrizabalaga,ENG-Premier League,2425,Bournemouth,Kepa Arrizabalaga,ESP,GK,29,1994,31,31,2790,31.0,39,1.26,136,97,71.3,13,7,11,8,25.8,4,4,0,0,0.0,30.203969883641342,1292.0
203026,2024-12-16,1500000,Leicester City,1003,GB1,Danny,Ward,Danny Ward,2025,1112,danny-ward,Wales,Wrexham  ,Wales,1993-06-22 00:00:00,Goalkeeper,Goalkeeper,right,191.0,2027-06-30 00:00:00,CAA Stellar,https://img.a.transfermarkt.technology/portrait/header/203026-1668070552.jpg?lm=1,45.0,0.0,3864.0,https://www.transfermarkt.co.uk/danny-ward/profil/spieler/203026,,,600000.0,10000000.0,2024,Danny Ward,ENG-Premier League,2425,Leicester City,Danny Ward,WAL,GK,31,1993,2,1,135,1.5,6,4.0,10,4,40.0,0,0,1,0,0.0,0,0,0,0,,31.485284052019164,926.0
215810,2024-12-16,200000,Wolverhampton Wanderers,543,GB1,Tom,King,Tom King,2025,29,tom-king,England,Plymouth  ,Wales,1995-03-09 00:00:00,Goalkeeper,Goalkeeper,right,194.0,2027-06-30 00:00:00,,https://img.a.transfermarkt.technology/portrait/header/215810-1774468851.jpg?lm=1,1.0,0.0,,https://www.transfermarkt.co.uk/tom-king/profil/spieler/215810,GB1,Everton FC,100000.0,200000.0,2024,Tom King,ENG-Premier League,2425,Wolves,Tom King,WAL,GK,29,1995,1,0,1,0.0,0,0.0,0,0,,0,0,0,0,,0,0,0,0,,29.7741273100616,926.0
234509,2024-12-16,35000000,Manchester United,985,GB1,André,Onana,André Onana,2025,449,andre-onana,Cameroon,Nkol Ngok  ,Cameroon,1996-04-02 00:00:00,Goalkeeper,Goalkeeper,right,190.0,2027-06-30 00:00:00,LIAN Sports Group,https://img.a.transfermarkt.technology/portrait/header/234509-1769612568.jpg?lm=1,53.0,0.0,,https://www.transfermarkt.co.uk/andre-onana/profil/spieler/234509,TR1,Trabzonspor,10000000.0,45000000.0,2024,André Onana,ENG-Premier League,2425,Manchester Utd,André Onana,CMR,GK,28,1996,34,34,3060,34.0,44,1.29,129,88,65.9,10,9,15,9,26.5,4,3,1,0,25.0,28.706365503080082,926.0
249994,2024-12-16,8000000,Wolverhampton Wanderers,543,GB1,José,Sá,José Sá,2025,543,jose-sa,Portugal,Braga  ,Portugal,1993-01-17 00:00:00,Goalkeeper,Goalkeeper,right,192.0,2027-06-30 00:00:00,Gestifute,https://img.a.transfermarkt.technology/portrait/header/249994-1696600015.jpg?lm=1,5.0,0.0,,https://www.transfermarkt.co.uk/jose-sa/profil/spieler/249994,GB1,Wolverhampton Wanderers,3500000.0,18000000.0,2024,José Sá,ENG-Premier League,2425,Wolves,José Sá,POR,GK,31,1993,29,29,2609,29.0,48,1.66,117,69,59.0,11,5,13,7,24.1,7,5,2,0,28.6,31.912388774811774,926.0
258919,2024-12-16,15000000,Crystal Palace,873,GB1,Dean,Henderson,Dean Henderson,2025,873,dean-henderson,England,Whitehaven  ,England,1997-03-12 00:00:00,Goalkeeper,Goalkeeper,right,188.0,2028-06-30 00:00:00,Unique Sports Group,https://img.a.transfermarkt.technology/portrait/header/258919-1716297478.jpg?lm=1,5.0,0.0,,https://www.transfermarkt.co.uk/dean-henderson/profil/spieler/258919,GB1,Crystal Palace,28000000.0,28000000.0,2024,Dean Henderson,ENG-Premier League,2425,Crystal Palace,Dean Henderson,ENG,GK,27,1997,38,38,3420,38.0,51,1.34,152,102,66.4,13,14,11,11,28.9,2,1,1,0,50.0,27.76454483230664,1292.0
262749,2024-12-16,40000000,Arsenal FC,11,GB1,David,Raya,David Raya,2025,11,david-raya,Spain,Barcelona  ,Spain,1995-09-15 00:00:00,Goalkeeper,Goalkeeper,right,186.0,2028-06-30 00:00:00,FUTBOL21 AGENCY,https://img.a.transfermarkt.technology/portrait/header/262749-1780663789.jpg?lm=1,13.0,0.0,,https://www.transfermarkt.co.uk/david-raya/profil/spieler/262749,GB1,Arsenal FC,30000000.0,40000000.0,2024,David Raya,ENG-Premier League,2425,Arsenal,David Raya,ESP,GK,28,1995,38,38,3420,38.0,34,0.89,120,86,71.7,20,14,4,13,34.2,3,3,0,0,0.0,29.253935660506503,1292.0
286047,2024-12-16,35000000,Tottenham Hotspur,148,GB1,Guglielmo,Vicario,Guglielmo Vicario,2025,148,guglielmo-vicario,Italy,Udine  ,Italy,1996-10-07 00:00:00,Goalkeeper,Goalkeeper,right,194.0,2028-06-30 00:00:00,THE·TEAM,https://img.a.transfermarkt.technology/portrait/header/286047-1725874745.jpg?lm=1,5.0,0.0,,https://www.transfermarkt.co.uk/guglielmo-vicario/profil/spieler/286047,GB1,Tottenham Hotspur,18000000.0,35000000.0,2024,Guglielmo Vicario,ENG-Premier League,2425,Tottenham,Guglielmo Vicario,ITA,GK,27,1996,24,24,2160,24.0,37,1.54,105,68,64.8,9,3,12,4,16.7,1,1,0,0,0.0,28.191649555099247,1292.0
336077,2024-12-16,10000000,Manchester United,985,GB1,Altay,Bayındır,Altay Bayındır,2025,985,altay-bayindir,Türkiye,Bursa  ,Türkiye,1998-04-14 00:00:00,Goalkeeper,Goalkeeper,right,198.0,2027-06-30 00:00:00,SEFA SEYREK,https://img.a.transfermarkt.technology/portrait/header/336077-1781173656.jpg?lm=1,12.0,0.0,,https://www.transfermarkt.co.uk/altay-bayindir/profil/spieler/336077,GB1,Manchester United,5000000.0,16000000.0,2024,Altay Bayındır,ENG-Premier League,2425,Manchester Utd,Altay Bayındır,TUR,GK,26,1998,4,4,360,4.0,10,2.5,18,8,44.4,1,0,3,1,25.0,0,0,0,0,,26.67488021902806,926.0
336367,2024-12-16,600000,Southampton FC,180,GB1,Joe,Lumley,Joe Lumley,2024,180,joe-lumley,England,Harlow  ,England,1995-02-15 00:00:00,Goalkeeper,Goalkeeper,right,190.0,2027-06-30 00:00:00,Unique Sports Group,https://img.a.transfermarkt.technology/portrait/header/336367-1709158388.jpg?lm=1,,,,https://www.transfermarkt.co.uk/joe-lumley/profil/spieler/336367,GB1,Southampton FC,450000.0,1000000.0,2024,Joe Lumley,ENG-Premier League,2425,Southampton,Joe Lumley,ENG,GK,29,1995,3,3,270,3.0,7,2.33,20,13,65.0,0,1,2,0,0.0,0,0,0,0,,29.83436002737851,926.0
340918,2024-12-16,22000000,Liverpool FC,31,GB1,Caoimhín,Kelleher,Caoimhín Kelleher,2025,1148,caoimhin-kelleher,Ireland,Cork  ,Ireland,1998-11-23 00:00:00,Goalkeeper,Goalkeeper,right,188.0,2030-06-30 00:00:00,ROOF,https://img.a.transfermarkt.technology/portrait/header/340918-1708933663.jpg?lm=1,32.0,0.0,,https://www.transfermarkt.co.uk/caoimhin-kelleher/profil/spieler/340918,GB1,Brentford FC,28000000.0,28000000.0,2024,Caoimhín Kelleher,ENG-Premier League,2425,Liverpool,Caoimhín Kelleher,IRL,GK,25,1998,10,10,900,10.0,12,1.2,37,24,67.6,7,2,1,4,40.0,1,0,1,0,100.0,26.064339493497606,2022.0
357658,2024-12-16,4000000,AFC Bournemouth,989,GB1,Mark,Travers,Mark Travers,2025,29,mark-travers,Ireland,Maynooth  ,Ireland,1999-05-18 00:00:00,Goalkeeper,Goalkeeper,right,191.0,2029-06-30 00:00:00,Unique Sports Group,https://img.a.transfermarkt.technology/portrait/header/357658-1702296610.jpg?lm=1,6.0,0.0,,https://www.transfermarkt.co.uk/mark-travers/profil/spieler/357658,GB1,Everton FC,3000000.0,4000000.0,2024,Mark Travers,ENG-Premier League,2425,Bournemouth,Mark Travers,IRL,GK,25,1999,5,5,450,5.0,5,1.0,25,20,80.0,2,2,1,1,20.0,0,0,0,0,,25.582477754962355,1657.0
371021,2024-12-16,8000000,Ipswich Town,677,GB1,Arijanet,Murić,Arijanet Murić,2025,6574,arijanet-muric,Switzerland,Schlieren  ,Kosovo,1998-11-07 00:00:00,Goalkeeper,Goalkeeper,right,198.0,,11WINS,https://img.a.transfermarkt.technology/portrait/header/371021-1685718424.jpg?lm=1,51.0,0.0,,https://www.transfermarkt.co.uk/arijanet-muric/profil/spieler/371021,IT1,US Sassuolo,7500000.0,12000000.0,2024,Arijanet Muric,ENG-Premier League,2425,Ipswich Town,Arijanet Muric,KVX,GK,25,1998,18,18,1620,18.0,33,1.83,103,70,68.0,2,6,10,1,5.6,3,3,0,0,0.0,26.10814510609172,0.0
400536,2024-12-16,12000000,Leicester City,1003,GB1,Mads,Hermansen,Mads Hermansen,2025,379,mads-hermansen,Denmark,Odense  ,Denmark,2000-07-11 00:00:00,Goalkeeper,Goalkeeper,right,187.0,2030-06-30 00:00:00,CAA Stellar,https://img.a.transfermarkt.technology/portrait/header/400536-1707386039.jpg?lm=1,3.0,0.0,,https://www.transfermarkt.co.uk/mads-hermansen/profil/spieler/400536,GB1,West Ham United,15000000.0,18000000.0,2024,Mads Hermansen,ENG-Premier League,2425,Leicester City,Mads Hermansen,DEN,GK,24,2000,27,27,2385,26.5,58,2.19,160,102,63.8,3,6,18,1,3.7,4,3,1,0,25.0,24.432580424366872,2022.0
403151,2024-12-16,20000000,Chelsea FC,631,GB1,Robert,Sánchez,Robert Sánchez,2025,631,robert-sanchez,Spain,Cartagena  ,Spain,1997-11-18 00:00:00,Goalkeeper,Goalkeeper,right,197.0,2030-06-30 00:00:00,CAA Stellar,https://img.a.transfermarkt.technology/portrait/header/403151-1695028195.jpg?lm=1,3.0,0.0,,https://www.transfermarkt.co.uk/robert-sanchez/profil/spieler/403151,GB1,Chelsea FC,22000000.0,32000000.0,2024,Robert Sánchez,ENG-Premier League,2425,Chelsea,Robert Sánchez,ESP,GK,26,1997,32,32,2880,32.0,34,1.06,128,94,73.4,17,9,6,10,31.3,5,4,1,0,20.0,27.077344284736483,2022.0
427568,2024-12-16,20000000,Southampton FC,180,GB1,Aaron,Ramsdale,Aaron Ramsdale,2025,762,aaron-ramsdale,England,Stoke-on-Trent  ,England,1998-05-14 00:00:00,Goalkeeper,Goalkeeper,right,190.0,2028-06-30 00:00:00,World in Motion,https://img.a.transfermarkt.technology/portrait/header/427568-1681828000.jpg?lm=1,5.0,0.0,,https://www.transfermarkt.co.uk/aaron-ramsdale/profil/spieler/427568,GB1,Newcastle United,12000000.0,40000000.0,2024,Aaron Ramsdale,ENG-Premier League,2425,Southampton,Aaron Ramsdale,ENG,GK,26,1998,30,30,2700,30.0,66,2.2,189,123,65.1,2,5,23,3,10.0,7,5,2,0,28.6,26.5927446954141,1292.0
428016,2024-12-16,600000,Tottenham Hotspur,148,GB1,Brandon,Austin,Brandon Austin,2025,148,brandon-austin,England,Hemel Hempstead  ,England,1999-01-08 00:00:00,Goalkeeper,Goalkeeper,right,188.0,2029-06-30 00:00:00,Unique Sports Group,https://img.a.transfermarkt.technology/portrait/header/428016-1737735261.jpg?lm=1,0.0,0.0,,https://www.transfermarkt.co.uk/brandon-austin/profil/spieler/428016,GB1,Tottenham Hotspur,500000.0,600000.0,2024,Brandon Austin,ENG-Premier League,2425,Tottenham,Brandon Austin,ENG,GK,25,1999,1,1,90,1.0,2,2.0,4,2,50.0,0,0,1,0,0.0,0,0,0,0,,25.93839835728953,1657.0
486604,2024-12-16,5000000,Liverpool FC,31,GB1,Vitezslav,Jaros,Vitezslav Jaros,2025,610,vitezslav-jaros,Czech Republic,Příbram  ,Czech Republic,2001-07-23 00:00:00,Goalkeeper,Goalkeeper,right,190.0,2028-06-30 00:00:00,SPORT INVEST,https://img.a.transfermarkt.technology/portrait/header/486604-1696603392.jpg?lm=1,2.0,0.0,,https://www.transfermarkt.co.uk/vitezslav-jaros/profil/spieler/486604,NL1,Ajax Amsterdam,5000000.0,6000000.0,2024,Vitezslav Jaros,ENG-Premier League,2425,Liverpool,Vitezslav Jaros,CZE,GK,23,2001,1,0,12,0.1,0,0.0,1,1,100.0,0,0,0,1,,0,0,0,0,,23.40041067761807,1292.0
488935,2024-12-16,2500000,Brentford FC,1148,GB1,Hákon,Valdimarsson,Hákon Valdimarsson,2025,1148,hakon-valdimarsson,Iceland,Reykjavik  ,Iceland,2001-10-13 00:00:00,Goalkeeper,Goalkeeper,right,195.0,2030-06-30 00:00:00,CAA Stellar,https://img.a.transfermarkt.technology/portrait/header/488935-1689319830.jpg?lm=1,22.0,0.0,,https://www.transfermarkt.co.uk/hakon-valdimarsson/profil/spieler/488935,GB1,Brentford FC,2500000.0,2500000.0,2024,Hákon Valdimarsson,ENG-Premier League,2425,Brentford,Hákon Valdimarsson,ISL,GK,22,2001,2,1,145,1.6,2,1.24,5,3,60.0,0,0,1,1,100.0,0,0,0,0,,23.175906913073238,2022.0
565093,2024-12-16,25000000,Brighton & Hove Albion,1237,GB1,Bart,Verbruggen,Bart Verbruggen,2025,1237,bart-verbruggen,Netherlands,Zwolle  ,Netherlands,2002-08-18 00:00:00,Goalkeeper,Goalkeeper,right,193.0,2028-06-30 00:00:00,Stirr Associates,https://img.a.transfermarkt.technology/portrait/header/565093-1716990260.jpg?lm=1,33.0,0.0,,https://www.transfermarkt.co.uk/bart-verbruggen/profil/spieler/565093,GB1,Brighton & Hove Albion,40000000.0,40000000.0,2024,Bart Verbruggen,ENG-Premier League,2425,Brighton,Bart Verbruggen,NED,GK,21,2002,36,36,3240,36.0,58,1.61,140,89,58.6,14,13,9,7,19.4,9,9,0,0,0.0,22.32991101984942,1292.0
585323,2024-12-16,20000000,Chelsea FC,631,GB1,Filip,Jørgensen,Filip Jørgensen,2025,631,filip-jorgensen,Sweden,Lomma  ,Denmark,2002-04-16 00:00:00,Goalkeeper,Goalkeeper,right,192.0,2031-06-30 00:00:00,LIAN Sports Group,https://img.a.transfermarkt.technology/portrait/header/585323-1718280485.jpg?lm=1,2.0,0.0,,https://www.transfermarkt.co.uk/filip-jorgensen/profil/spieler/585323,GB1,Chelsea FC,15000000.0,20000000.0,2024,Filip Jørgensen,ENG-Premier League,2425,Chelsea,Filip Jørgensen,DEN,GK,22,2002,6,6,540,6.0,9,1.5,29,20,69.0,3,0,3,1,16.7,1,1,0,0,0.0,22.6694045174538,2387.0
186374,2024-12-17,2500000,Red Bull Salzburg,409,A1,Alexander,Schlager,Alexander Schlager,2025,409,alexander-schlager,Austria,Salzburg  ,Austria,1996-02-01 00:00:00,Goalkeeper,Goalkeeper,right,185.0,2029-06-30 00:00:00,ROOF,https://img.a.transfermarkt.technology/portrait/header/186374-1754994062.png?lm=1,30.0,0.0,,https://www.transfermarkt.co.uk/alexander-schlager/profil/spieler/186374,A1,Fußballclub Red Bull Salzburg,2000000.0,4500000.0,2024,Alexander Schwolow,,2425,Union Berlin,Alexander Schwolow,GER,GK,32,1992,6,6,540,6.0,13,2.17,28,15,53.6,2,0,4,0,0.0,1,1,0,0,0.0,28.876112251882272,1656.0
354198,2024-12-17,150000,WSG Tirol,2446,A1,Alexander,Eckmayr,Alexander Eckmayr,2025,2446,alexander-eckmayr,Germany,München  ,Austria,1999-07-06 00:00:00,Goalkeeper,Goalkeeper,right,186.0,,Centerfield,https://img.a.transfermarkt.technology/portrait/header/354198-1722351250.jpg?lm=1,,,,https://www.transfermarkt.co.uk/alexander-eckmayr/profil/spieler/354198,A1,WSG Tirol,150000.0,150000.0,2024,Alexander Meyer,,2425,Dortmund,Alexander Meyer,GER,GK,33,1991,2,2,180,2.0,4,2.0,11,7,63.6,1,0,1,0,0.0,0,0,0,0,,25.451060917180012,0.0
27807,2024-12-18,150000,Udinese Calcio,410,IT1,Daniele,Padelli,Daniele Padelli,2025,410,daniele-padelli,Italy,Lecco  ,Italy,1985-10-25 00:00:00,Goalkeeper,Goalkeeper,right,191.0,2027-06-30 00:00:00,Mondial,https://img.a.transfermarkt.technology/portrait/header/27807-1630653305.jpg?lm=1,0.0,0.0,,https://www.transfermarkt.co.uk/daniele-padelli/profil/spieler/27807,IT1,Udinese Calcio,150000.0,2000000.0,2024,Daniele Padelli,ITA-Serie A,2425,Udinese,Daniele Padelli,ITA,GK,38,1985,1,1,90,1.0,0,0.0,3,3,100.0,1,0,0,1,100.0,0,0,0,0,,39.148528405201915,924.0
42205,2024-12-18,4000000,Inter Milan,46,IT1,Yann,Sommer,Yann Sommer,2025,46,yann-sommer,Switzerland,Morges  ,Switzerland,1988-12-17 00:00:00,Goalkeeper,Goalkeeper,right,183.0,,,https://img.a.transfermarkt.technology/portrait/header/42205-1669897427.jpg?lm=1,94.0,0.0,,https://www.transfermarkt.co.uk/yann-sommer/profil/spieler/42205,IT1,Inter Milan,2000000.0,13000000.0,2024,Yann Sommer,ITA-Serie A,2425,Inter,Yann Sommer,SUI,GK,35,1988,33,33,2970,33.0,32,0.97,116,84,72.4,20,8,5,13,39.4,4,3,1,0,25.0,36.002737850787135,0.0
45026,2024-12-18,1000000,Atalanta BC,800,IT1,Rui,Patrício,Rui Patrício,2024,800,rui-patricio,Portugal,Leiria  ,Portugal,1988-02-15 00:00:00,Goalkeeper,Goalkeeper,left,190.0,,Gestifute,https://img.a.transfermarkt.technology/portrait/header/45026-1716296132.jpg?lm=1,108.0,0.0,,https://www.transfermarkt.co.uk/rui-patricio/profil/spieler/45026,IT1,Atalanta BC,600000.0,20000000.0,2024,Rui Patrício,ITA-Serie A,2425,Atalanta,Rui Patrício,POR,GK,36,1988,3,3,270,3.0,3,1.0,14,11,78.6,2,1,0,1,33.3,0,0,0,0,,36.84052019164955,0.0
59377,2024-12-18,5000000,ACF Fiorentina,430,IT1,David,de Gea,David de Gea,2025,430,david-de-gea,Spain,Madrid  ,Spain,1990-11-07 00:00:00,Goalkeeper,Goalkeeper,right,192.0,2028-06-30 00:00:00,,https://img.a.transfermarkt.technology/portrait/header/59377-1667548362.jpg?lm=1,45.0,0.0,,https://www.transfermarkt.co.uk/david-de-gea/profil/spieler/59377,IT1,ACF Fiorentina,3500000.0,70000000.0,2024,David de Gea,ITA-Serie A,2425,Fiorentina,David de Gea,ESP,GK,33,1990,35,35,3150,35.0,38,1.09,134,96,71.6,19,5,11,11,31.4,3,1,2,0,66.7,34.11362080766598,1290.0
96254,2024-12-18,1500000,ACF Fiorentina,430,IT1,Pietro,Terracciano,Pietro Terracciano,2025,5,pietro-terracciano,Italy,San Felice a Cancello  ,Italy,1990-03-08 00:00:00,Goalkeeper,Goalkeeper,right,193.0,2027-06-30 00:00:00,,https://img.a.transfermarkt.technology/portrait/header/96254-1753403934.jpg?lm=1,,,,https://www.transfermarkt.co.uk/pietro-terracciano/profil/spieler/96254,IT1,AC Milan,900000.0,2500000.0,2024,Pietro Terracciano,ITA-Serie A,2425,Fiorentina,Pietro Terracciano,ITA,GK,34,1990,3,3,270,3.0,3,1.0,14,10,78.6,0,3,0,1,33.3,0,0,0,0,,34.78165639972622,924.0
110923,2024-12-18,3000000,Juventus FC,506,IT1,Mattia,Perin,Mattia Perin,2025,506,mattia-perin,Italy,Latina  ,Italy,1992-11-10 00:00:00,Goalkeeper,Goalkeeper,right,188.0,2027-06-30 00:00:00,World Soccer Agency,https://img.a.transfermarkt.technology/portrait/header/110923-1695107834.jpg?lm=1,2.0,0.0,,https://www.transfermarkt.co.uk/mattia-perin/profil/spieler/110923,IT1,Juventus FC,2000000.0,18000000.0,2024,Mattia Perin,ITA-Serie A,2425,Juventus,Mattia Perin,ITA,GK,31,1992,5,5,450,5.0,3,0.6,16,13,81.3,2,3,0,3,60.0,0,0,0,0,,32.10403832991102,924.0
128969,2024-12-18,2500000,AS Roma,12,IT1,Mathew,Ryan,Mathew Ryan,2025,3368,mathew-ryan,Australia,Plumpton  ,Australia,1992-04-08 00:00:00,Goalkeeper,Goalkeeper,right,184.0,,CAA Stellar,https://img.a.transfermarkt.technology/portrait/header/128969-1668505563.jpg?lm=1,105.0,0.0,,https://www.transfermarkt.co.uk/mathew-ryan/profil/spieler/128969,ES1,Levante UD,1800000.0,10000000.0,2024,Mathew Ryan,FRA-Ligue 1,2425,Lens,Mathew Ryan,AUS,GK,32,1992,14,14,1260,14.0,17,1.21,60,43,71.7,8,1,5,6,42.9,3,2,1,0,33.3,32.695414099931554,0.0
131758,2024-12-18,1000000,Venezia FC,607,IT1,Jesse,Joronen,Jesse Joronen,2025,458,jesse-joronen,Finland,Rautjärvi  ,Finland,1993-03-21 00:00:00,Goalkeeper,Goalkeeper,right,197.0,2026-06-30 00:00:00,RDF Football,https://img.a.transfermarkt.technology/portrait/header/131758-1724827205.jpg?lm=1,23.0,0.0,3443.0,https://www.transfermarkt.co.uk/jesse-joronen/profil/spieler/131758,IT1,Palermo FC,500000.0,5000000.0,2024,Jesse Joronen,ITA-Serie A,2425,Venezia,Jesse Joronen,FIN,GK,31,1993,8,7,703,7.8,15,1.92,42,27,64.3,1,1,5,2,28.6,3,3,0,0,0.0,31.745379876796715,559.0
136111,2024-12-18,800000,Genoa CFC,252,IT1,Nicola,Leali,Nicola Leali,2025,252,nicola-leali,Italy,Castiglione delle Stiviere  ,Italy,1993-02-17 00:00:00,Goalkeeper,Goalkeeper,right,193.0,,GB1,https://img.a.transfermarkt.technology/portrait/header/136111-1692963337.jpg?lm=1,1.0,0.0,,https://www.transfermarkt.co.uk/nicola-leali/profil/spieler/136111,IT1,Genoa CFC,1000000.0,6000000.0,2024,Nicola Leali,ITA-Serie A,2425,Genoa,Nicola Leali,ITA,GK,31,1993,29,29,2610,29.0,31,1.07,112,83,72.3,8,10,11,10,34.5,4,3,1,0,25.0,31.83299110198494,0.0
163048,2024-12-18,500000,Torino FC,416,IT1,Alberto,Paleari,Alberto Paleari,2025,416,alberto-paleari,Italy,Giussano  ,Italy,1992-08-29 00:00:00,Goalkeeper,Goalkeeper,right,193.0,2027-06-30 00:00:00,Firmani Football,https://img.a.transfermarkt.technology/portrait/header/163048-1753444583.jpg?lm=1,,,,https://www.transfermarkt.co.uk/alberto-paleari/profil/spieler/163048,IT1,Torino FC,1200000.0,1200000.0,2024,Alberto Paleari,ITA-Serie A,2425,Torino,Alberto Paleari,ITA,GK,31,1992,1,1,90,1.0,3,3.0,7,4,57.1,0,0,1,0,0.0,0,0,0,0,,32.303901437371664,924.0
182906,2024-12-18,35000000,AC Milan,5,IT1,Mike,Maignan,Mike Maignan,2025,5,mike-maignan,French Guiana,Cayenne  ,France,1995-07-03 00:00:00,Goalkeeper,Goalkeeper,right,191.0,2031-06-30 00:00:00,ESN,https://img.a.transfermarkt.technology/portrait/header/182906-1681459155.jpg?lm=1,46.0,0.0,,https://www.transfermarkt.co.uk/mike-maignan/profil/spieler/182906,IT1,AC Milan,20000000.0,45000000.0,2024,Mike Maignan,ITA-Serie A,2425,Milan,Mike Maignan,FRA,GK,29,1995,37,37,3294,36.6,41,1.12,139,98,70.5,17,9,11,13,35.1,2,1,1,0,50.0,29.462012320328544,2385.0
197929,2024-12-18,14000000,SS Lazio,398,IT1,Ivan,Provedel,Ivan Provedel,2025,398,ivan-provedel,Italy,Pordenone  ,Italy,1994-03-17 00:00:00,Goalkeeper,Goalkeeper,right,194.0,2029-06-30 00:00:00,,https://img.a.transfermarkt.technology/portrait/header/197929-1695160944.jpg?lm=1,0.0,0.0,,https://www.transfermarkt.co.uk/ivan-provedel/profil/spieler/197929,IT1,Società Sportiva Lazio S.p.A.,3000000.0,14000000.0,2024,Ivan Provedel,ITA-Serie A,2425,Lazio,Ivan Provedel,ITA,GK,30,1994,29,29,2610,29.0,42,1.45,95,53,55.8,15,6,8,5,17.2,4,4,0,0,0.0,30.757015742642025,1655.0
199976,2024-12-18,1500000,AC Milan,5,IT1,Marco,Sportiello,Marco Sportiello,2025,800,marco-sportiello,Italy,Desio  ,Italy,1992-05-10 00:00:00,Goalkeeper,Goalkeeper,right,192.0,2028-06-30 00:00:00,GR Sports,https://img.a.transfermarkt.technology/portrait/header/199976-1661351013.jpg?lm=1,0.0,0.0,,https://www.transfermarkt.co.uk/marco-sportiello/profil/spieler/199976,IT1,Atalanta BC,800000.0,10000000.0,2024,Marco Sportiello,ITA-Serie A,2425,Milan,Marco Sportiello,ITA,GK,32,1992,2,1,126,1.4,2,1.43,6,4,66.7,1,0,0,1,100.0,0,0,0,0,,32.60780287474333,1290.0
238537,2024-12-18,4000000,US Lecce,1005,IT1,Wladimiro,Falcone,Wladimiro Falcone,2025,1005,wladimiro-falcone,Italy,Roma  ,Italy,1995-04-12 00:00:00,Goalkeeper,Goalkeeper,right,195.0,2028-06-30 00:00:00,LIAN Sports Group,https://img.a.transfermarkt.technology/portrait/header/238537-1693308504.jpg?lm=1,0.0,0.0,,https://www.transfermarkt.co.uk/wladimiro-falcone/profil/spieler/238537,IT1,US Lecce,3500000.0,5000000.0,2024,Wladimiro Falcone,ITA-Serie A,2425,Lecce,Wladimiro Falcone,ITA,GK,29,1995,38,38,3420,38.0,58,1.53,177,127,67.2,8,10,20,9,23.7,10,8,1,1,11.1,29.686516084873375,1290.0
238993,2024-12-18,2000000,Cagliari Calcio,1390,IT1,Simone,Scuffet,Simone Scuffet,2025,4172,simone-scuffet,Italy,Udine  ,Italy,1996-05-31 00:00:00,Goalkeeper,Goalkeeper,right,193.0,2028-06-30 00:00:00,,https://img.a.transfermarkt.technology/portrait/header/238993-1753431413.jpg?lm=1,0.0,0.0,,https://www.transfermarkt.co.uk/simone-scuffet/profil/spieler/238993,IT1,Pisa Sporting Club,900000.0,6000000.0,2024,Simone Scuffet,ITA-Serie A,2425,Cagliari,Simone Scuffet,ITA,GK,28,1996,13,13,1170,13.0,23,1.77,56,33,58.9,3,3,7,1,7.7,5,5,0,0,0.0,28.550308008213552,1290.0
238993,2024-12-18,2000000,Cagliari Calcio,1390,IT1,Simone,Scuffet,Simone Scuffet,2025,4172,simone-scuffet,Italy,Udine  ,Italy,1996-05-31 00:00:00,Goalkeeper,Goalkeeper,right,193.0,2028-06-30 00:00:00,,https://img.a.transfermarkt.technology/portrait/header/238993-1753431413.jpg?lm=1,0.0,0.0,,https://www.transfermarkt.co.uk/simone-scuffet/profil/spieler/238993,IT1,Pisa Sporting Club,900000.0,6000000.0,2024,Simone Scuffet,ITA-Serie A,2425,Napoli,Simone Scuffet,ITA,GK,28,1996,1,1,90,1.0,1,1.0,4,3,75.0,0,1,0,0,0.0,0,0,0,0,,28.550308008213552,1290.0
240414,2024-12-18,12000000,SSC Napoli,6195,IT1,Alex,Meret,Alex Meret,2025,6195,alex-meret,Italy,Udine  ,Italy,1997-03-22 00:00:00,Goalkeeper,Goalkeeper,left,190.0,2027-06-30 00:00:00,,https://img.a.transfermarkt.technology/portrait/header/240414-1695025886.jpg?lm=1,3.0,0.0,,https://www.transfermarkt.co.uk/alex-meret/profil/spieler/240414,IT1,SSC Napoli,8000000.0,40000000.0,2024,Alex Meret,ITA-Serie A,2425,Napoli,Alex Meret,ITA,GK,27,1997,34,34,3005,33.4,25,0.75,84,59,70.2,21,9,4,17,50.0,4,1,2,1,66.7,27.742642026009584,924.0
240675,2024-12-18,200000,Hellas Verona,276,IT1,Simone,Perilli,Simone Perilli,2025,276,simone-perilli,Italy,Roma  ,Italy,1995-01-07 00:00:00,Goalkeeper,Goalkeeper,right,196.0,,,https://img.a.transfermarkt.technology/portrait/header/240675-1659601467.jpg?lm=1,3.0,0.0,,https://www.transfermarkt.co.uk/simone-perilli/profil/spieler/240675,IT1,Hellas Verona,400000.0,400000.0,2024,Simone Perilli,ITA-Serie A,2425,Hellas Verona,Simone Perilli,ITA,GK,29,1995,2,2,180,2.0,2,1.0,11,9,81.8,1,0,1,0,0.0,0,0,0,0,,29.946611909650922,0.0
241923,2024-12-18,3000000,Hellas Verona,276,IT1,Lorenzo,Montipò,Lorenzo Montipò,2025,276,lorenzo-montipo,Italy,Novara  ,Italy,1996-02-20 00:00:00,Goalkeeper,Goalkeeper,right,191.0,2028-06-30 00:00:00,TMP SOCCER srl,https://img.a.transfermarkt.technology/portrait/header/241923-1724828092.jpg?lm=1,2.0,0.0,,https://www.transfermarkt.co.uk/lorenzo-montipo/profil/spieler/241923,IT1,Hellas Verona,1200000.0,4500000.0,2024,Lorenzo Montipò,ITA-Serie A,2425,Hellas Verona,Lorenzo Montipò,ITA,GK,28,1996,36,36,3240,36.0,64,1.78,164,100,61.0,9,7,20,8,22.2,4,2,1,1,33.3,28.826830937713893,1290.0
244192,2024-12-18,2500000,Genoa CFC,252,IT1,Pierluigi,Gollini,Pierluigi Gollini,2025,12,pierluigi-gollini,Italy,Bologna  ,Italy,1995-03-18 00:00:00,Goalkeeper,Goalkeeper,right,194.0,2027-06-30 00:00:00,SEG,https://img.a.transfermarkt.technology/portrait/header/244192-1695026486.jpg?lm=1,1.0,0.0,,https://www.transfermarkt.co.uk/pierluigi-gollini/profil/spieler/244192,IT1,Associazione Sportiva Roma,800000.0,17000000.0,2024,Pierluigi Gollini,ITA-Serie A,2425,Genoa,Pierluigi Gollini,ITA,GK,29,1995,7,7,630,7.0,15,2.14,32,17,53.1,1,2,4,1,14.3,4,3,1,0,25.0,29.754962354551676,924.0
256339,2024-12-18,5000000,Como 1907,1047,IT1,Emil,Audero,Emil Audero,2025,2239,emil-audero,Indonesia,Mataram  ,Indonesia,1997-01-18 00:00:00,Goalkeeper,Goalkeeper,right,192.0,2028-06-30 00:00:00,TMP SOCCER srl,https://img.a.transfermarkt.technology/portrait/header/256339-1663679682.jpg?lm=1,6.0,0.0,,https://www.transfermarkt.co.uk/emil-audero/profil/spieler/256339,IT1,US Cremonese,2800000.0,15000000.0,2024,Emil Audero,ITA-Serie A,2425,Como,Emil Audero,IDN,GK,27,1997,8,8,720,8.0,18,2.25,35,17,48.6,2,2,4,0,0.0,4,4,0,0,0.0,27.915126625598905,1290.0
257474,2024-12-18,8000000,Torino FC,416,IT1,Vanja,Milinković-Savić,Vanja Milinković-Savić,2025,6195,vanja-milinkovic-savic,Spain,Ourense  ,Serbia,1997-02-20 00:00:00,Goalkeeper,Goalkeeper,right,202.0,2030-06-30 00:00:00,DOO Magnum,https://img.a.transfermarkt.technology/portrait/header/257474-1730125139.jpg?lm=1,20.0,0.0,,https://www.transfermarkt.co.uk/vanja-milinkovic-savic/profil/spieler/257474,IT1,SSC Napoli,20000000.0,20000000.0,2024,Vanja Milinković-Savić,ITA-Serie A,2425,Torino,Vanja Milinković-Savić,SRB,GK,27,1997,37,37,3330,37.0,42,1.14,173,131,75.7,10,14,13,10,27.0,7,3,4,0,57.1,27.824777549623544,2020.0
301238,2024-12-18,18000000,Juventus FC,506,IT1,Michele,Di Gregorio,Michele Di Gregorio,2025,506,michele-di-gregorio,Italy,Milano  ,Italy,1997-07-27 00:00:00,Goalkeeper,Goalkeeper,right,187.0,2029-06-30 00:00:00,,https://img.a.transfermarkt.technology/portrait/header/301238-1730125609.jpg?lm=1,0.0,0.0,,https://www.transfermarkt.co.uk/michele-di-gregorio/profil/spieler/301238,IT1,Juventus FC,10000000.0,18000000.0,2024,Michele Di Gregorio,ITA-Serie A,2425,Juventus,Michele Di Gregorio,ITA,GK,27,1997,33,33,2970,33.0,32,0.97,99,71,67.7,16,13,4,14,42.4,5,5,0,0,0.0,27.394934976043807,1655.0
303657,2024-12-18,1500000,Inter Milan,46,IT1,Ionuț,Radu,Ionuț Radu,2025,940,ionut-radu,Romania,Bucharest  ,Romania,1997-05-28 00:00:00,Goalkeeper,Goalkeeper,right,188.0,2029-06-30 00:00:00,,https://img.a.transfermarkt.technology/portrait/header/303657-1699432718.jpg?lm=1,9.0,0.0,,https://www.transfermarkt.co.uk/ionut-radu/profil/spieler/303657,ES1,Celta de Vigo,9000000.0,15000000.0,2024,Ionuț Radu,ITA-Serie A,2425,Venezia,Ionuț Radu,ROU,GK,27,1997,15,15,1350,15.0,18,1.2,63,47,71.4,2,7,6,4,26.7,3,3,0,0,0.0,27.55920602327173,1655.0
304144,2024-12-18,1000000,Cagliari Calcio,1390,IT1,Alen,Sherri,Alen Sherri,2025,1390,alen-sherri,Albania,Shkodër  ,Albania,1997-12-15 00:00:00,Goalkeeper,Goalkeeper,right,197.0,2028-06-30 00:00:00,BSP FOOTBALL AGENCY,https://img.a.transfermarkt.technology/portrait/header/304144-1730124783.jpg?lm=1,3.0,0.0,,https://www.transfermarkt.co.uk/alen-sherri/profil/spieler/304144,IT1,Cagliari Calcio,800000.0,1000000.0,2024,Alen Sherri,ITA-Serie A,2425,Cagliari,Alen Sherri,ALB,GK,26,1997,7,7,621,6.9,11,1.59,31,20,64.5,1,2,4,1,14.3,0,0,0,0,,27.00889801505818,1290.0
312773,2024-12-18,100000,Genoa CFC,252,IT1,Daniele,Sommariva,Daniele Sommariva,2025,252,daniele-sommariva,Italy,Genova  ,Italy,1997-07-18 00:00:00,Goalkeeper,Goalkeeper,right,185.0,,,https://img.a.transfermarkt.technology/portrait/header/312773-1692963278.jpg?lm=1,,,,https://www.transfermarkt.co.uk/daniele-sommariva/profil/spieler/312773,IT1,Genoa CFC,100000.0,400000.0,2024,Daniele Sommariva,ITA-Serie A,2425,Genoa,Daniele Sommariva,ITA,GK,27,1997,1,0,28,0.3,1,3.21,3,2,66.7,0,0,0,0,,0,0,0,0,,27.419575633127995,0.0
338670,2024-12-18,14000000,AS Roma,12,IT1,Mile,Svilar,Mile Svilar,2025,12,mile-svilar,Belgium,Antwerpen  ,Serbia,1999-08-27 00:00:00,Goalkeeper,Goalkeeper,right,189.0,2030-06-30 00:00:00,Universal Twenty Two,https://img.a.transfermarkt.technology/portrait/header/338670-1725532174.jpg?lm=1,1.0,0.0,,https://www.transfermarkt.co.uk/mile-svilar/profil/spieler/338670,IT1,Associazione Sportiva Roma,35000000.0,35000000.0,2024,Mile Svilar,ITA-Serie A,2425,Roma,Mile Svilar,SRB,GK,24,1999,38,38,3420,38.0,35,0.92,153,118,77.1,20,9,9,16,42.1,4,4,0,0,0.0,25.311430527036276,2020.0
340353,2024-12-18,7500000,Udinese Calcio,410,IT1,Maduka,Okoye,Maduka Okoye,2025,410,maduka-okoye,Germany,Düsseldorf  ,Nigeria,1999-08-28 00:00:00,Goalkeeper,Goalkeeper,right,198.0,2028-06-30 00:00:00,THE·TEAM,https://img.a.transfermarkt.technology/portrait/header/340353-1729542646.jpg?lm=1,21.0,0.0,,https://www.transfermarkt.co.uk/maduka-okoye/profil/spieler/340353,IT1,Udinese Calcio,10000000.0,10000000.0,2024,Maduka Okoye,ITA-Serie A,2425,Udinese,Maduka Okoye,NGA,GK,24,1999,25,25,2250,25.0,40,1.6,113,73,64.6,6,4,15,4,16.0,5,4,0,1,0.0,25.308692676249144,1290.0
388516,2024-12-18,12000000,Inter Milan,46,IT1,Josep,Martínez,Josep Martínez,2025,46,josep-martinez,Spain,Alzira  ,Spain,1998-05-27 00:00:00,Goalkeeper,Goalkeeper,right,191.0,2029-06-30 00:00:00,,https://img.a.transfermarkt.technology/portrait/header/388516-1686153132.jpg?lm=1,1.0,0.0,,https://www.transfermarkt.co.uk/josep-martinez/profil/spieler/388516,IT1,Inter Milan,10000000.0,12000000.0,2024,Josep Martinez,ITA-Serie A,2425,Inter,Josep Martinez,ESP,GK,26,1998,5,5,450,5.0,3,0.6,15,12,80.0,4,1,0,3,60.0,0,0,0,0,,26.562628336755647,1655.0
390304,2024-12-18,1000000,Bologna FC 1909,1025,IT1,Federico,Ravaglia,Federico Ravaglia,2025,1025,federico-ravaglia,Italy,Bologna  ,Italy,1999-11-11 00:00:00,Goalkeeper,Goalkeeper,right,196.0,2028-06-30 00:00:00,BC Group,https://img.a.transfermarkt.technology/portrait/header/390304-1701253429.jpg?lm=1,,,,https://www.transfermarkt.co.uk/federico-ravaglia/profil/spieler/390304,IT1,Bologna Football Club 1909,1800000.0,2000000.0,2024,Federico Ravaglia,ITA-Serie A,2425,Bologna,Federico Ravaglia,ITA,GK,24,1999,12,11,1056,11.7,14,1.19,24,10,41.7,5,2,4,4,36.4,1,1,0,0,0.0,25.10335386721424,1290.0
421873,2024-12-18,6000000,SSC Napoli,6195,IT1,Elia,Caprile,Elia Caprile,2025,1390,elia-caprile,Italy,Verona  ,Italy,2001-08-25 00:00:00,Goalkeeper,Goalkeeper,right,191.0,2029-06-30 00:00:00,GB1,https://img.a.transfermarkt.technology/portrait/header/421873-1704902651.jpg?lm=1,0.0,0.0,,https://www.transfermarkt.co.uk/elia-caprile/profil/spieler/421873,IT1,Cagliari Calcio,15000000.0,15000000.0,2024,Elia Caprile,ITA-Serie A,2425,Cagliari,Elia Caprile,ITA,GK,22,2001,18,18,1620,18.0,22,1.22,68,46,67.6,5,4,9,5,27.8,1,1,0,0,0.0,23.315537303216974,1655.0
421873,2024-12-18,6000000,SSC Napoli,6195,IT1,Elia,Caprile,Elia Caprile,2025,1390,elia-caprile,Italy,Verona  ,Italy,2001-08-25 00:00:00,Goalkeeper,Goalkeeper,right,191.0,2029-06-30 00:00:00,GB1,https://img.a.transfermarkt.technology/portrait/header/421873-1704902651.jpg?lm=1,0.0,0.0,,https://www.transfermarkt.co.uk/elia-caprile/profil/spieler/421873,IT1,Cagliari Calcio,15000000.0,15000000.0,2024,Elia Caprile,ITA-Serie A,2425,Napoli,Elia Caprile,ITA,GK,22,2001,4,3,325,3.6,1,0.28,8,7,87.5,3,0,0,3,100.0,0,0,0,0,,23.315537303216974,1655.0
432298,2024-12-18,9000000,Parma Calcio 1913,130,IT1,Zion,Suzuki,Zion Suzuki,2025,130,zion-suzuki,United States,"Newark, New Jersey  ",Japan,2002-08-21 00:00:00,Goalkeeper,Goalkeeper,right,190.0,2029-06-30 00:00:00,,https://img.a.transfermarkt.technology/portrait/header/432298-1780323348.jpg?lm=1,28.0,0.0,,https://www.transfermarkt.co.uk/zion-suzuki/profil/spieler/432298,IT1,Parma Calcio 1913,20000000.0,20000000.0,2024,Zion Suzuki,ITA-Serie A,2425,Parma,Zion Suzuki,JPN,GK,21,2002,36,36,3240,36.8,53,1.47,148,95,64.2,7,15,14,7,19.4,5,5,0,0,0.0,22.327173169062284,1655.0
459763,2024-12-18,20000000,Atalanta BC,800,IT1,Marco,Carnesecchi,Marco Carnesecchi,2025,800,marco-carnesecchi,Italy,Rimini  ,Italy,2000-07-01 00:00:00,Goalkeeper,Goalkeeper,right,191.0,2028-06-30 00:00:00,World Soccer Agency,https://img.a.transfermarkt.technology/portrait/header/459763-1695027944.jpg?lm=1,0.0,0.0,,https://www.transfermarkt.co.uk/marco-carnesecchi/profil/spieler/459763,IT1,Atalanta BC,30000000.0,30000000.0,2024,Marco Carnesecchi,ITA-Serie A,2425,Atalanta,Marco Carnesecchi,ITA,GK,24,2000,34,34,3060,34.0,34,1.0,132,98,74.2,19,7,8,13,38.2,2,2,0,0,0.0,24.465434633812457,1290.0
481675,2024-12-18,5000000,SS Lazio,398,IT1,Christos,Mandas,Christos Mandas,2025,398,christos-mandas,Greece,Piraeus  ,Greece,2001-09-17 00:00:00,Goalkeeper,Goalkeeper,right,189.0,2029-06-30 00:00:00,Gersh,https://img.a.transfermarkt.technology/portrait/header/481675-1724268727.jpg?lm=1,3.0,0.0,,https://www.transfermarkt.co.uk/christos-mandas/profil/spieler/481675,IT1,Società Sportiva Lazio S.p.A.,8000000.0,10000000.0,2024,Christos Mandas,ITA-Serie A,2425,Lazio,Christos Mandas,GRE,GK,22,2001,9,9,810,9.0,7,0.78,27,20,74.1,3,5,1,4,44.4,0,0,0,0,,23.252566735112936,1655.0
495722,2024-12-18,4000000,FC Empoli,749,IT1,Devis,Vásquez,Devis Vásquez,2025,12,devis-vasquez,Colombia,Barranquilla  ,Colombia,1998-05-12 00:00:00,Goalkeeper,Goalkeeper,right,195.0,2027-06-30 00:00:00,,https://img.a.transfermarkt.technology/portrait/header/495722-1770806559.jpg?lm=1,0.0,0.0,,https://www.transfermarkt.co.uk/devis-vasquez/profil/spieler/495722,IT1,Associazione Sportiva Roma,1500000.0,4000000.0,2024,Devis Vásquez,ITA-Serie A,2425,Empoli,Devis Vásquez,COL,GK,26,1998,32,32,2880,32.0,45,1.41,127,82,64.6,6,12,14,6,18.8,2,1,1,0,50.0,26.60369609856263,924.0
535740,2024-12-18,100000,Cagliari Calcio,1390,IT1,Giuseppe,Ciocci,Giuseppe Ciocci,2025,1390,giuseppe-ciocci,Italy,Cagliari  ,Italy,2002-01-24 00:00:00,Goalkeeper,Goalkeeper,right,193.0,2027-06-30 00:00:00,Reset Group Srl,https://img.a.transfermarkt.technology/portrait/header/535740-1767802954.jpg?lm=1,,,,https://www.transfermarkt.co.uk/giuseppe-ciocci/profil/spieler/535740,IT1,Cagliari Calcio,100000.0,300000.0,2024,Giuseppe Ciocci,ITA-Serie A,2425,Cagliari,Giuseppe Ciocci,ITA,GK,22,2002,1,0,9,0.1,0,0.0,0,0,,0,0,0,0,,0,0,0,0,,22.899383983572896,924.0
537171,2024-12-18,800000,AC Monza,2919,IT1,Semuel,Pizzignacco,Semuel Pizzignacco,2024,2919,semuel-pizzignacco,Italy,Monfalcone  ,Italy,2001-09-01 00:00:00,Goalkeeper,Goalkeeper,right,188.0,2027-06-30 00:00:00,Epic Sports Italy,https://img.a.transfermarkt.technology/portrait/header/537171-1725530533.jpg?lm=1,0.0,0.0,,https://www.transfermarkt.co.uk/semuel-pizzignacco/profil/spieler/537171,IT1,AC Monza,750000.0,800000.0,2024,Semuel Pizzignacco,ITA-Serie A,2425,Monza,Semuel Pizzignacco,ITA,GK,22,2001,9,8,736,8.2,17,2.08,40,23,57.5,1,2,5,1,12.5,0,0,0,0,,23.29637234770705,924.0
543666,2024-12-18,7500000,AC Monza,2919,IT1,Stefano,Turati,Stefano Turati,2025,6574,stefano-turati,Italy,Milano  ,Italy,2001-09-05 00:00:00,Goalkeeper,Goalkeeper,right,188.0,2028-06-30 00:00:00,LP Sport Management,https://img.a.transfermarkt.technology/portrait/header/543666-1686126590.jpg?lm=1,4.0,0.0,,https://www.transfermarkt.co.uk/stefano-turati/profil/spieler/543666,IT1,US Sassuolo,3000000.0,7500000.0,2024,Stefano Turati,ITA-Serie A,2425,Monza,Stefano Turati,ITA,GK,22,2001,30,30,2676,29.7,52,1.75,145,93,64.1,2,7,21,2,6.7,4,2,2,0,50.0,23.28542094455852,1290.0
552223,2024-12-18,4500000,Venezia FC,607,IT1,Filip,Stanković,Filip Stanković,2024,607,filip-stankovic,Italy,Roma  ,Serbia,2002-02-25 00:00:00,Goalkeeper,Goalkeeper,right,187.0,2029-06-30 00:00:00,Roc Nation Sports,https://img.a.transfermarkt.technology/portrait/header/552223-1677782675.PNG?lm=1,0.0,0.0,,https://www.transfermarkt.co.uk/filip-stankovic/profil/spieler/552223,IT1,Venezia FC,5000000.0,6000000.0,2024,Filip Stankovic,ITA-Serie A,2425,Venezia,Filip Stankovic,SRB,GK,22,2002,16,16,1367,15.2,23,1.51,84,61,72.6,2,6,8,0,0.0,5,4,1,0,20.0,22.811772758384667,1655.0
568617,2024-12-18,2000000,Udinese Calcio,410,IT1,Răzvan,Sava,Răzvan Sava,2025,410,razvan-sava,Romania,Timișoara  ,Romania,2002-06-21 00:00:00,Goalkeeper,Goalkeeper,right,197.0,2030-06-30 00:00:00,Elevenelite,https://img.a.transfermarkt.technology/portrait/header/568617-1730124399.jpg?lm=1,0.0,0.0,,https://www.transfermarkt.co.uk/razvan-sava/profil/spieler/568617,IT1,Udinese Calcio,2500000.0,2500000.0,2024,Razvan Sava,ITA-Serie A,2425,Udinese,Razvan Sava,ROU,GK,22,2002,12,12,1080,12.0,16,1.33,54,38,70.4,5,4,3,4,33.3,3,3,0,0,0.0,22.494182067077343,2020.0
636686,2024-12-18,150000,Real Valladolid Promesas,7078,,Arnau,Rafús,Arnau Rafús,2024,366,arnau-rafus,Spain,Vic  ,Spain,2003-04-27 00:00:00,Goalkeeper,Goalkeeper,,190.0,2026-06-30 00:00:00,,https://img.a.transfermarkt.technology/portrait/header/636686-1700776551.jpg?lm=1,,,,https://www.transfermarkt.co.uk/arnau-rafus/profil/spieler/636686,ES1,Real Valladolid CF,200000.0,200000.0,2024,Arnau Rafús,ESP-La Liga,2425,Valladolid,Arnau Rafús,ESP,GK,21,2003,1,1,90,1.0,2,2.0,2,0,0.0,0,0,1,0,0.0,0,0,0,0,,21.645448323066393,559.0
111426,2024-12-19,650000,FC Rapid 1923,455,RO1,Benjamin,Siegrist,Benjamin Siegrist,2025,252,benjamin-siegrist,Switzerland,Therwil BL  ,Switzerland,1992-01-31 00:00:00,Goalkeeper,Goalkeeper,right,196.0,2026-06-30 00:00:00,World in Motion,https://img.a.transfermarkt.technology/portrait/header/111426-1770273039.jpg?lm=1,1.0,0.0,,https://www.transfermarkt.co.uk/benjamin-siegrist/profil/spieler/111426,IT1,Genoa CFC,400000.0,800000.0,2024,Benjamin Siegrist,ITA-Serie A,2425,Genoa,Benjamin Siegrist,SUI,GK,32,1992,2,2,152,1.7,2,1.18,12,10,83.3,1,1,0,0,0.0,0,0,0,0,,32.884325804243666,558.0
168278,2024-12-19,200000,ASFC Buzau (2016-2025),11380,RO1,David,Lazar,David Lazar,2025,58049,david-lazar,Romania,Oradea  ,Romania,1991-08-08 00:00:00,Goalkeeper,Goalkeeper,,185.0,2028-06-30 00:00:00,,https://img.a.transfermarkt.technology/portrait/header/168278-1676965564.png?lm=1,1.0,0.0,,https://www.transfermarkt.co.uk/david-lazar/profil/spieler/168278,RO1,FC Hermannstadt,175000.0,1200000.0,2024,David Raya,ENG-Premier League,2425,Arsenal,David Raya,ESP,GK,28,1995,38,38,3420,38.0,34,0.89,120,86,71.7,20,14,4,13,34.2,3,3,0,0,0.0,33.36618754277892,1289.0
333323,2024-12-19,400000,FK Borac Banja Luka,3900,,Filip,Manojlovic,Filip Manojlovic,2025,1044,filip-manojlovic,Yugoslavia (Republic),Belgrade  ,Serbia,1996-04-25 00:00:00,Goalkeeper,Goalkeeper,right,197.0,2027-12-31 00:00:00,FPA,https://img.a.transfermarkt.technology/portrait/header/333323-1702404892.jpg?lm=1,1.0,0.0,,https://www.transfermarkt.co.uk/filip-manojlovic/profil/spieler/333323,SE1,Djurgårdens Idrottsförening,550000.0,1200000.0,2024,Filip Stankovic,ITA-Serie A,2425,Venezia,Filip Stankovic,SRB,GK,22,2002,16,16,1367,15.2,23,1.51,84,61,72.6,2,6,8,0,0.0,5,4,1,0,20.0,28.65160848733744,1107.0
465682,2024-12-19,650000,Montevideo Wanderers,2403,,Mauro,Silveira,Mauro Silveira,2025,11854,mauro-silveira,Uruguay,Montevideo  ,Uruguay,2000-05-06 00:00:00,Goalkeeper,Goalkeeper,right,187.0,2028-06-30 00:00:00,JM Agente Deportivo,https://img.a.transfermarkt.technology/portrait/header/465682-1752505115.JPG?lm=1,0.0,0.0,,https://www.transfermarkt.co.uk/mauro-silveira/profil/spieler/465682,COL1,Junior FC,1000000.0,1000000.0,2024,Marco Silvestri,ITA-Serie A,2425,Empoli,Marco Silvestri,ITA,GK,33,1991,5,5,450,5.0,11,2.2,27,16,59.3,0,1,4,0,0.0,0,0,0,0,,24.621492128678987,1289.0
607720,2024-12-19,3000000,1.FC Köln,3,L1,Jonas,Urbig,Jonas Urbig,2025,27,jonas-urbig,Germany,Euskirchen  ,Germany,2003-08-08 00:00:00,Goalkeeper,Goalkeeper,both,189.0,2029-06-30 00:00:00,ROOF,https://img.a.transfermarkt.technology/portrait/header/607720-1737037032.jpg?lm=1,0.0,0.0,,https://www.transfermarkt.co.uk/jonas-urbig/profil/spieler/607720,L1,Bayern Munich,18000000.0,18000000.0,2024,Jonas Urbig,,2425,Bayern Munich,Jonas Urbig,GER,GK,20,2003,8,8,720,8.0,12,1.5,28,16,57.1,4,3,1,2,25.0,0,0,0,0,,21.366187542778917,1654.0
797864,2024-12-19,250000,FK Radnik Bijeljina,11040,,Filip,Samurovic,Filip Samurovic,2025,33328,filip-samurovic,Yugoslavia (Republic),Šabac  ,Serbia,2002-09-23 00:00:00,Goalkeeper,Goalkeeper,right,193.0,2028-06-30 00:00:00,,https://img.a.transfermarkt.technology/portrait/header/default.jpg?lm=1,,,,https://www.transfermarkt.co.uk/filip-samurovic/profil/spieler/797864,SER1,FK Radnik Surdulica,50000.0,450000.0,2024,Filip Stankovic,ITA-Serie A,2425,Venezia,Filip Stankovic,SRB,GK,22,2002,16,16,1367,15.2,23,1.51,84,61,72.6,2,6,8,0,0.0,5,4,1,0,20.0,22.239561943874058,1289.0
17259,2024-12-20,4000000,Bayern Munich,27,L1,Manuel,Neuer,Manuel Neuer,2025,27,manuel-neuer,Germany,Gelsenkirchen  ,Germany,1986-03-27 00:00:00,Goalkeeper,Goalkeeper,right,193.0,2027-06-30 00:00:00,PRO Profil GmbH,https://img.a.transfermarkt.technology/portrait/header/17259-1762943283.jpg?lm=1,128.0,0.0,,https://www.transfermarkt.co.uk/manuel-neuer/profil/spieler/17259,L1,Bayern Munich,4000000.0,45000000.0,2024,Manuel Neuer,,2425,Bayern Munich,Manuel Neuer,GER,GK,38,1986,22,22,1980,22.0,15,0.68,46,30,67.4,18,4,0,13,59.1,2,1,0,1,0.0,38.73511293634497,922.0
31653,2024-12-20,300000,Borussia Mönchengladbach,18,L1,Tobias,Sippel,Tobias Sippel,2025,18,tobias-sippel,Germany,Bad Dürkheim  ,Germany,1988-03-22 00:00:00,Goalkeeper,Goalkeeper,right,183.0,2027-06-30 00:00:00,Dr. Michael Becker,https://img.a.transfermarkt.technology/portrait/header/31653-1662965792.jpg?lm=1,0.0,0.0,,https://www.transfermarkt.co.uk/tobias-sippel/profil/spieler/31653,L1,Borussia Mönchengladbach,300000.0,3000000.0,2024,Tobias Sippel,,2425,Gladbach,Tobias Sippel,GER,GK,36,1988,1,0,59,0.7,3,4.58,4,1,25.0,0,0,0,0,,0,0,0,0,,36.747433264887064,922.0
40680,2024-12-20,500000,Bayern Munich,27,L1,Sven,Ulreich,Sven Ulreich,2025,27,sven-ulreich,Germany,Schorndorf  ,Germany,1988-08-03 00:00:00,Goalkeeper,Goalkeeper,right,192.0,2027-06-30 00:00:00,,https://img.a.transfermarkt.technology/portrait/header/40680-1700659982.jpg?lm=1,0.0,0.0,,https://www.transfermarkt.co.uk/sven-ulreich/profil/spieler/40680,L1,Bayern Munich,500000.0,6000000.0,2024,Sven Ulreich,,2425,Bayern Munich,Sven Ulreich,GER,GK,35,1988,1,1,90,1.0,0,0.0,0,0,,1,0,0,1,100.0,0,0,0,0,,36.380561259411365,922.0
43824,2024-12-20,1000000,1.FC Heidenheim 1846,2036,L1,Kevin,Müller,Kevin Müller,2025,2036,kevin-muller,Germany,Rostock  ,Germany,1991-03-15 00:00:00,Goalkeeper,Goalkeeper,right,190.0,,,https://img.a.transfermarkt.technology/portrait/header/43824-1755089032.jpg?lm=1,7.0,0.0,,https://www.transfermarkt.co.uk/kevin-muller/profil/spieler/43824,L1,1. Fußballclub Heidenheim 1846,300000.0,1200000.0,2024,Kevin Müller,,2425,Heidenheim,Kevin Müller,GER,GK,33,1991,33,33,2939,32.7,64,1.96,170,106,62.4,7,5,21,8,24.2,6,6,0,0,0.0,33.76865160848734,0.0
45672,2024-12-20,3000000,Eintracht Frankfurt,24,L1,Kevin,Trapp,Kevin Trapp,2025,10004,kevin-trapp,Germany,Merzig  ,Germany,1990-07-08 00:00:00,Goalkeeper,Goalkeeper,right,189.0,2028-06-30 00:00:00,Sports360 GmbH,https://img.a.transfermarkt.technology/portrait/header/45672-1724772525.jpg?lm=1,9.0,0.0,,https://www.transfermarkt.co.uk/kevin-trapp/profil/spieler/45672,FR1,Paris FC,1800000.0,12000000.0,2024,Kevin Trapp,,2425,Frankfurt,Kevin Trapp,GER,GK,34,1990,26,26,2295,25.5,34,1.33,116,82,70.7,12,8,6,6,23.1,2,0,2,0,100.0,34.45311430527036,1288.0
48015,2024-12-20,2000000,Bayer 04 Leverkusen,15,L1,Lukas,Hradecky,Lukas Hradecky,2025,162,lukas-hradecky,CSSR,Bratislava  ,Finland,1989-11-24 00:00:00,Goalkeeper,Goalkeeper,right,192.0,2027-06-30 00:00:00,,https://img.a.transfermarkt.technology/portrait/header/48015-1695367833.jpg?lm=1,105.0,0.0,3443.0,https://www.transfermarkt.co.uk/lukas-hradecky/profil/spieler/48015,FR1,AS Monaco,1500000.0,12000000.0,2024,Lukáš Hrádecký,,2425,Leverkusen,Lukáš Hrádecký,FIN,GK,34,1989,29,29,2610,29.0,38,1.31,123,85,69.1,16,11,2,6,20.7,4,4,0,0,0.0,35.07186858316222,922.0
55089,2024-12-20,3000000,TSG 1899 Hoffenheim,533,L1,Oliver,Baumann,Oliver Baumann,2025,533,oliver-baumann,Germany,Breisach am Rhein  ,Germany,1990-06-02 00:00:00,Goalkeeper,Goalkeeper,right,187.0,2028-06-30 00:00:00,CN Sports,https://img.a.transfermarkt.technology/portrait/header/55089-1755090197.jpg?lm=1,13.0,0.0,,https://www.transfermarkt.co.uk/oliver-baumann/profil/spieler/55089,L1,TSG 1899 Hoffenheim,2500000.0,10000000.0,2024,Oliver Baumann,,2425,Hoffenheim,Oliver Baumann,GER,GK,34,1990,28,28,2520,28.0,53,1.89,137,88,61.3,6,8,14,4,14.3,5,2,3,0,60.0,34.55167693360712,1288.0
57071,2024-12-20,2500000,RB Leipzig,23826,L1,Péter,Gulácsi,Péter Gulácsi,2025,23826,peter-gulacsi,Hungary,Budapest  ,Hungary,1990-05-06 00:00:00,Goalkeeper,Goalkeeper,right,193.0,2027-06-30 00:00:00,,https://img.a.transfermarkt.technology/portrait/header/57071-1719214600.jpg?lm=1,58.0,0.0,,https://www.transfermarkt.co.uk/peter-gulacsi/profil/spieler/57071,L1,RB Leipzig,1000000.0,13000000.0,2024,Péter Gulácsi,,2425,RB Leipzig,Péter Gulácsi,HUN,GK,34,1990,30,30,2631,29.2,39,1.33,136,99,71.3,12,11,7,14,46.7,3,2,1,0,33.3,34.625598904859686,922.0
76158,2024-12-20,800000,Borussia Dortmund,16,L1,Alexander,Meyer,Alexander Meyer,2025,16,alexander-meyer,Germany,Bad Oldesloe  ,Germany,1991-04-13 00:00:00,Goalkeeper,Goalkeeper,right,195.0,2027-06-30 00:00:00,AKA Global GmbH,https://img.a.transfermarkt.technology/portrait/header/76158-1716381651.jpg?lm=1,,,,https://www.transfermarkt.co.uk/alexander-meyer/profil/spieler/76158,L1,Borussia Dortmund,500000.0,1000000.0,2024,Alexander Meyer,,2425,Dortmund,Alexander Meyer,GER,GK,33,1991,2,2,180,2.0,4,2.0,11,7,63.6,1,0,1,0,0.0,0,0,0,0,,33.68925393566051,922.0
84938,2024-12-20,500000,VfL Bochum,80,L1,Timo,Horn,Timo Horn,2024,80,timo-horn,Germany,Köln  ,Germany,1993-05-12 00:00:00,Goalkeeper,Goalkeeper,left,192.0,2028-06-30 00:00:00,Sports360 GmbH,https://img.a.transfermarkt.technology/portrait/header/84938-1753298252.jpg?lm=1,4.0,0.0,,https://www.transfermarkt.co.uk/timo-horn/profil/spieler/84938,L1,VfL Bochum,700000.0,12000000.0,2024,Timo Horn,,2425,Bochum,Timo Horn,GER,GK,31,1993,13,13,1170,13.0,22,1.69,55,33,60.0,3,3,7,3,23.1,1,0,0,1,,31.60848733744011,1288.0
93763,2024-12-20,700000,1.FC Union Berlin,89,L1,Alexander,Schwolow,Alexander Schwolow,2025,43,alexander-schwolow,Germany,Wiesbaden  ,Germany,1992-06-02 00:00:00,Goalkeeper,Goalkeeper,right,190.0,2027-05-31 00:00:00,feel soccer GmbH,https://img.a.transfermarkt.technology/portrait/header/93763-1726351593.jpg?lm=1,7.0,0.0,,https://www.transfermarkt.co.uk/alexander-schwolow/profil/spieler/93763,SC1,Heart of Midlothian FC,450000.0,9000000.0,2024,Alexander Schwolow,,2425,Union Berlin,Alexander Schwolow,GER,GK,32,1992,6,6,540,6.0,13,2.17,28,15,53.6,2,0,4,0,0.0,1,1,0,0,0.0,32.550308008213555,892.0
94192,2024-12-20,1000000,VfL Bochum,80,L1,Patrick,Drewes,Patrick Drewes,2025,16,patrick-drewes,Germany,Delmenhorst  ,Germany,1993-02-04 00:00:00,Goalkeeper,Goalkeeper,right,194.0,2027-06-30 00:00:00,,https://img.a.transfermarkt.technology/portrait/header/94192-1721851751.jpg?lm=1,,,,https://www.transfermarkt.co.uk/patrick-drewes/profil/spieler/94192,L1,Borussia Dortmund,300000.0,1000000.0,2024,Patrick Drewes,,2425,Bochum,Patrick Drewes,GER,GK,31,1993,21,21,1890,21.0,46,2.19,99,53,53.5,3,4,14,3,14.3,5,3,2,0,40.0,31.874058863791923,922.0
107775,2024-12-20,4000000,1.FC Union Berlin,89,L1,Frederik,Rönnow,Frederik Rönnow,2025,89,frederik-ronnow,Denmark,Horsens  ,Denmark,1992-08-04 00:00:00,Goalkeeper,Goalkeeper,right,188.0,,BTAM,https://img.a.transfermarkt.technology/portrait/header/107775-1692707378.jpg?lm=1,10.0,0.0,,https://www.transfermarkt.co.uk/frederik-ronnow/profil/spieler/107775,L1,1.FC Union Berlin,2000000.0,5500000.0,2024,Frederik Rønnow,,2425,Union Berlin,Frederik Rønnow,DEN,GK,31,1992,28,28,2520,28.0,37,1.32,109,72,66.1,8,10,10,8,28.6,5,1,4,0,80.0,32.37782340862423,0.0
115979,2024-12-20,400000,Holstein Kiel,269,L1,Thomas,Dähne,Thomas Dähne,2024,269,thomas-dahne,Germany,Oberaudorf  ,Germany,1994-01-04 00:00:00,Goalkeeper,Goalkeeper,both,193.0,2026-06-30 00:00:00,,https://img.a.transfermarkt.technology/portrait/header/115979-1753730638.jpg?lm=1,4.0,0.0,,https://www.transfermarkt.co.uk/thomas-dahne/profil/spieler/115979,L1,Holstein Kiel,350000.0,600000.0,2024,Thomas Dähne,,2425,Holstein Kiel,Thomas Dähne,GER,GK,30,1994,9,9,810,9.0,19,2.11,55,36,65.5,2,2,5,0,0.0,3,2,1,0,33.3,30.9596167008898,557.0
118161,2024-12-20,1500000,VfL Wolfsburg,82,L1,Marius,Müller,Marius Müller,2025,82,marius-muller,Germany,Heppenheim  ,Germany,1993-07-12 00:00:00,Goalkeeper,Goalkeeper,right,192.0,2027-06-30 00:00:00,Unique Sports Group,https://img.a.transfermarkt.technology/portrait/header/118161-1724771088.jpg?lm=1,0.0,0.0,,https://www.transfermarkt.co.uk/marius-muller/profil/spieler/118161,L1,VfL Wolfsburg,700000.0,2000000.0,2024,Marius Müller,,2425,Wolfsburg,Marius Müller,GER,GK,31,1993,6,5,475,5.3,5,0.95,23,18,78.3,2,3,0,1,20.0,0,0,0,0,,31.44147843942505,922.0
160963,2024-12-20,3000000,1.FSV Mainz 05,39,L1,Robin,Zentner,Robin Zentner,2025,39,robin-zentner,Germany,Rüdesheim am Rhein  ,Germany,1994-10-28 00:00:00,Goalkeeper,Goalkeeper,right,194.0,2028-06-30 00:00:00,W&K Fairplay,https://img.a.transfermarkt.technology/portrait/header/160963-1676499369.jpg?lm=1,1.0,0.0,,https://www.transfermarkt.co.uk/robin-zentner/profil/spieler/160963,L1,1.FSV Mainz 05,2500000.0,5000000.0,2024,Robin Zentner,,2425,Mainz 05,Robin Zentner,GER,GK,29,1994,32,32,2880,32.0,41,1.28,142,101,71.1,13,9,10,9,28.1,5,4,1,0,20.0,30.146475017111566,1288.0
195778,2024-12-20,12000000,VfB Stuttgart,79,L1,Alexander,Nübel,Alexander Nübel,2025,79,alexander-nubel,Germany,Paderborn  ,Germany,1996-09-30 00:00:00,Goalkeeper,Goalkeeper,right,193.0,2029-06-30 00:00:00,Siebert & Backs,https://img.a.transfermarkt.technology/portrait/header/195778-1783582812.png?lm=1,3.0,0.0,,https://www.transfermarkt.co.uk/alexander-nubel/profil/spieler/195778,L1,VfB Stuttgart,12000000.0,16000000.0,2024,Alexander Nübel,,2425,Stuttgart,Alexander Nübel,GER,GK,27,1996,34,34,3060,34.0,53,1.56,137,84,61.3,14,8,12,7,20.6,3,2,1,0,33.3,28.2217659137577,1653.0
196813,2024-12-20,4500000,SV Werder Bremen,86,L1,Michael,Zetterer,Michael Zetterer,2025,86,michael-zetterer,Germany,München  ,Germany,1995-07-12 00:00:00,Goalkeeper,Goalkeeper,both,187.0,2029-06-30 00:00:00,Siebert & Backs,https://img.a.transfermarkt.technology/portrait/header/196813-1757598019.jpg?lm=1,1.0,0.0,,https://www.transfermarkt.co.uk/michael-zetterer/profil/spieler/196813,L1,SV Werder Bremen,4000000.0,4500000.0,2024,Michael Zetterer,,2425,Werder Bremen,Michael Zetterer,GER,GK,29,1995,34,34,3060,34.0,57,1.68,158,103,63.9,14,9,11,10,29.4,3,3,0,0,0.0,29.44284736481862,1653.0
247915,2024-12-20,4000000,Borussia Mönchengladbach,18,L1,Jonas,Omlin,Jonas Omlin,2025,15,jonas-omlin,Switzerland,Sarnen  ,Switzerland,1994-01-10 00:00:00,Goalkeeper,Goalkeeper,right,190.0,2029-06-30 00:00:00,Signature - ISCM AG,https://img.a.transfermarkt.technology/portrait/header/247915-1691248651.jpg?lm=1,4.0,0.0,,https://www.transfermarkt.co.uk/jonas-omlin/profil/spieler/247915,L1,Bayer 04 Leverkusen,800000.0,9000000.0,2024,Jonas Omlin,,2425,Gladbach,Jonas Omlin,SUI,GK,30,1994,12,11,978,10.9,29,2.67,75,46,61.3,2,1,8,1,9.1,3,2,1,0,33.3,30.94318959616701,1653.0
248454,2024-12-20,3000000,FC St. Pauli,35,L1,Nikola,Vasilj,Nikola Vasilj,2025,35,nikola-vasilj,Bosnia-Herzegovina,Mostar  ,Bosnia-Herzegovina,1995-12-02 00:00:00,Goalkeeper,Goalkeeper,right,193.0,,,https://img.a.transfermarkt.technology/portrait/header/248454-1755032189.jpg?lm=1,30.0,0.0,,https://www.transfermarkt.co.uk/nikola-vasilj/profil/spieler/248454,L1,FC St. Pauli,4500000.0,4500000.0,2024,Nikola Vasilj,,2425,St Pauli,Nikola Vasilj,BIH,GK,28,1995,33,33,2969,33.0,39,1.18,132,93,70.5,8,7,18,9,27.3,5,1,4,0,80.0,29.05133470225873,0.0
251299,2024-12-20,2500000,FC Augsburg,167,L1,Finn,Dahmen,Finn Dahmen,2025,167,finn-dahmen,Germany,Wiesbaden  ,Germany,1998-03-27 00:00:00,Goalkeeper,Goalkeeper,right,186.0,2027-06-30 00:00:00,CN Sports,https://img.a.transfermarkt.technology/portrait/header/251299-1755200500.jpg?lm=1,0.0,0.0,,https://www.transfermarkt.co.uk/finn-dahmen/profil/spieler/251299,L1,FC Augsburg,12000000.0,12000000.0,2024,Finn Dahmen,,2425,Augsburg,Finn Dahmen,GER,GK,26,1998,19,19,1710,19.0,19,1.0,84,65,77.4,7,6,6,9,47.4,2,2,0,0,0.0,26.73511293634497,922.0
257814,2024-12-20,40000000,Borussia Dortmund,16,L1,Gregor,Kobel,Gregor Kobel,2025,16,gregor-kobel,Switzerland,Zürich  ,Switzerland,1997-12-06 00:00:00,Goalkeeper,Goalkeeper,right,196.0,2028-06-30 00:00:00,SBE Management AG,https://img.a.transfermarkt.technology/portrait/header/257814-1709559904.jpg?lm=1,26.0,0.0,,https://www.transfermarkt.co.uk/gregor-kobel/profil/spieler/257814,L1,Borussia Dortmund,40000000.0,40000000.0,2024,Gregor Kobel,,2425,Dortmund,Gregor Kobel,SUI,GK,26,1997,32,32,2880,32.0,47,1.47,128,84,63.3,16,6,10,7,21.9,4,4,0,0,0.0,27.039014373716633,1288.0
284270,2024-12-20,3500000,Borussia Mönchengladbach,18,L1,Moritz,Nicolas,Moritz Nicolas,2025,18,moritz-nicolas,Germany,Gladbeck  ,Germany,1997-10-21 00:00:00,Goalkeeper,Goalkeeper,right,193.0,2029-06-30 00:00:00,PORT,https://img.a.transfermarkt.technology/portrait/header/284270-1722945496.jpg?lm=1,1.0,0.0,,https://www.transfermarkt.co.uk/moritz-nicolas/profil/spieler/284270,L1,Borussia Mönchengladbach,8000000.0,8000000.0,2024,Moritz Nicolas,,2425,Gladbach,Moritz Nicolas,GER,GK,26,1997,19,19,1639,18.2,25,1.37,93,68,73.1,9,4,6,4,21.1,5,5,0,0,0.0,27.16495550992471,1653.0
284769,2024-12-20,1200000,SC Freiburg,60,L1,Florian,Müller,Florian Müller,2025,60,florian-muller,Germany,Saarlouis  ,Germany,1997-11-13 00:00:00,Goalkeeper,Goalkeeper,left,190.0,,PRO Profil GmbH,https://img.a.transfermarkt.technology/portrait/header/284769-1691998669.jpg?lm=1,2.0,0.0,,https://www.transfermarkt.co.uk/florian-muller/profil/spieler/284769,L1,SC Freiburg,1200000.0,10000000.0,2024,Florian Müller,,2425,Freiburg,Florian Müller,GER,GK,26,1997,9,8,753,8.4,16,1.91,31,15,48.4,4,1,3,1,12.5,2,2,0,0,0.0,27.10198494182067,0.0
296428,2024-12-20,1500000,Holstein Kiel,269,L1,Timon,Weiner,Timon Weiner,2024,269,timon-weiner,Germany,Essen  ,Germany,1999-01-18 00:00:00,Goalkeeper,Goalkeeper,both,191.0,2027-06-30 00:00:00,CORESPORT,https://img.a.transfermarkt.technology/portrait/header/296428-1756809019.jpg?lm=1,1.0,0.0,,https://www.transfermarkt.co.uk/timon-weiner/profil/spieler/296428,L1,Holstein Kiel,500000.0,1500000.0,2024,Timon Weiner,,2425,Holstein Kiel,Timon Weiner,GER,GK,25,1999,25,25,2250,25.0,61,2.44,141,82,56.7,4,5,16,2,8.0,4,4,0,0,0.0,25.921971252566735,922.0
346551,2024-12-20,14000000,VfL Wolfsburg,82,L1,Kamil,Grabara,Kamil Grabara,2025,82,kamil-grabara,Poland,Ruda Śląska  ,Poland,1999-01-08 00:00:00,Goalkeeper,Goalkeeper,right,195.0,2028-06-30 00:00:00,BMG-SPORT,https://img.a.transfermarkt.technology/portrait/header/346551-1724770843.jpg?lm=1,6.0,0.0,,https://www.transfermarkt.co.uk/kamil-grabara/profil/spieler/346551,L1,VfL Wolfsburg,12000000.0,14000000.0,2024,Kamil Grabara,,2425,Wolfsburg,Kamil Grabara,POL,GK,25,1999,29,29,2585,28.7,49,1.71,137,89,64.2,9,7,13,5,17.2,3,2,1,0,33.3,25.949349760438057,1288.0
432671,2024-12-20,300000,TSG 1899 Hoffenheim,533,L1,Luca,Philipp,Luca Philipp,2025,533,luca-philipp,Germany,Stuttgart  ,Germany,2000-11-28 00:00:00,Goalkeeper,Goalkeeper,right,192.0,,Unique Sports Group,https://img.a.transfermarkt.technology/portrait/header/432671-1755092013.jpg?lm=1,4.0,0.0,,https://www.transfermarkt.co.uk/luca-philipp/profil/spieler/432671,L1,TSG 1899 Hoffenheim,750000.0,750000.0,2024,Luca Philipp,,2425,Hoffenheim,Luca Philipp,GER,GK,23,2000,6,6,540,6.0,15,2.5,35,20,57.1,1,3,2,0,0.0,1,1,0,0,0.0,24.060232717316907,0.0
468539,2024-12-20,3000000,Bayern Munich,27,L1,Daniel,Peretz,Daniel Peretz,2025,41,daniel-peretz,Israel,Tel Aviv  ,Israel,2000-07-10 00:00:00,Goalkeeper,Goalkeeper,right,190.0,2030-06-30 00:00:00,,https://img.a.transfermarkt.technology/portrait/header/468539-1758188153.jpg?lm=1,12.0,0.0,,https://www.transfermarkt.co.uk/daniel-peretz/profil/spieler/468539,L1,Hamburger SV,4000000.0,5000000.0,2024,Daniel Peretz,,2425,Bayern Munich,Daniel Peretz,ISR,GK,24,2000,3,3,270,3.0,5,1.67,7,2,28.6,2,0,1,0,0.0,0,0,0,0,,24.44626967830253,2018.0
486046,2024-12-20,8000000,RB Leipzig,23826,L1,Maarten,Vandevoordt,Maarten Vandevoordt,2025,23826,maarten-vandevoordt,Belgium,Sint-Truiden  ,Belgium,2002-02-26 00:00:00,Goalkeeper,Goalkeeper,right,192.0,2030-06-30 00:00:00,THE·TEAM,https://img.a.transfermarkt.technology/portrait/header/486046-1724337345.jpg?lm=1,0.0,0.0,,https://www.transfermarkt.co.uk/maarten-vandevoordt/profil/spieler/486046,L1,RB Leipzig,15000000.0,15000000.0,2024,Maarten Vandevoordt,,2425,RB Leipzig,Maarten Vandevoordt,BEL,GK,22,2002,6,4,429,4.8,9,1.89,21,12,57.1,1,1,2,0,0.0,0,0,0,0,,22.8145106091718,2018.0
490609,2024-12-20,200000,1.FSV Mainz 05,39,L1,Lasse,Rieß,Lasse Rieß,2025,39,lasse-riess,Germany,Münster  ,Germany,2001-07-27 00:00:00,Goalkeeper,Goalkeeper,right,192.0,2027-06-30 00:00:00,ROOF,https://img.a.transfermarkt.technology/portrait/header/490609-1752587621.jpg?lm=1,,,,https://www.transfermarkt.co.uk/lasse-riess/profil/spieler/490609,L1,1.FSV Mainz 05,500000.0,700000.0,2024,Lasse Rieß,,2425,Mainz 05,Lasse Rieß,GER,GK,23,2001,2,2,180,2.0,2,1.0,8,6,75.0,1,1,0,0,0.0,0,0,0,0,,23.40041067761807,922.0
526845,2024-12-20,10000000,SC Freiburg,60,L1,Noah,Atubolu,Noah Atubolu,2025,60,noah-atubolu,Germany,Freiburg im Breisgau  ,Germany,2002-05-25 00:00:00,Goalkeeper,Goalkeeper,right,190.0,2027-06-30 00:00:00,Epic Atubolu,https://img.a.transfermarkt.technology/portrait/header/526845-1753984204.jpg?lm=1,0.0,0.0,,https://www.transfermarkt.co.uk/noah-atubolu/profil/spieler/526845,L1,SC Freiburg,25000000.0,25000000.0,2024,Noah Atubolu,,2425,Freiburg,Noah Atubolu,GER,GK,22,2002,26,26,2307,25.6,37,1.44,118,82,68.6,12,6,8,10,38.5,2,0,2,0,100.0,22.573579739904176,922.0
550829,2024-12-20,7000000,Bayer 04 Leverkusen,15,L1,Matej,Kovar,Matej Kovar,2025,383,matej-kovar,Czech Republic,Uherské Hradiště  ,Czech Republic,2000-05-17 00:00:00,Goalkeeper,Goalkeeper,right,196.0,2030-06-30 00:00:00,SPORT INVEST,https://img.a.transfermarkt.technology/portrait/header/550829-1765213743.jpg?lm=1,23.0,0.0,,https://www.transfermarkt.co.uk/matej-kovar/profil/spieler/550829,NL1,PSV Eindhoven,8000000.0,8000000.0,2024,Matej Kovar,,2425,Leverkusen,Matej Kovar,CZE,GK,24,2000,5,5,450,5.0,5,1.0,17,12,70.6,3,1,1,3,60.0,0,0,0,0,,24.594113620807665,2018.0
610190,2024-12-20,4500000,FC Augsburg,167,L1,Nediljko,Labrovic,Nediljko Labrovic,2025,167,nediljko-labrovic,Croatia,Split  ,Croatia,1999-10-10 00:00:00,Goalkeeper,Goalkeeper,right,196.0,2029-06-30 00:00:00,GreenField,https://img.a.transfermarkt.technology/portrait/header/610190-1755200567.jpg?lm=1,2.0,0.0,,https://www.transfermarkt.co.uk/nediljko-labrovic/profil/spieler/610190,L1,FC Augsburg,2000000.0,4500000.0,2024,Nediljko Labrović,,2425,Augsburg,Nediljko Labrović,CRO,GK,24,1999,15,15,1350,15.0,32,2.13,74,42,56.8,4,4,7,2,13.3,3,3,0,0,0.0,25.196440793976727,1653.0
668571,2024-12-20,150000,FC SILON Taborsko,28596,,Daniel,Kerl,Daniel Kerl,2025,197,daniel-kerl,,,Czech Republic,2001-01-14 00:00:00,Goalkeeper,Goalkeeper,right,197.0,,,https://img.a.transfermarkt.technology/portrait/header/default.jpg?lm=1,,,,https://www.transfermarkt.co.uk/daniel-kerl/profil/spieler/668571,TS1,AC Sparta Prague,200000.0,200000.0,2024,Daniel Peretz,,2425,Bayern Munich,Daniel Peretz,ISR,GK,24,2000,3,3,270,3.0,5,1.67,7,2,28.6,2,0,1,0,0.0,0,0,0,0,,23.9315537303217,0.0
725912,2024-12-20,12000000,SK Slavia Prague,62,TS1,Antonín,Kinský,Antonín Kinský,2025,148,antonin-kinsky,Czech Republic,Praha  ,Czech Republic,2003-03-13 00:00:00,Goalkeeper,Goalkeeper,right,190.0,2031-06-30 00:00:00,,https://img.a.transfermarkt.technology/portrait/header/725912-1766160431.jpg?lm=1,0.0,0.0,,https://www.transfermarkt.co.uk/antonin-kinsky/profil/spieler/725912,GB1,Tottenham Hotspur,15000000.0,15000000.0,2024,Antonín Kinský,ENG-Premier League,2425,Tottenham,Antonín Kinský,CZE,GK,21,2003,6,6,540,6.0,11,1.83,35,24,68.6,1,0,5,1,16.7,0,0,0,0,,21.7741273100616,2383.0
806948,2024-12-20,350000,1.FC Heidenheim 1846,2036,L1,Frank,Feller,Frank Feller,2025,2036,frank-feller,Germany,Leonberg  ,Germany,2004-01-07 00:00:00,Goalkeeper,Goalkeeper,right,183.0,2029-06-30 00:00:00,SoccerQ GmbH,https://img.a.transfermarkt.technology/portrait/header/806948-1690186659.jpg?lm=1,0.0,0.0,,https://www.transfermarkt.co.uk/frank-feller/profil/spieler/806948,L1,1. Fußballclub Heidenheim 1846,800000.0,800000.0,2024,Frank Feller,,2425,Heidenheim,Frank Feller,GER,GK,20,2004,2,1,121,1.3,0,0.0,2,2,100.0,1,0,0,2,200.0,0,0,0,0,,20.95277207392197,1653.0
997861,2024-12-20,2500000,Eintracht Frankfurt,24,L1,Kauã,Santos,Kauã Santos,2025,24,kaua-santos,Brazil,Vassouras  ,Brazil,2003-04-11 00:00:00,Goalkeeper,Goalkeeper,right,196.0,2030-06-30 00:00:00,,https://img.a.transfermarkt.technology/portrait/header/997861-1696509170.jpg?lm=1,2.0,0.0,,https://www.transfermarkt.co.uk/kaua-santos/profil/spieler/997861,L1,Eintracht Frankfurt,7000000.0,10000000.0,2024,Kauã Santos,,2425,Frankfurt,Kauã Santos,BRA,GK,21,2003,9,8,765,8.5,12,1.41,49,37,75.5,5,1,2,3,37.5,1,1,0,0,0.0,21.694729637234772,2018.0
85528,2024-12-23,500000,UC Sampdoria,1038,IT1,Marco,Silvestri,Marco Silvestri,2025,2239,marco-silvestri,Italy,Castelnovo ne' Monti  ,Italy,1991-03-02 00:00:00,Goalkeeper,Goalkeeper,right,191.0,,Team Raiola,https://img.a.transfermarkt.technology/portrait/header/85528-1663664993.jpg?lm=1,0.0,0.0,,https://www.transfermarkt.co.uk/marco-silvestri/profil/spieler/85528,IT1,US Cremonese,500000.0,10000000.0,2024,Marco Silvestri,ITA-Serie A,2425,Empoli,Marco Silvestri,ITA,GK,33,1991,5,5,450,5.0,11,2.2,27,16,59.3,0,1,4,0,0.0,0,0,0,0,,33.81245722108145,0.0
44058,2024-12-27,1000000,FC Barcelona,131,ES1,Wojciech,Szczesny,Wojciech Szczesny,2025,131,wojciech-szczesny,Poland,Warszawa  ,Poland,1990-04-18 00:00:00,Goalkeeper,Goalkeeper,right,195.0,2027-06-30 00:00:00,CAA Stellar,https://img.a.transfermarkt.technology/portrait/header/44058-1744278078.jpg?lm=1,84.0,0.0,,https://www.transfermarkt.co.uk/wojciech-szczesny/profil/spieler/44058,ES1,FC Barcelona,800000.0,40000000.0,2024,Wojciech Szczęsny,ESP-La Liga,2425,Barcelona,Wojciech Szczęsny,POL,GK,34,1990,15,15,1350,15.0,12,0.8,33,21,63.6,14,1,0,8,53.3,1,1,0,0,0.0,34.69404517453799,915.0
64399,2024-12-27,800000,Celta de Vigo,940,ES1,Vicente,Guaita,Vicente Guaita,2025,130,vicente-guaita,Spain,Torrent  ,Spain,1987-01-10 00:00:00,Goalkeeper,Goalkeeper,right,190.0,,JCRsport,https://img.a.transfermarkt.technology/portrait/header/64399-1744193190.jpg?lm=1,,,,https://www.transfermarkt.co.uk/vicente-guaita/profil/spieler/64399,IT1,Parma Calcio 1913,400000.0,10000000.0,2024,Vicente Guaita,ESP-La Liga,2425,Celta Vigo,Vicente Guaita,ESP,GK,37,1987,34,34,3060,34.0,48,1.41,129,81,62.8,14,7,13,8,23.5,3,3,0,0,0.0,37.96303901437371,0.0
73517,2024-12-27,1000000,Sevilla FC,368,ES1,Ørjan,Nyland,Ørjan Nyland,2025,368,orjan-nyland,Norway,Volda  ,Norway,1990-09-10 00:00:00,Goalkeeper,Goalkeeper,right,192.0,,,https://img.a.transfermarkt.technology/portrait/header/73517-1779430891.jpg?lm=1,75.0,0.0,,https://www.transfermarkt.co.uk/orjan-nyland/profil/spieler/73517,ES1,Sevilla FC,800000.0,3000000.0,2024,Ørjan Nyland,ESP-La Liga,2425,Sevilla,Ørjan Nyland,NOR,GK,33,1990,30,30,2673,29.7,39,1.31,112,73,65.2,8,10,12,8,26.7,4,3,1,0,25.0,34.29705681040383,0.0
74857,2024-12-27,15000000,FC Barcelona,131,ES1,Marc-André,ter Stegen,Marc-André ter Stegen,2025,131,marc-andre-ter-stegen,Germany,Mönchengladbach  ,Germany,1992-04-30 00:00:00,Goalkeeper,Goalkeeper,right,187.0,2028-06-30 00:00:00,ROOF,https://img.a.transfermarkt.technology/portrait/header/74857-1674465246.jpg?lm=1,44.0,0.0,,https://www.transfermarkt.co.uk/marc-andre-ter-stegen/profil/spieler/74857,ES1,FC Barcelona,3000000.0,90000000.0,2024,Marc-André ter Stegen,ESP-La Liga,2425,Barcelona,Marc-André ter Stegen,GER,GK,32,1992,8,8,674,7.5,9,1.2,23,14,60.9,7,0,1,1,12.5,1,1,0,0,0.0,32.65982203969884,1281.0
94308,2024-12-27,800000,CD Leganés,1244,ES1,Marko,Dmitrovic,Marko Dmitrovic,2025,714,marko-dmitrovic,Jugoslawien (SFR),Subotica  ,Serbia,1992-01-24 00:00:00,Goalkeeper,Goalkeeper,left,189.0,2028-06-30 00:00:00,IDUB GLOBAL,https://img.a.transfermarkt.technology/portrait/header/94308-1669364494.jpg?lm=1,19.0,0.0,,https://www.transfermarkt.co.uk/marko-dmitrovic/profil/spieler/94308,ES1,RCD Espanyol Barcelona,700000.0,12000000.0,2024,Marko Dmitrović,ESP-La Liga,2425,Leganés,Marko Dmitrović,SRB,GK,32,1992,32,32,2880,32.0,49,1.53,145,102,66.2,8,11,13,10,31.3,8,7,0,1,0.0,32.92539356605065,1281.0
108390,2024-12-27,25000000,Real Madrid,418,ES1,Thibaut,Courtois,Thibaut Courtois,2025,418,thibaut-courtois,Belgium,Bree  ,Belgium,1992-05-11 00:00:00,Goalkeeper,Goalkeeper,left,199.0,2027-06-30 00:00:00,RGM,https://img.a.transfermarkt.technology/portrait/header/108390-1717280733.jpg?lm=1,115.0,0.0,,https://www.transfermarkt.co.uk/thibaut-courtois/profil/spieler/108390,ES1,Real Madrid,15000000.0,75000000.0,2024,Thibaut Courtois,ESP-La Liga,2425,Real Madrid,Thibaut Courtois,BEL,GK,32,1992,30,30,2700,30.0,29,0.97,106,77,72.6,20,6,4,11,36.7,3,3,0,0,0.0,32.629705681040384,915.0
118997,2024-12-27,1500000,CA Osasuna,331,ES1,Aitor,Fernández,Aitor Fernández,2025,331,aitor-fernandez,Spain,Arrasate  ,Spain,1991-05-03 00:00:00,Goalkeeper,Goalkeeper,right,182.0,2027-06-30 00:00:00,,https://img.a.transfermarkt.technology/portrait/header/118997-1683281584.jpg?lm=1,3.0,0.0,,https://www.transfermarkt.co.uk/aitor-fernandez/profil/spieler/118997,ES1,CA Osasuna,500000.0,10000000.0,2024,Aitor Fernández,ESP-La Liga,2425,Osasuna,Aitor Fernández,ESP,GK,33,1991,1,1,90,1.0,0,0.0,5,5,100.0,0,1,0,1,100.0,0,0,0,0,,33.65366187542779,915.0
121483,2024-12-27,25000000,Atlético de Madrid,13,ES1,Jan,Oblak,Jan Oblak,2025,13,jan-oblak,Slovenia,Škofja Loka  ,Slovenia,1993-01-07 00:00:00,Goalkeeper,Goalkeeper,right,188.0,2028-06-30 00:00:00,Miha Mlakar,https://img.a.transfermarkt.technology/portrait/header/121483-1719350076.jpg?lm=1,84.0,0.0,,https://www.transfermarkt.co.uk/jan-oblak/profil/spieler/121483,ES1,Atlético de Madrid,15000000.0,100000000.0,2024,Jan Oblak,ESP-La Liga,2425,Atlético Madrid,Jan Oblak,SVN,GK,31,1993,36,36,3240,36.0,30,0.83,116,86,74.1,20,10,6,15,41.7,5,5,0,0,0.0,31.969883641341546,1281.0
146227,2024-12-27,900000,UD Las Palmas,472,ES1,Jasper,Cillessen,Jasper Cillessen,2025,467,jasper-cillessen,Netherlands,Nijmegen  ,Netherlands,1989-04-22 00:00:00,Goalkeeper,Goalkeeper,right,187.0,,SEG,https://img.a.transfermarkt.technology/portrait/header/146227-1764255346.png?lm=1,65.0,0.0,,https://www.transfermarkt.co.uk/jasper-cillessen/profil/spieler/146227,NL1,NEC Nijmegen,300000.0,20000000.0,2024,Jasper Cillessen,ESP-La Liga,2425,Las Palmas,Jasper Cillessen,NED,GK,35,1989,27,27,2335,25.9,42,1.62,130,88,67.7,6,8,13,3,11.1,8,4,3,1,42.9,35.68240930869268,0.0
165467,2024-12-27,3000000,Valencia CF,1049,ES1,Stole,Dimitrievski,Stole Dimitrievski,2025,1049,stole-dimitrievski,Macedonia,Kumanovo  ,North Macedonia,1993-12-25 00:00:00,Goalkeeper,Goalkeeper,right,188.0,2028-06-30 00:00:00,AS1,https://img.a.transfermarkt.technology/portrait/header/165467-1541150592.jpg?lm=1,90.0,0.0,,https://www.transfermarkt.co.uk/stole-dimitrievski/profil/spieler/165467,ES1,Valencia CF,2000000.0,4000000.0,2024,Stole Dimitrievski,ESP-La Liga,2425,Valencia,Stole Dimitrievski,MKD,GK,30,1993,4,4,360,4.0,6,1.5,12,6,50.0,0,2,2,0,0.0,2,1,0,1,0.0,31.006160164271048,1281.0
195488,2024-12-27,3500000,Girona FC,12321,ES1,Paulo,Gazzaniga,Paulo Gazzaniga,2025,12321,paulo-gazzaniga,Argentina,Murphy  ,Argentina,1992-01-02 00:00:00,Goalkeeper,Goalkeeper,right,195.0,2027-06-30 00:00:00,LGT Football,https://img.a.transfermarkt.technology/portrait/header/195488-1769783747.jpg?lm=1,1.0,0.0,,https://www.transfermarkt.co.uk/paulo-gazzaniga/profil/spieler/195488,ES1,Girona FC,1800000.0,4000000.0,2024,Paulo Gazzaniga,ESP-La Liga,2425,Girona,Paulo Gazzaniga,ARG,GK,32,1992,36,36,3195,35.5,51,1.44,141,90,63.8,11,8,17,8,22.2,5,2,3,0,60.0,32.98562628336756,915.0
212862,2024-12-27,25000000,Real Sociedad,681,ES1,Álex,Remiro,Álex Remiro,2025,681,alex-remiro,Spain,Cascante  ,Spain,1995-03-24 00:00:00,Goalkeeper,Goalkeeper,right,192.0,2027-06-30 00:00:00,Feel Winner,https://img.a.transfermarkt.technology/portrait/header/212862-1694594210.jpg?lm=1,2.0,0.0,,https://www.transfermarkt.co.uk/alex-remiro/profil/spieler/212862,ES1,Real Sociedad,9000000.0,25000000.0,2024,Álex Remiro,ESP-La Liga,2425,Real Sociedad,Álex Remiro,ESP,GK,29,1995,36,36,3240,36.0,43,1.19,124,86,65.3,13,7,16,13,36.1,6,5,1,0,16.7,29.763175906913073,915.0
226012,2024-12-27,4000000,Getafe CF,3709,ES1,David,Soria,David Soria,2025,3709,david-soria,Spain,Madrid  ,Spain,1993-04-04 00:00:00,Goalkeeper,Goalkeeper,right,192.0,2030-06-30 00:00:00,AS1,https://img.a.transfermarkt.technology/portrait/header/226012-1696863038.jpg?lm=1,,,,https://www.transfermarkt.co.uk/david-soria/profil/spieler/226012,ES1,Getafe CF,2800000.0,18000000.0,2024,David Soria,ESP-La Liga,2425,Getafe,David Soria,ESP,GK,31,1993,38,38,3420,38.0,39,1.03,128,89,69.5,11,9,18,9,23.7,9,8,1,0,11.1,31.731690622861056,2011.0
234811,2024-12-27,5000000,Real Betis Balompié,150,ES1,Rui,Silva,Rui Silva,2025,336,rui-silva,Portugal,Maia  ,Portugal,1994-02-07 00:00:00,Goalkeeper,Goalkeeper,left,191.0,2028-06-30 00:00:00,Team of Future,https://img.a.transfermarkt.technology/portrait/header/234811-1666770953.jpg?lm=1,3.0,0.0,,https://www.transfermarkt.co.uk/rui-silva/profil/spieler/234811,PO1,Sporting CP,7000000.0,15000000.0,2024,Rui Silva,ESP-La Liga,2425,Real Betis,Rui Silva,POR,GK,30,1994,15,15,1350,15.0,18,1.2,55,37,67.3,5,5,5,4,26.7,3,3,0,0,0.0,30.885694729637233,1281.0
242359,2024-12-27,4000000,Atlético de Madrid,13,ES1,Juan,Musso,Juan Musso,2025,13,juan-musso,Argentina,San Nicolás de los Arroyos  ,Argentina,1994-05-06 00:00:00,Goalkeeper,Goalkeeper,right,193.0,2028-06-30 00:00:00,,https://img.a.transfermarkt.technology/portrait/header/242359-1663583047.jpg?lm=1,4.0,0.0,,https://www.transfermarkt.co.uk/juan-musso/profil/spieler/242359,ES1,Atlético de Madrid,3000000.0,20000000.0,2024,Juan Musso,ESP-La Liga,2425,Atlético Madrid,Juan Musso,ARG,GK,30,1994,2,2,180,2.0,0,0.0,2,2,100.0,2,0,0,2,100.0,0,0,0,0,,30.64476386036961,1281.0
242359,2024-12-27,4000000,Atlético de Madrid,13,ES1,Juan,Musso,Juan Musso,2025,13,juan-musso,Argentina,San Nicolás de los Arroyos  ,Argentina,1994-05-06 00:00:00,Goalkeeper,Goalkeeper,right,193.0,2028-06-30 00:00:00,,https://img.a.transfermarkt.technology/portrait/header/242359-1663583047.jpg?lm=1,4.0,0.0,,https://www.transfermarkt.co.uk/juan-musso/profil/spieler/242359,ES1,Atlético de Madrid,3000000.0,20000000.0,2024,Juan Musso,ITA-Serie A,2425,Atalanta,Juan Musso,ARG,GK,30,1994,1,1,90,1.0,0,0.0,4,4,100.0,1,0,0,1,100.0,0,0,0,0,,30.64476386036961,1281.0
248738,2024-12-27,4000000,CA Osasuna,331,ES1,Sergio,Herrera,Sergio Herrera,2025,331,sergio-herrera,Spain,Miranda de Ebro  ,Spain,1993-06-05 00:00:00,Goalkeeper,Goalkeeper,right,192.0,2028-06-30 00:00:00,Gersh,https://img.a.transfermarkt.technology/portrait/header/248738-1732220099.jpg?lm=1,,,,https://www.transfermarkt.co.uk/sergio-herrera/profil/spieler/248738,ES1,CA Osasuna,2800000.0,8000000.0,2024,Sergio Herrera,ESP-La Liga,2425,Osasuna,Sergio Herrera,ESP,GK,31,1993,37,37,3330,37.0,52,1.41,184,132,71.7,12,15,10,8,21.6,7,7,0,0,0.0,31.561943874058862,1281.0
251892,2024-12-27,1500000,CD Leganés,1244,ES1,Juan,Soriano,Juan Soriano,2024,1244,juan-soriano,Spain,Benacazón  ,Spain,1997-08-23 00:00:00,Goalkeeper,Goalkeeper,right,185.0,2027-06-30 00:00:00,,https://img.a.transfermarkt.technology/portrait/header/251892-1583333927.jpg?lm=1,1.0,0.0,,https://www.transfermarkt.co.uk/juan-soriano/profil/spieler/251892,ES1,CD Leganés,1000000.0,2500000.0,2024,Juan Soriano,ESP-La Liga,2425,Leganés,Juan Soriano,ESP,GK,26,1997,6,6,540,6.0,7,1.17,26,19,73.1,1,2,3,1,16.7,0,0,0,0,,27.345653661875428,915.0
262396,2024-12-27,28000000,Athletic Bilbao,621,ES1,Unai,Simón,Unai Simón,2025,621,unai-simon,Spain,Vitoria-Gasteiz  ,Spain,1997-06-11 00:00:00,Goalkeeper,Goalkeeper,right,190.0,2029-06-30 00:00:00,CAA Stellar,https://img.a.transfermarkt.technology/portrait/header/262396-1709674901.png?lm=1,64.0,0.0,,https://www.transfermarkt.co.uk/unai-simon/profil/spieler/262396,ES1,Athletic Bilbao,22000000.0,30000000.0,2024,Unai Simón,ESP-La Liga,2425,Athletic Club,Unai Simón,ESP,GK,27,1997,21,21,1890,21.0,14,0.67,61,47,77.0,10,8,3,10,47.6,2,1,1,0,50.0,27.54551676933607,1646.0
275218,2024-12-27,6000000,Rayo Vallecano,367,ES1,Augusto,Batalla,Augusto Batalla,2025,367,augusto-batalla,Argentina,Hurlingham  ,Argentina,1996-04-30 00:00:00,Goalkeeper,Goalkeeper,right,185.0,2030-06-30 00:00:00,Hernan Berman,https://img.a.transfermarkt.technology/portrait/header/275218-1775761484.jpg?lm=1,13.0,0.0,,https://www.transfermarkt.co.uk/augusto-batalla/profil/spieler/275218,ES1,Rayo Vallecano,6000000.0,6000000.0,2024,Augusto Batalla,ESP-La Liga,2425,Rayo Vallecano,Augusto Batalla,ARG,GK,28,1996,32,32,2880,32.0,39,1.22,125,93,68.8,10,12,10,8,25.0,8,6,2,0,25.0,28.659822039698838,2011.0
283170,2024-12-27,10000000,FC Barcelona,131,ES1,Iñaki,Peña,Iñaki Peña,2025,131,inaki-pena,Spain,Alicante  ,Spain,1999-03-02 00:00:00,Goalkeeper,Goalkeeper,right,184.0,2029-06-30 00:00:00,AC Talent,https://img.a.transfermarkt.technology/portrait/header/283170-1702502364.jpg?lm=1,0.0,0.0,,https://www.transfermarkt.co.uk/inaki-pena/profil/spieler/283170,ES1,FC Barcelona,4000000.0,10000000.0,2024,Iñaki Peña,ESP-La Liga,2425,Barcelona,Iñaki Peña,ESP,GK,25,1999,16,15,1396,15.5,18,1.16,52,35,65.4,7,3,5,4,26.7,2,2,0,0,0.0,25.82340862422998,1646.0
286415,2024-12-27,3500000,Girona FC,12321,ES1,Pau,López,Pau López,2025,150,pau-lopez,Spain,Girona  ,Spain,1994-12-13 00:00:00,Goalkeeper,Goalkeeper,left,189.0,2028-06-30 00:00:00,Goal Management,https://img.a.transfermarkt.technology/portrait/header/286415-1762266591.jpg?lm=1,2.0,0.0,,https://www.transfermarkt.co.uk/pau-lopez/profil/spieler/286415,ES1,Real Betis Balompié,2500000.0,24000000.0,2024,Pau López,ESP-La Liga,2425,Girona,Pau López,ESP,GK,29,1994,1,0,45,0.5,2,4.0,3,1,33.3,0,0,0,0,,0,0,0,0,,30.039698836413415,1281.0
290346,2024-12-27,800000,Real Valladolid CF,366,ES1,André,Ferreira,André Ferreira,2025,979,andre-ferreira,Portugal,Vila Nova de Gaia  ,Portugal,1996-05-29 00:00:00,Goalkeeper,Goalkeeper,right,193.0,2028-06-30 00:00:00,MadeinFootball,https://img.a.transfermarkt.technology/portrait/header/290346-1548259586.jpg?lm=1,0.0,0.0,,https://www.transfermarkt.co.uk/andre-ferreira/profil/spieler/290346,PO1,Moreirense FC,600000.0,900000.0,2024,André Ferreira,ESP-La Liga,2425,Valladolid,André Ferreira,POR,GK,28,1996,6,6,540,6.0,20,3.33,40,20,50.0,0,0,6,0,0.0,3,3,0,0,0.0,28.580424366872005,1281.0
297194,2024-12-27,1200000,Celta de Vigo,940,ES1,Iván,Villar,Iván Villar,2025,940,ivan-villar,Spain,Aldán  ,Spain,1997-07-09 00:00:00,Goalkeeper,Goalkeeper,right,183.0,2027-06-30 00:00:00,AS1,https://img.a.transfermarkt.technology/portrait/header/297194-1516876837.jpg?lm=1,0.0,0.0,,https://www.transfermarkt.co.uk/ivan-villar/profil/spieler/297194,ES1,Celta de Vigo,900000.0,2500000.0,2024,Iván Villar,ESP-La Liga,2425,Celta Vigo,Iván Villar,ESP,GK,27,1997,4,4,360,4.0,9,2.25,19,10,52.6,2,0,2,0,0.0,1,0,1,0,100.0,27.468856947296374,915.0
298197,2024-12-27,6000000,Deportivo Alavés,1108,ES1,Antonio,Sivera,Antonio Sivera,2025,1108,antonio-sivera,Spain,Xàbia  ,Spain,1996-08-11 00:00:00,Goalkeeper,Goalkeeper,right,185.0,2027-06-30 00:00:00,THE·TEAM,https://img.a.transfermarkt.technology/portrait/header/298197-1713856039.jpg?lm=1,10.0,0.0,,https://www.transfermarkt.co.uk/antonio-sivera/profil/spieler/298197,ES1,Deportivo Alavés,6000000.0,6000000.0,2024,Antonio Sivera,ESP-La Liga,2425,Alavés,Antonio Sivera,ESP,GK,27,1996,32,32,2810,31.2,39,1.25,106,75,63.2,9,10,13,9,28.1,9,9,0,0,0.0,28.37782340862423,915.0
316884,2024-12-27,6000000,RCD Mallorca,237,ES1,Dominik,Greif,Dominik Greif,2025,1041,dominik-greif,Slovakia,Bratislava  ,Slovakia,1997-04-06 00:00:00,Goalkeeper,Goalkeeper,right,197.0,2029-06-30 00:00:00,Stars & Friends,https://img.a.transfermarkt.technology/portrait/header/316884-1773950159.jpg?lm=1,5.0,0.0,,https://www.transfermarkt.co.uk/dominik-greif/profil/spieler/316884,FR1,Olympique Lyon,9000000.0,9000000.0,2024,Dominik Greif,ESP-La Liga,2425,Mallorca,Dominik Greif,SVK,GK,27,1997,31,31,2790,31.0,34,1.1,119,85,71.4,11,8,12,7,22.6,2,2,0,0,0.0,27.72621492128679,1646.0
341713,2024-12-27,10000000,Villarreal CF,1050,ES1,Diego,Conde,Diego Conde,2025,1050,diego-conde,Spain,Madrid  ,Spain,1998-10-28 00:00:00,Goalkeeper,Goalkeeper,right,188.0,2029-06-30 00:00:00,Manuel García Quilón,https://img.a.transfermarkt.technology/portrait/header/341713-1669364743.jpg?lm=1,,,,https://www.transfermarkt.co.uk/diego-conde/profil/spieler/341713,ES1,Villarreal CF,3000000.0,10000000.0,2024,Diego Conde,ESP-La Liga,2425,Villarreal,Diego Conde,ESP,GK,25,1998,22,22,1962,21.8,33,1.51,96,63,65.6,11,6,5,2,9.1,4,3,0,1,0.0,26.16563997262149,1646.0
397676,2024-12-27,1800000,Rayo Vallecano,367,ES1,Dani,Cárdenas,Dani Cárdenas,2025,367,dani-cardenas,Spain,Terrassa  ,Spain,1997-03-28 00:00:00,Goalkeeper,Goalkeeper,right,186.0,2027-06-30 00:00:00,,https://img.a.transfermarkt.technology/portrait/header/397676-1663571879.jpg?lm=1,,,,https://www.transfermarkt.co.uk/dani-cardenas/profil/spieler/397676,ES1,Rayo Vallecano,1800000.0,2000000.0,2024,Dani Cárdenas,ESP-La Liga,2425,Rayo Vallecano,Dani Cárdenas,ESP,GK,27,1997,6,6,540,6.0,6,1.0,20,14,70.0,3,1,2,2,33.3,0,0,0,0,,27.750855578370977,915.0
404839,2024-12-27,20000000,Real Madrid,418,ES1,Andriy,Lunin,Andriy Lunin,2025,418,andriy-lunin,Ukraine,"Krasnograd, Kharkiv Oblast  ",Ukraine,1999-02-11 00:00:00,Goalkeeper,Goalkeeper,right,191.0,2030-06-30 00:00:00,Gestifute,https://img.a.transfermarkt.technology/portrait/header/404839-1701294131.jpg?lm=1,16.0,0.0,,https://www.transfermarkt.co.uk/andriy-lunin/profil/spieler/404839,ES1,Real Madrid,12000000.0,25000000.0,2024,Andriy Lunin,ESP-La Liga,2425,Real Madrid,Andriy Lunin,UKR,GK,25,1999,7,7,630,7.0,7,1.0,20,13,65.0,6,0,1,4,57.1,0,0,0,0,,25.87542778918549,2011.0
493513,2024-12-27,3000000,Real Valladolid CF,366,ES1,Karl,Hein,Karl Hein,2025,86,karl-hein,Estonia,Põlva  ,Estonia,2002-04-13 00:00:00,Goalkeeper,Goalkeeper,right,193.0,,THE·TEAM,https://img.a.transfermarkt.technology/portrait/header/493513-1758702558.jpg?lm=1,47.0,0.0,,https://www.transfermarkt.co.uk/karl-hein/profil/spieler/493513,L1,SV Werder Bremen,3000000.0,3000000.0,2024,Karl Jakob Hein,ESP-La Liga,2425,Valladolid,Karl Jakob Hein,EST,GK,22,2002,31,31,2790,31.0,68,2.19,164,96,58.5,4,4,23,5,16.1,4,4,0,0,0.0,22.70773442847365,0.0
502676,2024-12-27,40000000,Valencia CF,1049,ES1,Giorgi,Mamardashvili,Giorgi Mamardashvili,2025,31,giorgi-mamardashvili,Georgia,Tiflis  ,Georgia,2000-09-29 00:00:00,Goalkeeper,Goalkeeper,left,197.0,2031-06-30 00:00:00,Free Football,https://img.a.transfermarkt.technology/portrait/header/502676-1716542116.jpg?lm=1,38.0,0.0,,https://www.transfermarkt.co.uk/giorgi-mamardashvili/profil/spieler/502676,GB1,Liverpool FC,28000000.0,45000000.0,2024,Giorgi Mamardashvili,ESP-La Liga,2425,Valencia,Giorgi Mamardashvili,GEO,GK,23,2000,34,34,3060,34.0,48,1.41,139,91,65.5,11,11,12,8,23.5,7,5,2,0,28.6,24.243668720054757,2376.0
540058,2024-12-27,300000,Makedonikos Neapolis,21600,,Christos,Talichmanidis,Christos Talichmanidis,2024,1091,christos-talichmanidis,Greece,Thessaloniki  ,Greece,2001-03-16 00:00:00,Goalkeeper,Goalkeeper,right,187.0,2026-05-31 00:00:00,Perpetuum IQ,https://img.a.transfermarkt.technology/portrait/header/540058-1773089077.png?lm=1,1.0,0.0,,https://www.transfermarkt.co.uk/christos-talichmanidis/profil/spieler/540058,GR1,Panthessalonikios Athlitikos Omilos Konstantinoupoliton,400000.0,400000.0,2024,Christos Mandas,ITA-Serie A,2425,Lazio,Christos Mandas,GRE,GK,22,2001,9,9,810,9.0,7,0.78,27,20,74.1,3,5,1,4,44.4,0,0,0,0,,23.783709787816566,520.0
561613,2024-12-27,10000000,RCD Espanyol Barcelona,714,ES1,Joan,García,Joan García,2025,131,joan-garcia,Spain,Sallent de Llobregat  ,Spain,2001-05-04 00:00:00,Goalkeeper,Goalkeeper,right,194.0,2031-06-30 00:00:00,,https://img.a.transfermarkt.technology/portrait/header/561613-1747386081.jpg?lm=1,2.0,0.0,,https://www.transfermarkt.co.uk/joan-garcia/profil/spieler/561613,ES1,FC Barcelona,45000000.0,45000000.0,2024,Joan García,ESP-La Liga,2425,Espanyol,Joan García,ESP,GK,23,2001,38,38,3420,38.0,51,1.34,194,143,73.7,11,9,18,8,21.1,6,4,2,0,33.3,23.64955509924709,2376.0
562742,2024-12-27,2500000,RCD Mallorca,237,ES1,Leo,Román,Leo Román,2025,237,leo-roman,Spain,Ibiza  ,Spain,2000-07-06 00:00:00,Goalkeeper,Goalkeeper,right,189.0,2031-06-30 00:00:00,,https://img.a.transfermarkt.technology/portrait/header/562742-1745395600.jpg?lm=1,1.0,0.0,,https://www.transfermarkt.co.uk/leo-roman/profil/spieler/562742,ES1,RCD Mallorca,6000000.0,6000000.0,2024,Leo Román,ESP-La Liga,2425,Mallorca,Leo Román,ESP,GK,24,2000,7,7,630,7.0,10,1.43,50,40,80.0,2,1,4,2,28.6,1,1,0,0,0.0,24.476386036960985,2376.0
608382,2024-12-27,100000,Deportivo Alavés,1108,ES1,Adrián,Rodríguez,Adrián Rodríguez,2024,1108,adrian-rodriguez,Spain,Palma de Mallorca  ,Argentina,2000-12-12 00:00:00,Goalkeeper,Goalkeeper,right,195.0,2026-06-30 00:00:00,InterStarDeporte,https://img.a.transfermarkt.technology/portrait/header/default.jpg?lm=1,2.0,0.0,,https://www.transfermarkt.co.uk/adrian-rodriguez/profil/spieler/608382,ES1,Deportivo Alavés,200000.0,200000.0,2024,Adrian Rodriguez,ESP-La Liga,2425,Alavés,Adrian Rodriguez,ESP,GK,23,2000,2,1,122,1.4,2,1.48,6,4,66.7,0,1,0,1,100.0,1,1,0,0,0.0,24.041067761806982,550.0
625014,2024-12-27,15000000,Athletic Bilbao,621,ES1,Julen,Agirrezabala,Julen Agirrezabala,2025,1049,julen-agirrezabala,Spain,Donostia-San Sebastián  ,Spain,2000-12-26 00:00:00,Goalkeeper,Goalkeeper,left,187.0,2027-06-30 00:00:00,Gersh,https://img.a.transfermarkt.technology/portrait/header/625014-1709674945.png?lm=1,8.0,0.0,,https://www.transfermarkt.co.uk/julen-agirrezabala/profil/spieler/625014,ES1,Valencia CF,9000000.0,15000000.0,2024,Julen Agirrezabala,ESP-La Liga,2425,Athletic Club,Julen Agirrezabala,ESP,GK,23,2000,14,14,1206,13.4,10,0.75,34,24,70.6,9,4,1,5,35.7,2,1,1,0,50.0,24.00273785078713,915.0
625657,2024-12-27,300000,Real Sociedad,681,ES1,Unai,Marrero,Unai Marrero,2025,681,unai-marrero,Spain,Donostia-San Sebastián  ,Spain,2001-10-09 00:00:00,Goalkeeper,Goalkeeper,right,189.0,2030-06-30 00:00:00,IDUB GLOBAL,https://img.a.transfermarkt.technology/portrait/header/625657-1692370133.jpg?lm=1,,,,https://www.transfermarkt.co.uk/unai-marrero/profil/spieler/625657,ES1,Real Sociedad,1000000.0,1000000.0,2024,Unai Marrero,ESP-La Liga,2425,Real Sociedad,Unai Marrero,ESP,GK,22,2001,2,2,180,2.0,3,1.5,11,8,72.7,0,0,2,0,0.0,1,0,1,0,100.0,23.21697467488022,2011.0
834483,2024-12-27,2000000,Athletic Bilbao,621,ES1,Álex,Padilla,Álex Padilla,2025,621,alex-padilla,Spain,Zarautz  ,Mexico,2003-09-01 00:00:00,Goalkeeper,Goalkeeper,right,190.0,2029-06-30 00:00:00,THE·TEAM,https://img.a.transfermarkt.technology/portrait/header/834483-1709676711.png?lm=1,3.0,0.0,,https://www.transfermarkt.co.uk/alex-padilla/profil/spieler/834483,ES1,Athletic Bilbao,3000000.0,3000000.0,2024,Alex Padilla,ESP-La Liga,2425,Athletic Club,Alex Padilla,ESP,GK,20,2003,5,3,321,3.6,6,1.68,18,12,66.7,0,1,2,0,0.0,1,1,0,0,0.0,21.322381930184804,1646.0
617009,2025-01-09,600000,Auckland FC,118373,AUS1,Alex,Paulsen,Alex Paulsen,2025,4000,alex-paulsen,New Zealand,Auckland  ,New Zealand,2002-07-04 00:00:00,Goalkeeper,Goalkeeper,right,184.0,2028-06-30 00:00:00,Footballhouseplus,https://img.a.transfermarkt.technology/portrait/header/617009-1765112812.png?lm=1,8.0,0.0,,https://www.transfermarkt.co.uk/alex-paulsen/profil/spieler/617009,PL1,Lechia Gdansk,500000.0,750000.0,2024,Alex Palmer,ENG-Premier League,2425,Ipswich Town,Alex Palmer,ENG,GK,27,1996,13,13,1170,13.0,30,2.31,75,45,60.0,1,3,9,0,0.0,1,1,0,0,0.0,22.518822724161534,1268.0
262105,2025-01-10,300000,FK Javor-Matis Ivanjica,8819,SER1,Nikola,Vasiljevic,Nikola Vasiljevic,2025,8819,nikola-vasiljevic,Yugoslavia (Republic),Niš  ,Serbia,1996-06-24 00:00:00,Goalkeeper,Goalkeeper,right,202.0,2027-06-30 00:00:00,,https://img.a.transfermarkt.technology/portrait/header/262105-1694785419.jpg?lm=1,0.0,0.0,,https://www.transfermarkt.co.uk/nikola-vasiljevic/profil/spieler/262105,SER1,FK Javor-Matis Ivanjica,350000.0,800000.0,2024,Nikola Vasilj,,2425,St Pauli,Nikola Vasilj,BIH,GK,28,1995,33,33,2969,33.0,39,1.18,132,93,70.5,8,7,18,9,27.3,5,1,4,0,80.0,28.54757015742642,901.0
926301,2025-03-01,300000,Borussia Mönchengladbach,18,L1,Tiago,Pereira Cardoso,Tiago Pereira Cardoso,2025,18,tiago-pereira-cardoso,Luxembourg,Esch-sur-Alzette  ,Luxembourg,2006-04-07 00:00:00,Goalkeeper,Goalkeeper,right,190.0,2027-06-30 00:00:00,THE·TEAM,https://img.a.transfermarkt.technology/portrait/header/926301-1760967429.jpg?lm=1,8.0,0.0,,https://www.transfermarkt.co.uk/tiago-pereira-cardoso/profil/spieler/926301,L1,Borussia Mönchengladbach,1500000.0,1500000.0,2024,Tiago Cardoso,,2425,Gladbach,Tiago Cardoso,LUX,GK,18,2006,5,4,380,4.2,3,0.71,23,20,87.0,2,1,1,2,50.0,0,0,0,0,,18.899383983572896,851.0
124901,2025-03-12,150000,FC Lorient,1158,FR1,Benjamin,Leroy,Benjamin Leroy,2025,1158,benjamin-leroy,France,Cucq  ,France,1989-04-07 00:00:00,Goalkeeper,Goalkeeper,right,184.0,2027-06-30 00:00:00,Gersh,https://img.a.transfermarkt.technology/portrait/header/124901-1525692013.jpg?lm=1,,,,https://www.transfermarkt.co.uk/benjamin-leroy/profil/spieler/124901,FR1,FC Lorient,100000.0,1250000.0,2024,Benjamin Lecomte,FRA-Ligue 1,2425,Montpellier,Benjamin Lecomte,FRA,GK,33,1991,30,30,2700,30.0,68,2.27,176,108,61.4,3,4,23,1,3.3,7,6,1,0,14.3,35.92881587953457,840.0
73564,2025-03-18,2000000,Brighton & Hove Albion,1237,GB1,Jason,Steele,Jason Steele,2025,1237,jason-steele,England,Newton Aycliffe  ,England,1990-08-18 00:00:00,Goalkeeper,Goalkeeper,right,188.0,2027-06-30 00:00:00,Murdock Sports Group,https://img.a.transfermarkt.technology/portrait/header/73564-1681383960.jpg?lm=1,0.0,0.0,,https://www.transfermarkt.co.uk/jason-steele/profil/spieler/73564,GB1,Brighton & Hove Albion,500000.0,4000000.0,2024,Jason Steele,ENG-Premier League,2425,Brighton,Jason Steele,ENG,GK,33,1990,2,2,180,2.0,1,0.5,4,3,75.0,2,0,0,1,50.0,0,0,0,0,,34.58179329226557,834.0
192080,2025-03-18,10000000,Newcastle United,762,GB1,Nick,Pope,Nick Pope,2025,762,nick-pope,England,Soham  ,England,1992-04-19 00:00:00,Goalkeeper,Goalkeeper,right,198.0,2027-06-30 00:00:00,CAA Stellar,https://img.a.transfermarkt.technology/portrait/header/192080-1663841362.jpg?lm=1,10.0,0.0,,https://www.transfermarkt.co.uk/nick-pope/profil/spieler/192080,GB1,Newcastle United,5000000.0,20000000.0,2024,Nick Pope,ENG-Premier League,2425,Newcastle,Nick Pope,ENG,GK,32,1992,28,28,2520,28.0,35,1.25,122,87,71.3,13,6,9,8,28.6,2,1,1,0,50.0,32.91170431211499,834.0
234509,2025-03-18,32000000,Manchester United,985,GB1,André,Onana,André Onana,2025,449,andre-onana,Cameroon,Nkol Ngok  ,Cameroon,1996-04-02 00:00:00,Goalkeeper,Goalkeeper,right,190.0,2027-06-30 00:00:00,LIAN Sports Group,https://img.a.transfermarkt.technology/portrait/header/234509-1769612568.jpg?lm=1,53.0,0.0,,https://www.transfermarkt.co.uk/andre-onana/profil/spieler/234509,TR1,Trabzonspor,10000000.0,45000000.0,2024,André Onana,ENG-Premier League,2425,Manchester Utd,André Onana,CMR,GK,28,1996,34,34,3060,34.0,44,1.29,129,88,65.9,10,9,15,9,26.5,4,3,1,0,25.0,28.958247775496236,834.0
333323,2025-03-18,500000,FK Borac Banja Luka,3900,,Filip,Manojlovic,Filip Manojlovic,2025,1044,filip-manojlovic,Yugoslavia (Republic),Belgrade  ,Serbia,1996-04-25 00:00:00,Goalkeeper,Goalkeeper,right,197.0,2027-12-31 00:00:00,FPA,https://img.a.transfermarkt.technology/portrait/header/333323-1702404892.jpg?lm=1,1.0,0.0,,https://www.transfermarkt.co.uk/filip-manojlovic/profil/spieler/333323,SE1,Djurgårdens Idrottsförening,550000.0,1200000.0,2024,Filip Stankovic,ITA-Serie A,2425,Venezia,Filip Stankovic,SRB,GK,22,2002,16,16,1367,15.2,23,1.51,84,61,72.6,2,6,8,0,0.0,5,4,1,0,20.0,28.895277207392198,1018.0
371021,2025-03-18,6000000,Ipswich Town,677,GB1,Arijanet,Murić,Arijanet Murić,2025,6574,arijanet-muric,Switzerland,Schlieren  ,Kosovo,1998-11-07 00:00:00,Goalkeeper,Goalkeeper,right,198.0,,11WINS,https://img.a.transfermarkt.technology/portrait/header/371021-1685718424.jpg?lm=1,51.0,0.0,,https://www.transfermarkt.co.uk/arijanet-muric/profil/spieler/371021,IT1,US Sassuolo,7500000.0,12000000.0,2024,Arijanet Muric,ENG-Premier League,2425,Ipswich Town,Arijanet Muric,KVX,GK,25,1998,18,18,1620,18.0,33,1.83,103,70,68.0,2,6,10,1,5.6,3,3,0,0,0.0,26.360027378507873,0.0
400536,2025-03-18,15000000,Leicester City,1003,GB1,Mads,Hermansen,Mads Hermansen,2025,379,mads-hermansen,Denmark,Odense  ,Denmark,2000-07-11 00:00:00,Goalkeeper,Goalkeeper,right,187.0,2030-06-30 00:00:00,CAA Stellar,https://img.a.transfermarkt.technology/portrait/header/400536-1707386039.jpg?lm=1,3.0,0.0,,https://www.transfermarkt.co.uk/mads-hermansen/profil/spieler/400536,GB1,West Ham United,15000000.0,18000000.0,2024,Mads Hermansen,ENG-Premier League,2425,Leicester City,Mads Hermansen,DEN,GK,24,2000,27,27,2385,26.5,58,2.19,160,102,63.8,3,6,18,1,3.7,4,3,1,0,25.0,24.684462696783026,1930.0
427568,2025-03-18,16000000,Southampton FC,180,GB1,Aaron,Ramsdale,Aaron Ramsdale,2025,762,aaron-ramsdale,England,Stoke-on-Trent  ,England,1998-05-14 00:00:00,Goalkeeper,Goalkeeper,right,190.0,2028-06-30 00:00:00,World in Motion,https://img.a.transfermarkt.technology/portrait/header/427568-1681828000.jpg?lm=1,5.0,0.0,,https://www.transfermarkt.co.uk/aaron-ramsdale/profil/spieler/427568,GB1,Newcastle United,12000000.0,40000000.0,2024,Aaron Ramsdale,ENG-Premier League,2425,Southampton,Aaron Ramsdale,ENG,GK,26,1998,30,30,2700,30.0,66,2.2,189,123,65.1,2,5,23,3,10.0,7,5,2,0,28.6,26.844626967830255,1200.0
725912,2025-03-18,15000000,Tottenham Hotspur,148,GB1,Antonín,Kinský,Antonín Kinský,2025,148,antonin-kinsky,Czech Republic,Praha  ,Czech Republic,2003-03-13 00:00:00,Goalkeeper,Goalkeeper,right,190.0,2031-06-30 00:00:00,,https://img.a.transfermarkt.technology/portrait/header/725912-1766160431.jpg?lm=1,0.0,0.0,,https://www.transfermarkt.co.uk/antonin-kinsky/profil/spieler/725912,GB1,Tottenham Hotspur,15000000.0,15000000.0,2024,Antonín Kinský,ENG-Premier League,2425,Tottenham,Antonín Kinský,CZE,GK,21,2003,6,6,540,6.0,11,1.83,35,24,68.6,1,0,5,1,16.7,0,0,0,0,,22.015058179329227,2295.0
797864,2025-03-18,200000,FK Radnik Bijeljina,11040,,Filip,Samurovic,Filip Samurovic,2025,33328,filip-samurovic,Yugoslavia (Republic),Šabac  ,Serbia,2002-09-23 00:00:00,Goalkeeper,Goalkeeper,right,193.0,2028-06-30 00:00:00,,https://img.a.transfermarkt.technology/portrait/header/default.jpg?lm=1,,,,https://www.transfermarkt.co.uk/filip-samurovic/profil/spieler/797864,SER1,FK Radnik Surdulica,50000.0,450000.0,2024,Filip Stankovic,ITA-Serie A,2425,Venezia,Filip Stankovic,SRB,GK,22,2002,16,16,1367,15.2,23,1.51,84,61,72.6,2,6,8,0,0.0,5,4,1,0,20.0,22.483230663928815,1200.0
251892,2025-03-21,1200000,CD Leganés,1244,ES1,Juan,Soriano,Juan Soriano,2024,1244,juan-soriano,Spain,Benacazón  ,Spain,1997-08-23 00:00:00,Goalkeeper,Goalkeeper,right,185.0,2027-06-30 00:00:00,,https://img.a.transfermarkt.technology/portrait/header/251892-1583333927.jpg?lm=1,1.0,0.0,,https://www.transfermarkt.co.uk/juan-soriano/profil/spieler/251892,ES1,CD Leganés,1000000.0,2500000.0,2024,Juan Soriano,ESP-La Liga,2425,Leganés,Juan Soriano,ESP,GK,26,1997,6,6,540,6.0,7,1.17,26,19,73.1,1,2,3,1,16.7,0,0,0,0,,27.575633127994525,831.0
297194,2025-03-21,900000,Celta de Vigo,940,ES1,Iván,Villar,Iván Villar,2025,940,ivan-villar,Spain,Aldán  ,Spain,1997-07-09 00:00:00,Goalkeeper,Goalkeeper,right,183.0,2027-06-30 00:00:00,AS1,https://img.a.transfermarkt.technology/portrait/header/297194-1516876837.jpg?lm=1,0.0,0.0,,https://www.transfermarkt.co.uk/ivan-villar/profil/spieler/297194,ES1,Celta de Vigo,900000.0,2500000.0,2024,Iván Villar,ESP-La Liga,2425,Celta Vigo,Iván Villar,ESP,GK,27,1997,4,4,360,4.0,9,2.25,19,10,52.6,2,0,2,0,0.0,1,0,1,0,100.0,27.698836413415467,831.0
502676,2025-03-21,30000000,Valencia CF,1049,ES1,Giorgi,Mamardashvili,Giorgi Mamardashvili,2025,31,giorgi-mamardashvili,Georgia,Tiflis  ,Georgia,2000-09-29 00:00:00,Goalkeeper,Goalkeeper,left,197.0,2031-06-30 00:00:00,Free Football,https://img.a.transfermarkt.technology/portrait/header/502676-1716542116.jpg?lm=1,38.0,0.0,,https://www.transfermarkt.co.uk/giorgi-mamardashvili/profil/spieler/502676,GB1,Liverpool FC,28000000.0,45000000.0,2024,Giorgi Mamardashvili,ESP-La Liga,2425,Valencia,Giorgi Mamardashvili,GEO,GK,23,2000,34,34,3060,34.0,48,1.41,139,91,65.5,11,11,12,8,23.5,7,5,2,0,28.6,24.473648186173854,2292.0
561613,2025-03-21,20000000,RCD Espanyol Barcelona,714,ES1,Joan,García,Joan García,2025,131,joan-garcia,Spain,Sallent de Llobregat  ,Spain,2001-05-04 00:00:00,Goalkeeper,Goalkeeper,right,194.0,2031-06-30 00:00:00,,https://img.a.transfermarkt.technology/portrait/header/561613-1747386081.jpg?lm=1,2.0,0.0,,https://www.transfermarkt.co.uk/joan-garcia/profil/spieler/561613,ES1,FC Barcelona,45000000.0,45000000.0,2024,Joan García,ESP-La Liga,2425,Espanyol,Joan García,ESP,GK,23,2001,38,38,3420,38.0,51,1.34,194,143,73.7,11,9,18,8,21.1,6,4,2,0,33.3,23.87953456536619,2292.0
625657,2025-03-21,600000,Real Sociedad,681,ES1,Unai,Marrero,Unai Marrero,2025,681,unai-marrero,Spain,Donostia-San Sebastián  ,Spain,2001-10-09 00:00:00,Goalkeeper,Goalkeeper,right,189.0,2030-06-30 00:00:00,IDUB GLOBAL,https://img.a.transfermarkt.technology/portrait/header/625657-1692370133.jpg?lm=1,,,,https://www.transfermarkt.co.uk/unai-marrero/profil/spieler/625657,ES1,Real Sociedad,1000000.0,1000000.0,2024,Unai Marrero,ESP-La Liga,2425,Real Sociedad,Unai Marrero,ESP,GK,22,2001,2,2,180,2.0,3,1.5,11,8,72.7,0,0,2,0,0.0,1,0,1,0,100.0,23.446954140999317,1927.0
1169436,2025-03-21,200000,Girona FC,12321,ES1,Vladyslav,Krapyvtsov,Vladyslav Krapyvtsov,2025,12321,vladyslav-krapyvtsov,Ukraine,Kharkiv  ,Ukraine,2005-06-25 00:00:00,Goalkeeper,Goalkeeper,right,188.0,2029-06-30 00:00:00,ProStar,https://img.a.transfermarkt.technology/portrait/header/1169436-1692105603.png?lm=1,4.0,0.0,,https://www.transfermarkt.co.uk/vladyslav-krapyvtsov/profil/spieler/1169436,ES1,Girona FC,300000.0,400000.0,2024,Vladyslav Krapyvtsov,ESP-La Liga,2425,Girona,Vladyslav Krapyvtsov,UKR,GK,19,2005,2,2,180,2.0,7,3.5,19,12,63.2,0,0,2,0,0.0,1,1,0,0,0.0,19.737166324435318,1562.0
127181,2025-03-24,2000000,Montpellier HSC,969,FR1,Benjamin,Lecomte,Benjamin Lecomte,2025,931,benjamin-lecomte,France,Paris  ,France,1991-04-26 00:00:00,Goalkeeper,Goalkeeper,left,186.0,2027-06-30 00:00:00,YSI Football,https://img.a.transfermarkt.technology/portrait/header/127181-1702663657.JPG?lm=1,0.0,0.0,,https://www.transfermarkt.co.uk/benjamin-lecomte/profil/spieler/127181,GB1,Fulham FC,800000.0,17000000.0,2024,Benjamin Lecomte,FRA-Ligue 1,2425,Montpellier,Benjamin Lecomte,FRA,GK,33,1991,30,30,2700,30.0,68,2.27,176,108,61.4,3,4,23,1,3.3,7,6,1,0,14.3,33.91101984941821,828.0
170911,2025-03-24,800000,AJ Auxerre,290,FR1,Donovan,Léon,Donovan Léon,2025,290,donovan-leon,French Guiana,Cayenne  ,French Guiana,1992-11-03 00:00:00,Goalkeeper,Goalkeeper,right,187.0,2027-06-30 00:00:00,Trust 360,https://img.a.transfermarkt.technology/portrait/header/170911-1593969267.jpg?lm=1,37.0,0.0,,https://www.transfermarkt.co.uk/donovan-leon/profil/spieler/170911,FR1,AJ Auxerre,800000.0,1200000.0,2024,Donovan Léon,FRA-Ligue 1,2425,Auxerre,Donovan Léon,GUF,GK,31,1992,32,32,2880,32.0,48,1.5,169,121,71.6,11,8,13,9,28.1,6,5,1,0,16.7,32.38603696098563,828.0
229604,2025-03-24,8000000,Olympique Marseille,244,FR1,Gerónimo,Rulli,Gerónimo Rulli,2025,244,geronimo-rulli,Argentina,La Plata  ,Argentina,1992-05-20 00:00:00,Goalkeeper,Goalkeeper,right,189.0,2027-06-30 00:00:00,KMB,https://img.a.transfermarkt.technology/portrait/header/229604-1698670758.jpg?lm=1,8.0,0.0,,https://www.transfermarkt.co.uk/geronimo-rulli/profil/spieler/229604,FR1,Olympique Marseille,6000000.0,14000000.0,2024,Gerónimo Rulli,FRA-Ligue 1,2425,Marseille,Gerónimo Rulli,ARG,GK,32,1992,34,34,3060,34.0,47,1.38,136,89,65.4,20,5,9,5,14.7,6,3,3,0,50.0,32.84325804243669,828.0
328770,2025-03-24,600000,FC Toulouse,415,FR1,Kjetil,Haug,Kjetil Haug,2025,415,kjetil-haug,Norway,Halden  ,Norway,1998-06-12 00:00:00,Goalkeeper,Goalkeeper,right,191.0,2029-06-30 00:00:00,Golden Sports Mgmt,https://img.a.transfermarkt.technology/portrait/header/328770-1663671597.jpg?lm=1,5.0,0.0,,https://www.transfermarkt.co.uk/kjetil-haug/profil/spieler/328770,FR1,FC Toulouse,400000.0,600000.0,2024,Kjetil Haug,FRA-Ligue 1,2425,Toulouse,Kjetil Haug,NOR,GK,26,1998,6,5,498,5.5,7,1.27,16,9,56.3,2,2,1,1,20.0,0,0,0,0,,26.781656399726216,1559.0
352041,2025-03-24,10000000,Olympique Lyon,1041,FR1,Lucas,Perri,Lucas Perri,2025,399,lucas-perri,Brazil,Valinhos  ,Brazil,1997-12-10 00:00:00,Goalkeeper,Goalkeeper,right,197.0,2029-06-30 00:00:00,LEFT Sports,https://img.a.transfermarkt.technology/portrait/header/352041-1733188777.jpg?lm=1,0.0,0.0,,https://www.transfermarkt.co.uk/lucas-perri/profil/spieler/352041,GB1,Leeds United,10000000.0,16000000.0,2024,Lucas Perri,FRA-Ligue 1,2425,Lyon,Lucas Perri,BRA,GK,26,1997,33,33,2970,33.0,44,1.33,160,116,72.5,17,6,10,10,30.3,3,3,0,0,0.0,27.28542094455852,1559.0
357117,2025-03-24,4000000,FC Nantes,995,FR1,Alban,Lafont,Alban Lafont,2025,265,alban-lafont,Burkina Faso,Ouagadougou  ,Cote d'Ivoire,1999-01-23 00:00:00,Goalkeeper,Goalkeeper,right,196.0,2027-06-30 00:00:00,Sport Cover,https://img.a.transfermarkt.technology/portrait/header/357117-1756042679.png?lm=1,4.0,0.0,,https://www.transfermarkt.co.uk/alban-lafont/profil/spieler/357117,GR1,Panathinaikos Athlitikos Omilos,3000000.0,20000000.0,2024,Alban Lafont,FRA-Ligue 1,2425,Nantes,Alban Lafont,CIV,GK,25,1999,12,12,1080,12.0,19,1.58,51,32,62.7,2,4,6,2,16.7,3,3,0,0,0.0,26.16563997262149,828.0
418651,2025-03-24,6000000,Angers SCO,1420,FR1,Yahia,Fofana,Yahia Fofana,2025,126,yahia-fofana,France,Paris  ,Cote d'Ivoire,2000-08-21 00:00:00,Goalkeeper,Goalkeeper,right,194.0,2028-06-30 00:00:00,,https://img.a.transfermarkt.technology/portrait/header/418651-1759315646.jpg?lm=1,38.0,0.0,,https://www.transfermarkt.co.uk/yahia-fofana/profil/spieler/418651,TR1,Caykur Rizespor,5000000.0,7000000.0,2024,Yahia Fofana,FRA-Ligue 1,2425,Angers,Yahia Fofana,CIV,GK,23,2000,33,33,2970,33.0,51,1.55,187,136,72.7,10,6,17,7,21.2,4,3,0,1,0.0,24.588637919233403,1194.0
548347,2025-03-24,250000,Angers SCO,1420,FR1,Melvin,Zinga,Melvin Zinga,2025,1420,melvin-zinga,France,Montivilliers  ,France,2002-03-16 00:00:00,Goalkeeper,Goalkeeper,left,187.0,,TEAM REAG CONSULTING,https://img.a.transfermarkt.technology/portrait/header/548347-1750955335.png?lm=1,5.0,0.0,,https://www.transfermarkt.co.uk/melvin-zinga/profil/spieler/548347,FR1,Angers SCO,300000.0,300000.0,2024,Melvin Zinga,FRA-Ligue 1,2425,Angers,Melvin Zinga,CGO,GK,22,2002,1,1,90,1.0,2,2.0,4,2,50.0,0,0,1,0,0.0,1,1,0,0,0.0,23.02258726899384,0.0
695422,2025-03-24,300000,AJ Auxerre,290,FR1,Théo,De Percin,Théo De Percin,2025,290,theo-de-percin,France,Tarbes  ,France,2001-02-02 00:00:00,Goalkeeper,Goalkeeper,right,185.0,2029-06-30 00:00:00,Kemari,https://img.a.transfermarkt.technology/portrait/header/695422-1672329898.jpg?lm=1,1.0,0.0,,https://www.transfermarkt.co.uk/theo-de-percin/profil/spieler/695422,FR1,AJ Auxerre,400000.0,400000.0,2024,Théo De Percin,FRA-Ligue 1,2425,Auxerre,Théo De Percin,MTQ,GK,23,2001,2,2,180,2.0,3,1.5,8,5,62.5,0,1,1,1,50.0,2,1,1,0,50.0,24.136892539356605,1559.0
912902,2025-03-24,20000000,FC Toulouse,415,FR1,Guillaume,Restes,Guillaume Restes,2025,415,guillaume-restes,France,Toulouse  ,France,2005-03-11 00:00:00,Goalkeeper,Goalkeeper,left,188.0,2028-06-30 00:00:00,Unique Sports Group,https://img.a.transfermarkt.technology/portrait/header/912902-1676656145.jpg?lm=1,19.0,0.0,,https://www.transfermarkt.co.uk/guillaume-restes/profil/spieler/912902,FR1,FC Toulouse,18000000.0,20000000.0,2024,Guillaume Restes,FRA-Ligue 1,2425,Toulouse,Guillaume Restes,FRA,GK,19,2005,29,29,2543,28.3,36,1.27,94,58,61.7,9,7,13,9,31.0,2,1,1,0,50.0,20.035592060232716,1194.0
131758,2025-03-25,600000,Venezia FC,607,IT1,Jesse,Joronen,Jesse Joronen,2025,458,jesse-joronen,Finland,Rautjärvi  ,Finland,1993-03-21 00:00:00,Goalkeeper,Goalkeeper,right,197.0,2026-06-30 00:00:00,RDF Football,https://img.a.transfermarkt.technology/portrait/header/131758-1724827205.jpg?lm=1,23.0,0.0,3443.0,https://www.transfermarkt.co.uk/jesse-joronen/profil/spieler/131758,IT1,Palermo FC,500000.0,5000000.0,2024,Jesse Joronen,ITA-Serie A,2425,Venezia,Jesse Joronen,FIN,GK,31,1993,8,7,703,7.8,15,1.92,42,27,64.3,1,1,5,2,28.6,3,3,0,0,0.0,32.01095140314853,462.0
136111,2025-03-25,1500000,Genoa CFC,252,IT1,Nicola,Leali,Nicola Leali,2025,252,nicola-leali,Italy,Castiglione delle Stiviere  ,Italy,1993-02-17 00:00:00,Goalkeeper,Goalkeeper,right,193.0,,GB1,https://img.a.transfermarkt.technology/portrait/header/136111-1692963337.jpg?lm=1,1.0,0.0,,https://www.transfermarkt.co.uk/nicola-leali/profil/spieler/136111,IT1,Genoa CFC,1000000.0,6000000.0,2024,Nicola Leali,ITA-Serie A,2425,Genoa,Nicola Leali,ITA,GK,31,1993,29,29,2610,29.0,31,1.07,112,83,72.3,8,10,11,10,34.5,4,3,1,0,25.0,32.09856262833676,0.0
182906,2025-03-25,25000000,AC Milan,5,IT1,Mike,Maignan,Mike Maignan,2025,5,mike-maignan,French Guiana,Cayenne  ,France,1995-07-03 00:00:00,Goalkeeper,Goalkeeper,right,191.0,2031-06-30 00:00:00,ESN,https://img.a.transfermarkt.technology/portrait/header/182906-1681459155.jpg?lm=1,46.0,0.0,,https://www.transfermarkt.co.uk/mike-maignan/profil/spieler/182906,IT1,AC Milan,20000000.0,45000000.0,2024,Mike Maignan,ITA-Serie A,2425,Milan,Mike Maignan,FRA,GK,29,1995,37,37,3294,36.6,41,1.12,139,98,70.5,17,9,11,13,35.1,2,1,1,0,50.0,29.727583846680357,2288.0
197929,2025-03-25,7000000,SS Lazio,398,IT1,Ivan,Provedel,Ivan Provedel,2025,398,ivan-provedel,Italy,Pordenone  ,Italy,1994-03-17 00:00:00,Goalkeeper,Goalkeeper,right,194.0,2029-06-30 00:00:00,,https://img.a.transfermarkt.technology/portrait/header/197929-1695160944.jpg?lm=1,0.0,0.0,,https://www.transfermarkt.co.uk/ivan-provedel/profil/spieler/197929,IT1,Società Sportiva Lazio S.p.A.,3000000.0,14000000.0,2024,Ivan Provedel,ITA-Serie A,2425,Lazio,Ivan Provedel,ITA,GK,30,1994,29,29,2610,29.0,42,1.45,95,53,55.8,15,6,8,5,17.2,4,4,0,0,0.0,31.02258726899384,1558.0
244192,2025-03-25,1000000,AS Roma,12,IT1,Pierluigi,Gollini,Pierluigi Gollini,2025,12,pierluigi-gollini,Italy,Bologna  ,Italy,1995-03-18 00:00:00,Goalkeeper,Goalkeeper,right,194.0,2027-06-30 00:00:00,SEG,https://img.a.transfermarkt.technology/portrait/header/244192-1695026486.jpg?lm=1,1.0,0.0,,https://www.transfermarkt.co.uk/pierluigi-gollini/profil/spieler/244192,IT1,Associazione Sportiva Roma,800000.0,17000000.0,2024,Pierluigi Gollini,ITA-Serie A,2425,Genoa,Pierluigi Gollini,ITA,GK,29,1995,7,7,630,7.0,15,2.14,32,17,53.1,1,2,4,1,14.3,4,3,1,0,25.0,30.02053388090349,827.0
257474,2025-03-25,12000000,Torino FC,416,IT1,Vanja,Milinković-Savić,Vanja Milinković-Savić,2025,6195,vanja-milinkovic-savic,Spain,Ourense  ,Serbia,1997-02-20 00:00:00,Goalkeeper,Goalkeeper,right,202.0,2030-06-30 00:00:00,DOO Magnum,https://img.a.transfermarkt.technology/portrait/header/257474-1730125139.jpg?lm=1,20.0,0.0,,https://www.transfermarkt.co.uk/vanja-milinkovic-savic/profil/spieler/257474,IT1,SSC Napoli,20000000.0,20000000.0,2024,Vanja Milinković-Savić,ITA-Serie A,2425,Torino,Vanja Milinković-Savić,SRB,GK,27,1997,37,37,3330,37.0,42,1.14,173,131,75.7,10,14,13,10,27.0,7,3,4,0,57.1,28.09034907597536,1923.0
290537,2025-03-25,3000000,Como 1907,1047,IT1,Jean,Butez,Jean Butez,2025,1047,jean-butez,France,Lille  ,France,1995-06-08 00:00:00,Goalkeeper,Goalkeeper,right,189.0,2030-06-30 00:00:00,Gersh,https://img.a.transfermarkt.technology/portrait/header/290537-1704961364.jpg?lm=1,,,,https://www.transfermarkt.co.uk/jean-butez/profil/spieler/290537,IT1,Como 1907,8000000.0,8000000.0,2024,Jean Butez,ITA-Serie A,2425,Como,Jean Butez,FRA,GK,29,1995,19,18,1666,18.5,20,1.08,69,49,71.0,8,4,6,5,27.8,2,2,0,0,0.0,29.796030116358658,1923.0
303657,2025-03-25,2500000,Venezia FC,607,IT1,Ionuț,Radu,Ionuț Radu,2025,940,ionut-radu,Romania,Bucharest  ,Romania,1997-05-28 00:00:00,Goalkeeper,Goalkeeper,right,188.0,2029-06-30 00:00:00,,https://img.a.transfermarkt.technology/portrait/header/303657-1699432718.jpg?lm=1,9.0,0.0,,https://www.transfermarkt.co.uk/ionut-radu/profil/spieler/303657,ES1,Celta de Vigo,9000000.0,15000000.0,2024,Ionuț Radu,ITA-Serie A,2425,Venezia,Ionuț Radu,ROU,GK,27,1997,15,15,1350,15.0,18,1.2,63,47,71.4,2,7,6,4,26.7,3,3,0,0,0.0,27.824777549623544,1558.0
338670,2025-03-25,17000000,AS Roma,12,IT1,Mile,Svilar,Mile Svilar,2025,12,mile-svilar,Belgium,Antwerpen  ,Serbia,1999-08-27 00:00:00,Goalkeeper,Goalkeeper,right,189.0,2030-06-30 00:00:00,Universal Twenty Two,https://img.a.transfermarkt.technology/portrait/header/338670-1725532174.jpg?lm=1,1.0,0.0,,https://www.transfermarkt.co.uk/mile-svilar/profil/spieler/338670,IT1,Associazione Sportiva Roma,35000000.0,35000000.0,2024,Mile Svilar,ITA-Serie A,2425,Roma,Mile Svilar,SRB,GK,24,1999,38,38,3420,38.0,35,0.92,153,118,77.1,20,9,9,16,42.1,4,4,0,0,0.0,25.57700205338809,1923.0
421873,2025-03-25,8000000,Cagliari Calcio,1390,IT1,Elia,Caprile,Elia Caprile,2025,1390,elia-caprile,Italy,Verona  ,Italy,2001-08-25 00:00:00,Goalkeeper,Goalkeeper,right,191.0,2029-06-30 00:00:00,GB1,https://img.a.transfermarkt.technology/portrait/header/421873-1704902651.jpg?lm=1,0.0,0.0,,https://www.transfermarkt.co.uk/elia-caprile/profil/spieler/421873,IT1,Cagliari Calcio,15000000.0,15000000.0,2024,Elia Caprile,ITA-Serie A,2425,Cagliari,Elia Caprile,ITA,GK,22,2001,18,18,1620,18.0,22,1.22,68,46,67.6,5,4,9,5,27.8,1,1,0,0,0.0,23.581108829568787,1558.0
421873,2025-03-25,8000000,Cagliari Calcio,1390,IT1,Elia,Caprile,Elia Caprile,2025,1390,elia-caprile,Italy,Verona  ,Italy,2001-08-25 00:00:00,Goalkeeper,Goalkeeper,right,191.0,2029-06-30 00:00:00,GB1,https://img.a.transfermarkt.technology/portrait/header/421873-1704902651.jpg?lm=1,0.0,0.0,,https://www.transfermarkt.co.uk/elia-caprile/profil/spieler/421873,IT1,Cagliari Calcio,15000000.0,15000000.0,2024,Elia Caprile,ITA-Serie A,2425,Napoli,Elia Caprile,ITA,GK,22,2001,4,3,325,3.6,1,0.28,8,7,87.5,3,0,0,3,100.0,0,0,0,0,,23.581108829568787,1558.0
432298,2025-03-25,14000000,Parma Calcio 1913,130,IT1,Zion,Suzuki,Zion Suzuki,2025,130,zion-suzuki,United States,"Newark, New Jersey  ",Japan,2002-08-21 00:00:00,Goalkeeper,Goalkeeper,right,190.0,2029-06-30 00:00:00,,https://img.a.transfermarkt.technology/portrait/header/432298-1780323348.jpg?lm=1,28.0,0.0,,https://www.transfermarkt.co.uk/zion-suzuki/profil/spieler/432298,IT1,Parma Calcio 1913,20000000.0,20000000.0,2024,Zion Suzuki,ITA-Serie A,2425,Parma,Zion Suzuki,JPN,GK,21,2002,36,36,3240,36.8,53,1.47,148,95,64.2,7,15,14,7,19.4,5,5,0,0,0.0,22.5927446954141,1558.0
459763,2025-03-25,25000000,Atalanta BC,800,IT1,Marco,Carnesecchi,Marco Carnesecchi,2025,800,marco-carnesecchi,Italy,Rimini  ,Italy,2000-07-01 00:00:00,Goalkeeper,Goalkeeper,right,191.0,2028-06-30 00:00:00,World Soccer Agency,https://img.a.transfermarkt.technology/portrait/header/459763-1695027944.jpg?lm=1,0.0,0.0,,https://www.transfermarkt.co.uk/marco-carnesecchi/profil/spieler/459763,IT1,Atalanta BC,30000000.0,30000000.0,2024,Marco Carnesecchi,ITA-Serie A,2425,Atalanta,Marco Carnesecchi,ITA,GK,24,2000,34,34,3060,34.0,34,1.0,132,98,74.2,19,7,8,13,38.2,2,2,0,0,0.0,24.73100616016427,1193.0
495722,2025-03-25,2000000,FC Empoli,749,IT1,Devis,Vásquez,Devis Vásquez,2025,12,devis-vasquez,Colombia,Barranquilla  ,Colombia,1998-05-12 00:00:00,Goalkeeper,Goalkeeper,right,195.0,2027-06-30 00:00:00,,https://img.a.transfermarkt.technology/portrait/header/495722-1770806559.jpg?lm=1,0.0,0.0,,https://www.transfermarkt.co.uk/devis-vasquez/profil/spieler/495722,IT1,Associazione Sportiva Roma,1500000.0,4000000.0,2024,Devis Vásquez,ITA-Serie A,2425,Empoli,Devis Vásquez,COL,GK,26,1998,32,32,2880,32.0,45,1.41,127,82,64.6,6,12,14,6,18.8,2,1,1,0,50.0,26.869267624914443,827.0
552223,2025-03-25,6000000,Venezia FC,607,IT1,Filip,Stanković,Filip Stanković,2024,607,filip-stankovic,Italy,Roma  ,Serbia,2002-02-25 00:00:00,Goalkeeper,Goalkeeper,right,187.0,2029-06-30 00:00:00,Roc Nation Sports,https://img.a.transfermarkt.technology/portrait/header/552223-1677782675.PNG?lm=1,0.0,0.0,,https://www.transfermarkt.co.uk/filip-stankovic/profil/spieler/552223,IT1,Venezia FC,5000000.0,6000000.0,2024,Filip Stankovic,ITA-Serie A,2425,Venezia,Filip Stankovic,SRB,GK,22,2002,16,16,1367,15.2,23,1.51,84,61,72.6,2,6,8,0,0.0,5,4,1,0,20.0,23.077344284736483,1558.0
568617,2025-03-25,2500000,Udinese Calcio,410,IT1,Răzvan,Sava,Răzvan Sava,2025,410,razvan-sava,Romania,Timișoara  ,Romania,2002-06-21 00:00:00,Goalkeeper,Goalkeeper,right,197.0,2030-06-30 00:00:00,Elevenelite,https://img.a.transfermarkt.technology/portrait/header/568617-1730124399.jpg?lm=1,0.0,0.0,,https://www.transfermarkt.co.uk/razvan-sava/profil/spieler/568617,IT1,Udinese Calcio,2500000.0,2500000.0,2024,Razvan Sava,ITA-Serie A,2425,Udinese,Razvan Sava,ROU,GK,22,2002,12,12,1080,12.0,16,1.33,54,38,70.4,5,4,3,4,33.3,3,3,0,0,0.0,22.759753593429156,1923.0
84938,2025-03-27,800000,VfL Bochum,80,L1,Timo,Horn,Timo Horn,2024,80,timo-horn,Germany,Köln  ,Germany,1993-05-12 00:00:00,Goalkeeper,Goalkeeper,left,192.0,2028-06-30 00:00:00,Sports360 GmbH,https://img.a.transfermarkt.technology/portrait/header/84938-1753298252.jpg?lm=1,4.0,0.0,,https://www.transfermarkt.co.uk/timo-horn/profil/spieler/84938,L1,VfL Bochum,700000.0,12000000.0,2024,Timo Horn,,2425,Bochum,Timo Horn,GER,GK,31,1993,13,13,1170,13.0,22,1.69,55,33,60.0,3,3,7,3,23.1,1,0,0,1,,31.874058863791923,1191.0
94192,2025-03-27,800000,VfL Bochum,80,L1,Patrick,Drewes,Patrick Drewes,2025,16,patrick-drewes,Germany,Delmenhorst  ,Germany,1993-02-04 00:00:00,Goalkeeper,Goalkeeper,right,194.0,2027-06-30 00:00:00,,https://img.a.transfermarkt.technology/portrait/header/94192-1721851751.jpg?lm=1,,,,https://www.transfermarkt.co.uk/patrick-drewes/profil/spieler/94192,L1,Borussia Dortmund,300000.0,1000000.0,2024,Patrick Drewes,,2425,Bochum,Patrick Drewes,GER,GK,31,1993,21,21,1890,21.0,46,2.19,99,53,53.5,3,4,14,3,14.3,5,3,2,0,40.0,32.139630390143736,825.0
160963,2025-03-27,4000000,1.FSV Mainz 05,39,L1,Robin,Zentner,Robin Zentner,2025,39,robin-zentner,Germany,Rüdesheim am Rhein  ,Germany,1994-10-28 00:00:00,Goalkeeper,Goalkeeper,right,194.0,2028-06-30 00:00:00,W&K Fairplay,https://img.a.transfermarkt.technology/portrait/header/160963-1676499369.jpg?lm=1,1.0,0.0,,https://www.transfermarkt.co.uk/robin-zentner/profil/spieler/160963,L1,1.FSV Mainz 05,2500000.0,5000000.0,2024,Robin Zentner,,2425,Mainz 05,Robin Zentner,GER,GK,29,1994,32,32,2880,32.0,41,1.28,142,101,71.1,13,9,10,9,28.1,5,4,1,0,20.0,30.412046543463383,1191.0
247915,2025-03-27,2500000,Borussia Mönchengladbach,18,L1,Jonas,Omlin,Jonas Omlin,2025,15,jonas-omlin,Switzerland,Sarnen  ,Switzerland,1994-01-10 00:00:00,Goalkeeper,Goalkeeper,right,190.0,2029-06-30 00:00:00,Signature - ISCM AG,https://img.a.transfermarkt.technology/portrait/header/247915-1691248651.jpg?lm=1,4.0,0.0,,https://www.transfermarkt.co.uk/jonas-omlin/profil/spieler/247915,L1,Bayer 04 Leverkusen,800000.0,9000000.0,2024,Jonas Omlin,,2425,Gladbach,Jonas Omlin,SUI,GK,30,1994,12,11,978,10.9,29,2.67,75,46,61.3,2,1,8,1,9.1,3,2,1,0,33.3,31.208761122518823,1556.0
251299,2025-03-27,6000000,FC Augsburg,167,L1,Finn,Dahmen,Finn Dahmen,2025,167,finn-dahmen,Germany,Wiesbaden  ,Germany,1998-03-27 00:00:00,Goalkeeper,Goalkeeper,right,186.0,2027-06-30 00:00:00,CN Sports,https://img.a.transfermarkt.technology/portrait/header/251299-1755200500.jpg?lm=1,0.0,0.0,,https://www.transfermarkt.co.uk/finn-dahmen/profil/spieler/251299,L1,FC Augsburg,12000000.0,12000000.0,2024,Finn Dahmen,,2425,Augsburg,Finn Dahmen,GER,GK,26,1998,19,19,1710,19.0,19,1.0,84,65,77.4,7,6,6,9,47.4,2,2,0,0,0.0,27.000684462696782,825.0
284270,2025-03-27,5000000,Borussia Mönchengladbach,18,L1,Moritz,Nicolas,Moritz Nicolas,2025,18,moritz-nicolas,Germany,Gladbeck  ,Germany,1997-10-21 00:00:00,Goalkeeper,Goalkeeper,right,193.0,2029-06-30 00:00:00,PORT,https://img.a.transfermarkt.technology/portrait/header/284270-1722945496.jpg?lm=1,1.0,0.0,,https://www.transfermarkt.co.uk/moritz-nicolas/profil/spieler/284270,L1,Borussia Mönchengladbach,8000000.0,8000000.0,2024,Moritz Nicolas,,2425,Gladbach,Moritz Nicolas,GER,GK,26,1997,19,19,1639,18.2,25,1.37,93,68,73.1,9,4,6,4,21.1,5,5,0,0,0.0,27.430527036276523,1556.0
432671,2025-03-27,750000,TSG 1899 Hoffenheim,533,L1,Luca,Philipp,Luca Philipp,2025,533,luca-philipp,Germany,Stuttgart  ,Germany,2000-11-28 00:00:00,Goalkeeper,Goalkeeper,right,192.0,,Unique Sports Group,https://img.a.transfermarkt.technology/portrait/header/432671-1755092013.jpg?lm=1,4.0,0.0,,https://www.transfermarkt.co.uk/luca-philipp/profil/spieler/432671,L1,TSG 1899 Hoffenheim,750000.0,750000.0,2024,Luca Philipp,,2425,Hoffenheim,Luca Philipp,GER,GK,23,2000,6,6,540,6.0,15,2.5,35,20,57.1,1,3,2,0,0.0,1,1,0,0,0.0,24.32580424366872,0.0
526845,2025-03-27,15000000,SC Freiburg,60,L1,Noah,Atubolu,Noah Atubolu,2025,60,noah-atubolu,Germany,Freiburg im Breisgau  ,Germany,2002-05-25 00:00:00,Goalkeeper,Goalkeeper,right,190.0,2027-06-30 00:00:00,Epic Atubolu,https://img.a.transfermarkt.technology/portrait/header/526845-1753984204.jpg?lm=1,0.0,0.0,,https://www.transfermarkt.co.uk/noah-atubolu/profil/spieler/526845,L1,SC Freiburg,25000000.0,25000000.0,2024,Noah Atubolu,,2425,Freiburg,Noah Atubolu,GER,GK,22,2002,26,26,2307,25.6,37,1.44,118,82,68.6,12,6,8,10,38.5,2,0,2,0,100.0,22.83915126625599,825.0
607720,2025-03-27,8000000,Bayern Munich,27,L1,Jonas,Urbig,Jonas Urbig,2025,27,jonas-urbig,Germany,Euskirchen  ,Germany,2003-08-08 00:00:00,Goalkeeper,Goalkeeper,both,189.0,2029-06-30 00:00:00,ROOF,https://img.a.transfermarkt.technology/portrait/header/607720-1737037032.jpg?lm=1,0.0,0.0,,https://www.transfermarkt.co.uk/jonas-urbig/profil/spieler/607720,L1,Bayern Munich,18000000.0,18000000.0,2024,Jonas Urbig,,2425,Bayern Munich,Jonas Urbig,GER,GK,20,2003,8,8,720,8.0,12,1.5,28,16,57.1,4,3,1,2,25.0,0,0,0,0,,21.634496919917865,1556.0
610190,2025-03-27,3000000,FC Augsburg,167,L1,Nediljko,Labrovic,Nediljko Labrovic,2025,167,nediljko-labrovic,Croatia,Split  ,Croatia,1999-10-10 00:00:00,Goalkeeper,Goalkeeper,right,196.0,2029-06-30 00:00:00,GreenField,https://img.a.transfermarkt.technology/portrait/header/610190-1755200567.jpg?lm=1,2.0,0.0,,https://www.transfermarkt.co.uk/nediljko-labrovic/profil/spieler/610190,L1,FC Augsburg,2000000.0,4500000.0,2024,Nediljko Labrović,,2425,Augsburg,Nediljko Labrović,CRO,GK,24,1999,15,15,1350,15.0,32,2.13,74,42,56.8,4,4,7,2,13.3,3,3,0,0,0.0,25.462012320328544,1556.0
806948,2025-03-27,500000,1.FC Heidenheim 1846,2036,L1,Frank,Feller,Frank Feller,2025,2036,frank-feller,Germany,Leonberg  ,Germany,2004-01-07 00:00:00,Goalkeeper,Goalkeeper,right,183.0,2029-06-30 00:00:00,SoccerQ GmbH,https://img.a.transfermarkt.technology/portrait/header/806948-1690186659.jpg?lm=1,0.0,0.0,,https://www.transfermarkt.co.uk/frank-feller/profil/spieler/806948,L1,1. Fußballclub Heidenheim 1846,800000.0,800000.0,2024,Frank Feller,,2425,Heidenheim,Frank Feller,GER,GK,20,2004,2,1,121,1.3,0,0.0,2,2,100.0,1,0,0,2,200.0,0,0,0,0,,21.218343600273784,1556.0
234811,2025-03-31,6000000,Sporting CP,336,PO1,Rui,Silva,Rui Silva,2025,336,rui-silva,Portugal,Maia  ,Portugal,1994-02-07 00:00:00,Goalkeeper,Goalkeeper,left,191.0,2028-06-30 00:00:00,Team of Future,https://img.a.transfermarkt.technology/portrait/header/234811-1666770953.jpg?lm=1,3.0,0.0,,https://www.transfermarkt.co.uk/rui-silva/profil/spieler/234811,PO1,Sporting CP,7000000.0,15000000.0,2024,Rui Silva,ESP-La Liga,2425,Real Betis,Rui Silva,POR,GK,30,1994,15,15,1350,15.0,18,1.2,55,37,67.3,5,5,5,4,26.7,3,3,0,0,0.0,31.143052703627653,1187.0
286415,2025-03-31,3000000,Deportivo Toluca,1804,MEX1,Pau,López,Pau López,2025,150,pau-lopez,Spain,Girona  ,Spain,1994-12-13 00:00:00,Goalkeeper,Goalkeeper,left,189.0,2028-06-30 00:00:00,Goal Management,https://img.a.transfermarkt.technology/portrait/header/286415-1762266591.jpg?lm=1,2.0,0.0,,https://www.transfermarkt.co.uk/pau-lopez/profil/spieler/286415,ES1,Real Betis Balompié,2500000.0,24000000.0,2024,Pau López,ESP-La Liga,2425,Girona,Pau López,ESP,GK,29,1994,1,0,45,0.5,2,4.0,3,1,33.3,0,0,0,0,,0,0,0,0,,30.297056810403834,1187.0
491542,2025-03-31,7000000,CD Cruz Azul,3711,MEX1,Kevin,Mier,Kevin Mier,2025,3711,kevin-mier,Colombia,Barrancabermeja  ,Colombia,2000-05-18 00:00:00,Goalkeeper,Goalkeeper,right,187.0,2029-06-30 00:00:00,Elite Player,https://img.a.transfermarkt.technology/portrait/header/491542-1693600544.JPG?lm=1,3.0,0.0,,https://www.transfermarkt.co.uk/kevin-mier/profil/spieler/491542,MEX1,CD Cruz Azul,6000000.0,8000000.0,2024,Kevin Müller,,2425,Heidenheim,Kevin Müller,GER,GK,33,1991,33,33,2939,32.7,64,1.96,170,106,62.4,7,5,21,8,24.2,6,6,0,0,0.0,24.867898699520875,1552.0
834483,2025-03-31,3000000,UNAM Pumas,7633,MEX1,Álex,Padilla,Álex Padilla,2025,621,alex-padilla,Spain,Zarautz  ,Mexico,2003-09-01 00:00:00,Goalkeeper,Goalkeeper,right,190.0,2029-06-30 00:00:00,THE·TEAM,https://img.a.transfermarkt.technology/portrait/header/834483-1709676711.png?lm=1,3.0,0.0,,https://www.transfermarkt.co.uk/alex-padilla/profil/spieler/834483,ES1,Athletic Bilbao,3000000.0,3000000.0,2024,Alex Padilla,ESP-La Liga,2425,Athletic Club,Alex Padilla,ESP,GK,20,2003,5,3,321,3.6,6,1.68,18,12,66.7,0,1,2,0,0.0,1,1,0,0,0.0,21.579739904175224,1552.0
983609,2025-04-07,450000,Fortaleza CEIF,32041,COL1,Jordan,García,Jordan García,2025,4941,jordan-garcia,Colombia,El Retén  ,Colombia,2005-06-20 00:00:00,Goalkeeper,Goalkeeper,right,186.0,2029-12-31 00:00:00,HIJAR,https://img.a.transfermarkt.technology/portrait/header/983609-1740844253.jpeg?lm=1,19.0,0.0,,https://www.transfermarkt.co.uk/jordan-garcia/profil/spieler/983609,MEX1,Club León FC,2500000.0,2500000.0,2024,Joan García,ESP-La Liga,2425,Espanyol,Joan García,ESP,GK,23,2001,38,38,3420,38.0,51,1.34,194,143,73.7,11,9,18,8,21.1,6,4,2,0,33.3,19.797399041752225,1729.0
99617,2025-04-17,200000,Seattle Sounders FC,9636,MLS1,Stefan,Frei,Stefan Frei,2025,9636,stefan-frei,Switzerland,Altstätten  ,United States,1986-04-20 00:00:00,Goalkeeper,Goalkeeper,,195.0,2027-12-31 00:00:00,THE·TEAM,https://img.a.transfermarkt.technology/portrait/header/99617-1771756765.jpg?lm=1,0.0,0.0,,https://www.transfermarkt.co.uk/stefan-frei/profil/spieler/99617,MLS1,Seattle Sounders FC,100000.0,1000000.0,2024,Stefan Ortega,ENG-Premier League,2425,Manchester City,Stefan Ortega,GER,GK,31,1992,13,12,1100,12.2,18,1.47,51,33,64.7,5,4,3,3,25.0,2,2,0,0,0.0,38.992470910335385,988.0
126630,2025-04-17,600000,Toronto FC,11141,MLS1,Sean,Johnson,Sean Johnson,2025,2440,sean-johnson,United States,"Lilburn, Georgia  ",United States,1989-05-31 00:00:00,Goalkeeper,Goalkeeper,right,190.0,2027-06-30 00:00:00,,https://img.a.transfermarkt.technology/portrait/header/126630-1771687154.jpg?lm=1,13.0,0.0,,https://www.transfermarkt.co.uk/sean-johnson/profil/spieler/126630,MLS1,D.C. United,300000.0,1800000.0,2024,Sam Johnstone,ENG-Premier League,2425,Wolves,Sam Johnstone,ENG,GK,31,1993,7,7,630,7.0,17,2.43,40,23,57.5,0,1,6,0,0.0,2,2,0,0,0.0,35.879534565366185,804.0
540058,2025-05-16,350000,Makedonikos Neapolis,21600,,Christos,Talichmanidis,Christos Talichmanidis,2024,1091,christos-talichmanidis,Greece,Thessaloniki  ,Greece,2001-03-16 00:00:00,Goalkeeper,Goalkeeper,right,187.0,2026-05-31 00:00:00,Perpetuum IQ,https://img.a.transfermarkt.technology/portrait/header/540058-1773089077.png?lm=1,1.0,0.0,,https://www.transfermarkt.co.uk/christos-talichmanidis/profil/spieler/540058,GR1,Panthessalonikios Athlitikos Omilos Konstantinoupoliton,400000.0,400000.0,2024,Christos Mandas,ITA-Serie A,2425,Lazio,Christos Mandas,GRE,GK,22,2001,9,9,810,9.0,7,0.78,27,20,74.1,3,5,1,4,44.4,0,0,0,0,,24.16700889801506,380.0
820227,2025-05-19,125000,Tlaxcala FC,42781,,Ricardo,Rodríguez,Ricardo Rodríguez,2025,82696,ricardo-rodriguez,Mexico,Valle de Santiago  ,Mexico,2001-03-15 00:00:00,Goalkeeper,Goalkeeper,,178.0,,GLSM,https://img.a.transfermarkt.technology/portrait/header/820227-1670612731.jpg?lm=1,,,,https://www.transfermarkt.co.uk/ricardo-rodriguez/profil/spieler/820227,MEX1,Mazatlán FC,1000000.0,1000000.0,2024,Adrian Rodriguez,ESP-La Liga,2425,Alavés,Adrian Rodriguez,ESP,GK,23,2000,2,1,122,1.4,2,1.48,6,4,66.7,0,1,0,1,100.0,1,1,0,0,0.0,24.177960301163587,0.0
280379,2025-05-26,300000,CF Monterrey,2407,MEX1,Luis,Cárdenas,Luis Cárdenas,2025,2407,luis-cardenas,Mexico,Los Mochis  ,Mexico,1993-09-15 00:00:00,Goalkeeper,Goalkeeper,right,176.0,2028-06-30 00:00:00,EL C1EL0,https://img.a.transfermarkt.technology/portrait/header/280379-1580827417.png?lm=1,0.0,0.0,,https://www.transfermarkt.co.uk/luis-cardenas/profil/spieler/280379,MEX1,CF Monterrey,200000.0,600000.0,2024,Dani Cárdenas,ESP-La Liga,2425,Rayo Vallecano,Dani Cárdenas,ESP,GK,27,1997,6,6,540,6.0,6,1.0,20,14,70.0,3,1,2,2,33.3,0,0,0,0,,31.693360711841205,1131.0
286415,2025-05-26,2500000,Deportivo Toluca,1804,MEX1,Pau,López,Pau López,2025,150,pau-lopez,Spain,Girona  ,Spain,1994-12-13 00:00:00,Goalkeeper,Goalkeeper,left,189.0,2028-06-30 00:00:00,Goal Management,https://img.a.transfermarkt.technology/portrait/header/286415-1762266591.jpg?lm=1,2.0,0.0,,https://www.transfermarkt.co.uk/pau-lopez/profil/spieler/286415,ES1,Real Betis Balompié,2500000.0,24000000.0,2024,Pau López,ESP-La Liga,2425,Girona,Pau López,ESP,GK,29,1994,1,0,45,0.5,2,4.0,3,1,33.3,0,0,0,0,,0,0,0,0,,30.45037645448323,1131.0
491542,2025-05-26,7000000,CD Cruz Azul,3711,MEX1,Kevin,Mier,Kevin Mier,2025,3711,kevin-mier,Colombia,Barrancabermeja  ,Colombia,2000-05-18 00:00:00,Goalkeeper,Goalkeeper,right,187.0,2029-06-30 00:00:00,Elite Player,https://img.a.transfermarkt.technology/portrait/header/491542-1693600544.JPG?lm=1,3.0,0.0,,https://www.transfermarkt.co.uk/kevin-mier/profil/spieler/491542,MEX1,CD Cruz Azul,6000000.0,8000000.0,2024,Kevin Müller,,2425,Heidenheim,Kevin Müller,GER,GK,33,1991,33,33,2939,32.7,64,1.96,170,106,62.4,7,5,21,8,24.2,6,6,0,0,0.0,25.021218343600275,1496.0
834483,2025-05-26,3000000,UNAM Pumas,7633,MEX1,Álex,Padilla,Álex Padilla,2025,621,alex-padilla,Spain,Zarautz  ,Mexico,2003-09-01 00:00:00,Goalkeeper,Goalkeeper,right,190.0,2029-06-30 00:00:00,THE·TEAM,https://img.a.transfermarkt.technology/portrait/header/834483-1709676711.png?lm=1,3.0,0.0,,https://www.transfermarkt.co.uk/alex-padilla/profil/spieler/834483,ES1,Athletic Bilbao,3000000.0,3000000.0,2024,Alex Padilla,ESP-La Liga,2425,Athletic Club,Alex Padilla,ESP,GK,20,2003,5,3,321,3.6,6,1.68,18,12,66.7,0,1,2,0,0.0,1,1,0,0,0.0,21.73305954825462,1496.0
326363,2025-05-27,800000,Al-Raed SFC,22381,SA1,André,Moreira,André Moreira,2025,60949,andre-moreira,Portugal,Ribeirão  ,Portugal,1995-12-02 00:00:00,Goalkeeper,Goalkeeper,right,195.0,,,https://img.a.transfermarkt.technology/portrait/header/326363-1630733810.jpg?lm=1,1.0,0.0,,https://www.transfermarkt.co.uk/andre-moreira/profil/spieler/326363,GR1,Volou Neos Podosferikos Syllogos,500000.0,1200000.0,2024,André Ferreira,ESP-La Liga,2425,Valladolid,André Ferreira,POR,GK,28,1996,6,6,540,6.0,20,3.33,40,20,50.0,0,0,6,0,0.0,3,3,0,0,0.0,29.4839151266256,0.0
357658,2025-05-27,4000000,Middlesbrough FC,641,GB1,Mark,Travers,Mark Travers,2025,29,mark-travers,Ireland,Maynooth  ,Ireland,1999-05-18 00:00:00,Goalkeeper,Goalkeeper,right,191.0,2029-06-30 00:00:00,Unique Sports Group,https://img.a.transfermarkt.technology/portrait/header/357658-1702296610.jpg?lm=1,6.0,0.0,,https://www.transfermarkt.co.uk/mark-travers/profil/spieler/357658,GB1,Everton FC,3000000.0,4000000.0,2024,Mark Travers,ENG-Premier League,2425,Bournemouth,Mark Travers,IRL,GK,25,1999,5,5,450,5.0,5,1.0,25,20,80.0,2,2,1,1,20.0,0,0,0,0,,26.026009582477755,1495.0
29692,2025-05-30,500000,West Ham United,379,GB1,Lukasz,Fabianski,Lukasz Fabianski,2025,379,lukasz-fabianski,Poland,Kostrzyn nad Odrą  ,Poland,1985-04-18 00:00:00,Goalkeeper,Goalkeeper,right,190.0,,ROOF,https://img.a.transfermarkt.technology/portrait/header/29692-1685709486.jpg?lm=1,57.0,0.0,,https://www.transfermarkt.co.uk/lukasz-fabianski/profil/spieler/29692,GB1,West Ham United,150000.0,9000000.0,2024,Łukasz Fabiański,ENG-Premier League,2425,West Ham,Łukasz Fabiański,POL,GK,39,1985,14,13,1160,12.9,21,1.63,71,50,70.4,6,3,4,3,23.1,3,3,0,0,0.0,40.114989733059545,0.0
52570,2025-05-30,1000000,Tottenham Hotspur,148,GB1,Fraser,Forster,Fraser Forster,2025,989,fraser-forster,England,Hexham  ,England,1988-03-17 00:00:00,Goalkeeper,Goalkeeper,right,201.0,2027-06-30 00:00:00,CAA Stellar,https://img.a.transfermarkt.technology/portrait/header/52570-1676412801.jpg?lm=1,6.0,0.0,,https://www.transfermarkt.co.uk/fraser-forster/profil/spieler/52570,GB1,AFC Bournemouth,400000.0,15000000.0,2024,Fraser Forster,ENG-Premier League,2425,Tottenham,Fraser Forster,ENG,GK,36,1988,7,7,630,7.0,15,2.14,42,28,64.3,1,2,4,1,14.3,2,2,0,0,0.0,37.20191649555099,761.0
72476,2025-05-30,10000000,Fulham FC,931,GB1,Bernd,Leno,Bernd Leno,2025,931,bernd-leno,Germany,Bietigheim-Bissingen  ,Germany,1992-03-04 00:00:00,Goalkeeper,Goalkeeper,right,190.0,2027-06-30 00:00:00,fair-sport GmbH,https://img.a.transfermarkt.technology/portrait/header/72476-1774470314.jpg?lm=1,9.0,0.0,,https://www.transfermarkt.co.uk/bernd-leno/profil/spieler/72476,GB1,Fulham FC,6000000.0,35000000.0,2024,Bernd Leno,ENG-Premier League,2425,Fulham,Bernd Leno,GER,GK,32,1992,38,38,3420,38.0,54,1.42,158,107,65.8,15,9,14,5,13.2,4,3,1,0,25.0,33.23750855578371,761.0
73564,2025-05-30,1500000,Brighton & Hove Albion,1237,GB1,Jason,Steele,Jason Steele,2025,1237,jason-steele,England,Newton Aycliffe  ,England,1990-08-18 00:00:00,Goalkeeper,Goalkeeper,right,188.0,2027-06-30 00:00:00,Murdock Sports Group,https://img.a.transfermarkt.technology/portrait/header/73564-1681383960.jpg?lm=1,0.0,0.0,,https://www.transfermarkt.co.uk/jason-steele/profil/spieler/73564,GB1,Brighton & Hove Albion,500000.0,4000000.0,2024,Jason Steele,ENG-Premier League,2425,Brighton,Jason Steele,ENG,GK,33,1990,2,2,180,2.0,1,0.5,4,3,75.0,2,0,0,1,50.0,0,0,0,0,,34.78165639972622,761.0
74960,2025-05-30,1000000,Newcastle United,762,GB1,Martin,Dúbravka,Martin Dúbravka,2025,1132,martin-dubravka,CSSR,Žilina  ,Slovakia,1989-01-15 00:00:00,Goalkeeper,Goalkeeper,right,191.0,2027-06-30 00:00:00,1863,https://img.a.transfermarkt.technology/portrait/header/74960-1700237195.jpg?lm=1,60.0,0.0,,https://www.transfermarkt.co.uk/martin-dubravka/profil/spieler/74960,GB1,Burnley FC,500000.0,7500000.0,2024,Martin Dúbravka,ENG-Premier League,2425,Newcastle,Martin Dúbravka,SVK,GK,35,1989,10,10,900,10.0,12,1.2,41,29,70.7,7,0,3,5,50.0,0,0,0,0,,36.369609856262834,761.0
75458,2025-05-30,1000000,Aston Villa,405,GB1,Robin,Olsen,Robin Olsen,2025,496,robin-olsen,Sweden,Malmö  ,Sweden,1990-01-08 00:00:00,Goalkeeper,Goalkeeper,right,196.0,2029-12-31 00:00:00,,https://img.a.transfermarkt.technology/portrait/header/75458-1697721104.jpg?lm=1,79.0,0.0,,https://www.transfermarkt.co.uk/robin-olsen/profil/spieler/75458,SE1,Malmö Fotbollförening,600000.0,10000000.0,2024,Robin Olsen,ENG-Premier League,2425,Aston Villa,Robin Olsen,SWE,GK,34,1990,4,1,226,2.5,6,2.39,14,8,57.1,1,0,0,1,100.0,1,1,0,0,0.0,35.389459274469544,1676.0
85941,2025-05-30,8000000,Manchester City,281,GB1,Stefan,Ortega,Stefan Ortega,2025,281,stefan-ortega,Germany,Hofgeismar  ,Germany,1992-11-06 00:00:00,Goalkeeper,Goalkeeper,right,185.0,,,https://img.a.transfermarkt.technology/portrait/header/85941-1668065114.jpg?lm=1,0.0,0.0,,https://www.transfermarkt.co.uk/stefan-ortega/profil/spieler/85941,GB1,Manchester City,4000000.0,9000000.0,2024,Stefan Ortega,ENG-Premier League,2425,Manchester City,Stefan Ortega,GER,GK,31,1992,13,12,1100,12.2,18,1.47,51,33,64.7,5,4,3,3,25.0,2,2,0,0,0.0,32.56125941136208,0.0
95976,2025-05-30,350000,Southampton FC,180,GB1,Alex,McCarthy,Alex McCarthy,2024,180,alex-mccarthy,England,Guildford  ,England,1989-12-03 00:00:00,Goalkeeper,Goalkeeper,right,193.0,2026-06-30 00:00:00,SBM,https://img.a.transfermarkt.technology/portrait/header/95976-1737919833.jpg?lm=1,1.0,0.0,,https://www.transfermarkt.co.uk/alex-mccarthy/profil/spieler/95976,GB1,Southampton FC,300000.0,6500000.0,2024,Alex McCarthy,ENG-Premier League,2425,Southampton,Alex McCarthy,ENG,GK,34,1989,5,5,450,5.0,13,2.6,37,24,64.9,0,0,5,0,0.0,2,2,0,0,0.0,35.488021902806295,396.0
105470,2025-05-30,20000000,Liverpool FC,31,GB1,,Alisson,Alisson,2025,31,alisson,Brazil,Novo Hamburgo  ,Brazil,1992-10-02 00:00:00,Goalkeeper,Goalkeeper,right,193.0,2027-06-30 00:00:00,,https://img.a.transfermarkt.technology/portrait/header/105470-1780389358.jpg?lm=1,83.0,0.0,,https://www.transfermarkt.co.uk/alisson/profil/spieler/105470,GB1,Liverpool FC,15000000.0,90000000.0,2024,Alisson,ENG-Premier League,2425,Liverpool,Alisson,BRA,GK,31,1992,28,28,2508,27.9,29,1.04,106,74,72.6,18,7,3,10,35.7,1,1,0,0,0.0,32.6570841889117,761.0
110864,2025-05-30,6000000,Wolverhampton Wanderers,543,GB1,Sam,Johnstone,Sam Johnstone,2025,543,sam-johnstone,England,Preston  ,England,1993-03-25 00:00:00,Goalkeeper,Goalkeeper,right,193.0,2028-06-30 00:00:00,Unique Sports Group,https://img.a.transfermarkt.technology/portrait/header/110864-1672915792.jpg?lm=1,4.0,0.0,,https://www.transfermarkt.co.uk/sam-johnstone/profil/spieler/110864,GB1,Wolverhampton Wanderers,2000000.0,12000000.0,2024,Sam Johnstone,ENG-Premier League,2425,Wolves,Sam Johnstone,ENG,GK,31,1993,7,7,630,7.0,17,2.43,40,23,57.5,0,1,6,0,0.0,2,2,0,0,0.0,32.18069815195072,1127.0
111819,2025-05-30,1500000,Arsenal FC,11,GB1,,Neto,Neto,2025,537,neto,Brazil,Araxá  ,Brazil,1989-07-19 00:00:00,Goalkeeper,Goalkeeper,right,190.0,2027-06-30 00:00:00,Bertolucci Sports,https://img.a.transfermarkt.technology/portrait/header/111819-1725051877.jpg?lm=1,1.0,0.0,,https://www.transfermarkt.co.uk/neto/profil/spieler/111819,BRA1,S. A. F. Botafogo,900000.0,18000000.0,2024,Neto,ENG-Premier League,2425,Bournemouth,Neto,BRA,GK,35,1989,2,2,180,2.0,2,1.0,13,11,84.6,0,2,0,0,0.0,0,0,0,0,,35.8631074606434,761.0
111873,2025-05-30,20000000,Aston Villa,405,GB1,Emiliano,Martínez,Emiliano Martínez,2025,405,emiliano-martinez,Argentina,Mar del Plata  ,Argentina,1992-09-02 00:00:00,Goalkeeper,Goalkeeper,right,195.0,2029-06-30 00:00:00,Universal Twenty Two,https://img.a.transfermarkt.technology/portrait/header/111873-1668180824.jpg?lm=1,64.0,0.0,,https://www.transfermarkt.co.uk/emiliano-martinez/profil/spieler/111873,GB1,Aston Villa,12000000.0,35000000.0,2024,Emiliano Martínez,ENG-Premier League,2425,Aston Villa,Emiliano Martínez,ARG,GK,31,1992,37,37,3194,35.5,47,1.32,146,99,67.8,18,9,10,8,21.6,2,1,1,0,50.0,32.73921971252567,1492.0
120629,2025-05-30,9000000,West Ham United,379,GB1,Alphonse,Areola,Alphonse Areola,2025,379,alphonse-areola,France,Paris  ,France,1993-02-27 00:00:00,Goalkeeper,Goalkeeper,right,195.0,2027-06-30 00:00:00,Rafaela Pimenta,https://img.a.transfermarkt.technology/portrait/header/120629-1663243036.jpg?lm=1,5.0,0.0,,https://www.transfermarkt.co.uk/alphonse-areola/profil/spieler/120629,GB1,West Ham United,4000000.0,17500000.0,2024,Alphonse Areola,ENG-Premier League,2425,West Ham,Alphonse Areola,FRA,GK,31,1993,26,25,2260,25.1,41,1.63,121,80,66.1,5,7,13,5,20.0,0,0,0,0,,32.251882272416154,761.0
125714,2025-05-30,10000000,Brentford FC,1148,GB1,Mark,Flekken,Mark Flekken,2025,15,mark-flekken,Netherlands,Bocholtz   ,Netherlands,1993-06-13 00:00:00,Goalkeeper,Goalkeeper,both,195.0,2028-06-30 00:00:00,SEG,https://img.a.transfermarkt.technology/portrait/header/125714-1758704276.jpg?lm=1,12.0,0.0,,https://www.transfermarkt.co.uk/mark-flekken/profil/spieler/125714,L1,Bayer 04 Leverkusen,6000000.0,12000000.0,2024,Mark Flekken,ENG-Premier League,2425,Brentford,Mark Flekken,NED,GK,31,1993,37,37,3275,36.4,55,1.51,207,152,73.4,16,8,13,8,21.6,1,1,0,0,0.0,31.96167008898015,1127.0
127202,2025-05-30,7000000,Nottingham Forest,703,GB1,Matz,Sels,Matz Sels,2025,703,matz-sels,Belgium,Lint  ,Belgium,1992-02-26 00:00:00,Goalkeeper,Goalkeeper,right,188.0,2028-06-30 00:00:00,Cherry Sports,https://img.a.transfermarkt.technology/portrait/header/127202-1665067633.jpg?lm=1,13.0,0.0,,https://www.transfermarkt.co.uk/matz-sels/profil/spieler/127202,GB1,Nottingham Forest,3500000.0,8000000.0,2024,Matz Sels,ENG-Premier League,2425,Nottingham,Matz Sels,BEL,GK,32,1992,38,38,3420,38.0,46,1.21,163,119,71.8,19,8,11,13,34.2,3,3,0,0,0.0,33.256673511293634,1127.0
130164,2025-05-30,18000000,Everton FC,29,GB1,Jordan,Pickford,Jordan Pickford,2025,29,jordan-pickford,England,Washington  ,England,1994-03-07 00:00:00,Goalkeeper,Goalkeeper,left,185.0,2029-06-30 00:00:00,CAA Stellar,https://img.a.transfermarkt.technology/portrait/header/130164-1668499964.jpg?lm=1,89.0,0.0,,https://www.transfermarkt.co.uk/jordan-pickford/profil/spieler/130164,GB1,Everton FC,13000000.0,40000000.0,2024,Jordan Pickford,ENG-Premier League,2425,Everton,Jordan Pickford,ENG,GK,30,1994,38,38,3420,38.0,44,1.16,163,119,73.0,11,15,12,12,31.6,2,0,2,0,100.0,31.23066392881588,1492.0
136401,2025-05-30,1500000,Wolverhampton Wanderers,543,GB1,Daniel,Bentley,Daniel Bentley,2025,543,daniel-bentley,England,Basildon  ,England,1993-07-13 00:00:00,Goalkeeper,Goalkeeper,,193.0,2027-06-30 00:00:00,Unique Sports Group,https://img.a.transfermarkt.technology/portrait/header/136401-1700737411.jpg?lm=1,,,,https://www.transfermarkt.co.uk/daniel-bentley/profil/spieler/136401,GB1,Wolverhampton Wanderers,800000.0,4000000.0,2024,Daniel Bentley,ENG-Premier League,2425,Wolves,Daniel Bentley,ENG,GK,31,1993,2,2,180,2.0,4,2.0,12,8,66.7,1,0,1,1,50.0,0,0,0,0,,31.87953456536619,761.0
192080,2025-05-30,8000000,Newcastle United,762,GB1,Nick,Pope,Nick Pope,2025,762,nick-pope,England,Soham  ,England,1992-04-19 00:00:00,Goalkeeper,Goalkeeper,right,198.0,2027-06-30 00:00:00,CAA Stellar,https://img.a.transfermarkt.technology/portrait/header/192080-1663841362.jpg?lm=1,10.0,0.0,,https://www.transfermarkt.co.uk/nick-pope/profil/spieler/192080,GB1,Newcastle United,5000000.0,20000000.0,2024,Nick Pope,ENG-Premier League,2425,Newcastle,Nick Pope,ENG,GK,32,1992,28,28,2520,28.0,35,1.25,122,87,71.3,13,6,9,8,28.6,2,1,1,0,50.0,33.111567419575636,761.0
192279,2025-05-30,10000000,AFC Bournemouth,989,GB1,Kepa,Arrizabalaga,Kepa Arrizabalaga,2025,11,kepa-arrizabalaga,Spain,Ondarroa  ,Spain,1994-10-03 00:00:00,Goalkeeper,Goalkeeper,right,188.0,2028-06-30 00:00:00,AC Talent,https://img.a.transfermarkt.technology/portrait/header/192279-1661855851.jpg?lm=1,13.0,0.0,,https://www.transfermarkt.co.uk/kepa-arrizabalaga/profil/spieler/192279,GB1,Arsenal FC,5000000.0,60000000.0,2024,Kepa Arrizabalaga,ENG-Premier League,2425,Bournemouth,Kepa Arrizabalaga,ESP,GK,29,1994,31,31,2790,31.0,39,1.26,136,97,71.3,13,7,11,8,25.8,4,4,0,0,0.0,30.65571526351814,1127.0
203026,2025-05-30,1200000,Leicester City,1003,GB1,Danny,Ward,Danny Ward,2025,1112,danny-ward,Wales,Wrexham  ,Wales,1993-06-22 00:00:00,Goalkeeper,Goalkeeper,right,191.0,2027-06-30 00:00:00,CAA Stellar,https://img.a.transfermarkt.technology/portrait/header/203026-1668070552.jpg?lm=1,45.0,0.0,3864.0,https://www.transfermarkt.co.uk/danny-ward/profil/spieler/203026,,,600000.0,10000000.0,2024,Danny Ward,ENG-Premier League,2425,Leicester City,Danny Ward,WAL,GK,31,1993,2,1,135,1.5,6,4.0,10,4,40.0,0,0,1,0,0.0,0,0,0,0,,31.93702943189596,761.0
215810,2025-05-30,200000,Wolverhampton Wanderers,543,GB1,Tom,King,Tom King,2025,29,tom-king,England,Plymouth  ,Wales,1995-03-09 00:00:00,Goalkeeper,Goalkeeper,right,194.0,2027-06-30 00:00:00,,https://img.a.transfermarkt.technology/portrait/header/215810-1774468851.jpg?lm=1,1.0,0.0,,https://www.transfermarkt.co.uk/tom-king/profil/spieler/215810,GB1,Everton FC,100000.0,200000.0,2024,Tom King,ENG-Premier League,2425,Wolves,Tom King,WAL,GK,29,1995,1,0,1,0.0,0,0.0,0,0,,0,0,0,0,,0,0,0,0,,30.2258726899384,761.0
234509,2025-05-30,25000000,Manchester United,985,GB1,André,Onana,André Onana,2025,449,andre-onana,Cameroon,Nkol Ngok  ,Cameroon,1996-04-02 00:00:00,Goalkeeper,Goalkeeper,right,190.0,2027-06-30 00:00:00,LIAN Sports Group,https://img.a.transfermarkt.technology/portrait/header/234509-1769612568.jpg?lm=1,53.0,0.0,,https://www.transfermarkt.co.uk/andre-onana/profil/spieler/234509,TR1,Trabzonspor,10000000.0,45000000.0,2024,André Onana,ENG-Premier League,2425,Manchester Utd,André Onana,CMR,GK,28,1996,34,34,3060,34.0,44,1.29,129,88,65.9,10,9,15,9,26.5,4,3,1,0,25.0,29.15811088295688,761.0
234811,2025-05-30,7000000,Sporting CP,336,PO1,Rui,Silva,Rui Silva,2025,336,rui-silva,Portugal,Maia  ,Portugal,1994-02-07 00:00:00,Goalkeeper,Goalkeeper,left,191.0,2028-06-30 00:00:00,Team of Future,https://img.a.transfermarkt.technology/portrait/header/234811-1666770953.jpg?lm=1,3.0,0.0,,https://www.transfermarkt.co.uk/rui-silva/profil/spieler/234811,PO1,Sporting CP,7000000.0,15000000.0,2024,Rui Silva,ESP-La Liga,2425,Real Betis,Rui Silva,POR,GK,30,1994,15,15,1350,15.0,18,1.2,55,37,67.3,5,5,5,4,26.7,3,3,0,0,0.0,31.307323750855577,1127.0
249994,2025-05-30,7000000,Wolverhampton Wanderers,543,GB1,José,Sá,José Sá,2025,543,jose-sa,Portugal,Braga  ,Portugal,1993-01-17 00:00:00,Goalkeeper,Goalkeeper,right,192.0,2027-06-30 00:00:00,Gestifute,https://img.a.transfermarkt.technology/portrait/header/249994-1696600015.jpg?lm=1,5.0,0.0,,https://www.transfermarkt.co.uk/jose-sa/profil/spieler/249994,GB1,Wolverhampton Wanderers,3500000.0,18000000.0,2024,José Sá,ENG-Premier League,2425,Wolves,José Sá,POR,GK,31,1993,29,29,2609,29.0,48,1.66,117,69,59.0,11,5,13,7,24.1,7,5,2,0,28.6,32.36413415468857,761.0
258919,2025-05-30,20000000,Crystal Palace,873,GB1,Dean,Henderson,Dean Henderson,2025,873,dean-henderson,England,Whitehaven  ,England,1997-03-12 00:00:00,Goalkeeper,Goalkeeper,right,188.0,2028-06-30 00:00:00,Unique Sports Group,https://img.a.transfermarkt.technology/portrait/header/258919-1716297478.jpg?lm=1,5.0,0.0,,https://www.transfermarkt.co.uk/dean-henderson/profil/spieler/258919,GB1,Crystal Palace,28000000.0,28000000.0,2024,Dean Henderson,ENG-Premier League,2425,Crystal Palace,Dean Henderson,ENG,GK,27,1997,38,38,3420,38.0,51,1.34,152,102,66.4,13,14,11,11,28.9,2,1,1,0,50.0,28.216290212183434,1127.0
262749,2025-05-30,40000000,Arsenal FC,11,GB1,David,Raya,David Raya,2025,11,david-raya,Spain,Barcelona  ,Spain,1995-09-15 00:00:00,Goalkeeper,Goalkeeper,right,186.0,2028-06-30 00:00:00,FUTBOL21 AGENCY,https://img.a.transfermarkt.technology/portrait/header/262749-1780663789.jpg?lm=1,13.0,0.0,,https://www.transfermarkt.co.uk/david-raya/profil/spieler/262749,GB1,Arsenal FC,30000000.0,40000000.0,2024,David Raya,ENG-Premier League,2425,Arsenal,David Raya,ESP,GK,28,1995,38,38,3420,38.0,34,0.89,120,86,71.7,20,14,4,13,34.2,3,3,0,0,0.0,29.7056810403833,1127.0
286047,2025-05-30,32000000,Tottenham Hotspur,148,GB1,Guglielmo,Vicario,Guglielmo Vicario,2025,148,guglielmo-vicario,Italy,Udine  ,Italy,1996-10-07 00:00:00,Goalkeeper,Goalkeeper,right,194.0,2028-06-30 00:00:00,THE·TEAM,https://img.a.transfermarkt.technology/portrait/header/286047-1725874745.jpg?lm=1,5.0,0.0,,https://www.transfermarkt.co.uk/guglielmo-vicario/profil/spieler/286047,GB1,Tottenham Hotspur,18000000.0,35000000.0,2024,Guglielmo Vicario,ENG-Premier League,2425,Tottenham,Guglielmo Vicario,ITA,GK,27,1996,24,24,2160,24.0,37,1.54,105,68,64.8,9,3,12,4,16.7,1,1,0,0,0.0,28.643394934976044,1127.0
336077,2025-05-30,8000000,Manchester United,985,GB1,Altay,Bayındır,Altay Bayındır,2025,985,altay-bayindir,Türkiye,Bursa  ,Türkiye,1998-04-14 00:00:00,Goalkeeper,Goalkeeper,right,198.0,2027-06-30 00:00:00,SEFA SEYREK,https://img.a.transfermarkt.technology/portrait/header/336077-1781173656.jpg?lm=1,12.0,0.0,,https://www.transfermarkt.co.uk/altay-bayindir/profil/spieler/336077,GB1,Manchester United,5000000.0,16000000.0,2024,Altay Bayındır,ENG-Premier League,2425,Manchester Utd,Altay Bayındır,TUR,GK,26,1998,4,4,360,4.0,10,2.5,18,8,44.4,1,0,3,1,25.0,0,0,0,0,,27.12662559890486,761.0
336367,2025-05-30,500000,Southampton FC,180,GB1,Joe,Lumley,Joe Lumley,2024,180,joe-lumley,England,Harlow  ,England,1995-02-15 00:00:00,Goalkeeper,Goalkeeper,right,190.0,2027-06-30 00:00:00,Unique Sports Group,https://img.a.transfermarkt.technology/portrait/header/336367-1709158388.jpg?lm=1,,,,https://www.transfermarkt.co.uk/joe-lumley/profil/spieler/336367,GB1,Southampton FC,450000.0,1000000.0,2024,Joe Lumley,ENG-Premier League,2425,Southampton,Joe Lumley,ENG,GK,29,1995,3,3,270,3.0,7,2.33,20,13,65.0,0,1,2,0,0.0,0,0,0,0,,30.286105407255306,761.0
340918,2025-05-30,20000000,Liverpool FC,31,GB1,Caoimhín,Kelleher,Caoimhín Kelleher,2025,1148,caoimhin-kelleher,Ireland,Cork  ,Ireland,1998-11-23 00:00:00,Goalkeeper,Goalkeeper,right,188.0,2030-06-30 00:00:00,ROOF,https://img.a.transfermarkt.technology/portrait/header/340918-1708933663.jpg?lm=1,32.0,0.0,,https://www.transfermarkt.co.uk/caoimhin-kelleher/profil/spieler/340918,GB1,Brentford FC,28000000.0,28000000.0,2024,Caoimhín Kelleher,ENG-Premier League,2425,Liverpool,Caoimhín Kelleher,IRL,GK,25,1998,10,10,900,10.0,12,1.2,37,24,67.6,7,2,1,4,40.0,1,0,1,0,100.0,26.5160848733744,1857.0
371021,2025-05-30,5000000,Ipswich Town,677,GB1,Arijanet,Murić,Arijanet Murić,2025,6574,arijanet-muric,Switzerland,Schlieren  ,Kosovo,1998-11-07 00:00:00,Goalkeeper,Goalkeeper,right,198.0,,11WINS,https://img.a.transfermarkt.technology/portrait/header/371021-1685718424.jpg?lm=1,51.0,0.0,,https://www.transfermarkt.co.uk/arijanet-muric/profil/spieler/371021,IT1,US Sassuolo,7500000.0,12000000.0,2024,Arijanet Muric,ENG-Premier League,2425,Ipswich Town,Arijanet Muric,KVX,GK,25,1998,18,18,1620,18.0,33,1.83,103,70,68.0,2,6,10,1,5.6,3,3,0,0,0.0,26.559890485968516,0.0
400536,2025-05-30,15000000,Leicester City,1003,GB1,Mads,Hermansen,Mads Hermansen,2025,379,mads-hermansen,Denmark,Odense  ,Denmark,2000-07-11 00:00:00,Goalkeeper,Goalkeeper,right,187.0,2030-06-30 00:00:00,CAA Stellar,https://img.a.transfermarkt.technology/portrait/header/400536-1707386039.jpg?lm=1,3.0,0.0,,https://www.transfermarkt.co.uk/mads-hermansen/profil/spieler/400536,GB1,West Ham United,15000000.0,18000000.0,2024,Mads Hermansen,ENG-Premier League,2425,Leicester City,Mads Hermansen,DEN,GK,24,2000,27,27,2385,26.5,58,2.19,160,102,63.8,3,6,18,1,3.7,4,3,1,0,25.0,24.88432580424367,1857.0
403151,2025-05-30,20000000,Chelsea FC,631,GB1,Robert,Sánchez,Robert Sánchez,2025,631,robert-sanchez,Spain,Cartagena  ,Spain,1997-11-18 00:00:00,Goalkeeper,Goalkeeper,right,197.0,2030-06-30 00:00:00,CAA Stellar,https://img.a.transfermarkt.technology/portrait/header/403151-1695028195.jpg?lm=1,3.0,0.0,,https://www.transfermarkt.co.uk/robert-sanchez/profil/spieler/403151,GB1,Chelsea FC,22000000.0,32000000.0,2024,Robert Sánchez,ENG-Premier League,2425,Chelsea,Robert Sánchez,ESP,GK,26,1997,32,32,2880,32.0,34,1.06,128,94,73.4,17,9,6,10,31.3,5,4,1,0,20.0,27.529089664613277,1857.0
427568,2025-05-30,16000000,Southampton FC,180,GB1,Aaron,Ramsdale,Aaron Ramsdale,2025,762,aaron-ramsdale,England,Stoke-on-Trent  ,England,1998-05-14 00:00:00,Goalkeeper,Goalkeeper,right,190.0,2028-06-30 00:00:00,World in Motion,https://img.a.transfermarkt.technology/portrait/header/427568-1681828000.jpg?lm=1,5.0,0.0,,https://www.transfermarkt.co.uk/aaron-ramsdale/profil/spieler/427568,GB1,Newcastle United,12000000.0,40000000.0,2024,Aaron Ramsdale,ENG-Premier League,2425,Southampton,Aaron Ramsdale,ENG,GK,26,1998,30,30,2700,30.0,66,2.2,189,123,65.1,2,5,23,3,10.0,7,5,2,0,28.6,27.044490075290895,1127.0
428016,2025-05-30,600000,Tottenham Hotspur,148,GB1,Brandon,Austin,Brandon Austin,2025,148,brandon-austin,England,Hemel Hempstead  ,England,1999-01-08 00:00:00,Goalkeeper,Goalkeeper,right,188.0,2029-06-30 00:00:00,Unique Sports Group,https://img.a.transfermarkt.technology/portrait/header/428016-1737735261.jpg?lm=1,0.0,0.0,,https://www.transfermarkt.co.uk/brandon-austin/profil/spieler/428016,GB1,Tottenham Hotspur,500000.0,600000.0,2024,Brandon Austin,ENG-Premier League,2425,Tottenham,Brandon Austin,ENG,GK,25,1999,1,1,90,1.0,2,2.0,4,2,50.0,0,0,1,0,0.0,0,0,0,0,,26.390143737166323,1492.0
486604,2025-05-30,4000000,Liverpool FC,31,GB1,Vitezslav,Jaros,Vitezslav Jaros,2025,610,vitezslav-jaros,Czech Republic,Příbram  ,Czech Republic,2001-07-23 00:00:00,Goalkeeper,Goalkeeper,right,190.0,2028-06-30 00:00:00,SPORT INVEST,https://img.a.transfermarkt.technology/portrait/header/486604-1696603392.jpg?lm=1,2.0,0.0,,https://www.transfermarkt.co.uk/vitezslav-jaros/profil/spieler/486604,NL1,Ajax Amsterdam,5000000.0,6000000.0,2024,Vitezslav Jaros,ENG-Premier League,2425,Liverpool,Vitezslav Jaros,CZE,GK,23,2001,1,0,12,0.1,0,0.0,1,1,100.0,0,0,0,1,,0,0,0,0,,23.852156057494867,1127.0
488935,2025-05-30,2500000,Brentford FC,1148,GB1,Hákon,Valdimarsson,Hákon Valdimarsson,2025,1148,hakon-valdimarsson,Iceland,Reykjavik  ,Iceland,2001-10-13 00:00:00,Goalkeeper,Goalkeeper,right,195.0,2030-06-30 00:00:00,CAA Stellar,https://img.a.transfermarkt.technology/portrait/header/488935-1689319830.jpg?lm=1,22.0,0.0,,https://www.transfermarkt.co.uk/hakon-valdimarsson/profil/spieler/488935,GB1,Brentford FC,2500000.0,2500000.0,2024,Hákon Valdimarsson,ENG-Premier League,2425,Brentford,Hákon Valdimarsson,ISL,GK,22,2001,2,1,145,1.6,2,1.24,5,3,60.0,0,0,1,1,100.0,0,0,0,0,,23.627652292950035,1857.0
565093,2025-05-30,30000000,Brighton & Hove Albion,1237,GB1,Bart,Verbruggen,Bart Verbruggen,2025,1237,bart-verbruggen,Netherlands,Zwolle  ,Netherlands,2002-08-18 00:00:00,Goalkeeper,Goalkeeper,right,193.0,2028-06-30 00:00:00,Stirr Associates,https://img.a.transfermarkt.technology/portrait/header/565093-1716990260.jpg?lm=1,33.0,0.0,,https://www.transfermarkt.co.uk/bart-verbruggen/profil/spieler/565093,GB1,Brighton & Hove Albion,40000000.0,40000000.0,2024,Bart Verbruggen,ENG-Premier League,2425,Brighton,Bart Verbruggen,NED,GK,21,2002,36,36,3240,36.0,58,1.61,140,89,58.6,14,13,9,7,19.4,9,9,0,0,0.0,22.781656399726216,1127.0
585323,2025-05-30,18000000,Chelsea FC,631,GB1,Filip,Jørgensen,Filip Jørgensen,2025,631,filip-jorgensen,Sweden,Lomma  ,Denmark,2002-04-16 00:00:00,Goalkeeper,Goalkeeper,right,192.0,2031-06-30 00:00:00,LIAN Sports Group,https://img.a.transfermarkt.technology/portrait/header/585323-1718280485.jpg?lm=1,2.0,0.0,,https://www.transfermarkt.co.uk/filip-jorgensen/profil/spieler/585323,GB1,Chelsea FC,15000000.0,20000000.0,2024,Filip Jørgensen,ENG-Premier League,2425,Chelsea,Filip Jørgensen,DEN,GK,22,2002,6,6,540,6.0,9,1.5,29,20,69.0,3,0,3,1,16.7,1,1,0,0,0.0,23.121149897330596,2222.0
725912,2025-05-30,15000000,Tottenham Hotspur,148,GB1,Antonín,Kinský,Antonín Kinský,2025,148,antonin-kinsky,Czech Republic,Praha  ,Czech Republic,2003-03-13 00:00:00,Goalkeeper,Goalkeeper,right,190.0,2031-06-30 00:00:00,,https://img.a.transfermarkt.technology/portrait/header/725912-1766160431.jpg?lm=1,0.0,0.0,,https://www.transfermarkt.co.uk/antonin-kinsky/profil/spieler/725912,GB1,Tottenham Hotspur,15000000.0,15000000.0,2024,Antonín Kinský,ENG-Premier League,2425,Tottenham,Antonín Kinský,CZE,GK,21,2003,6,6,540,6.0,11,1.83,35,24,68.6,1,0,5,1,16.7,0,0,0,0,,22.21492128678987,2222.0
842187,2025-05-30,10000,SV Ried,266,A1,Dominik,Stöger,Dominik Stöger,2025,266,dominik-stoger,,,Austria,2006-09-22 00:00:00,Goalkeeper,Goalkeeper,,200.0,2028-06-30 00:00:00,,https://img.a.transfermarkt.technology/portrait/header/842187-1753368072.png?lm=1,0.0,0.0,,https://www.transfermarkt.co.uk/dominik-stoger/profil/spieler/842187,A1,SV Ried,10000.0,10000.0,2024,Dominik Greif,ESP-La Liga,2425,Mallorca,Dominik Greif,SVK,GK,27,1997,31,31,2790,31.0,34,1.1,119,85,71.4,11,8,12,7,22.6,2,2,0,0,0.0,18.68583162217659,1127.0
124901,2025-06-02,150000,FC Lorient,1158,FR1,Benjamin,Leroy,Benjamin Leroy,2025,1158,benjamin-leroy,France,Cucq  ,France,1989-04-07 00:00:00,Goalkeeper,Goalkeeper,right,184.0,2027-06-30 00:00:00,Gersh,https://img.a.transfermarkt.technology/portrait/header/124901-1525692013.jpg?lm=1,,,,https://www.transfermarkt.co.uk/benjamin-leroy/profil/spieler/124901,FR1,FC Lorient,100000.0,1250000.0,2024,Benjamin Lecomte,FRA-Ligue 1,2425,Montpellier,Benjamin Lecomte,FRA,GK,33,1991,30,30,2700,30.0,68,2.27,176,108,61.4,3,4,23,1,3.3,7,6,1,0,14.3,36.153319644079396,758.0
256339,2025-06-02,3200000,Palermo FC,458,IT1,Emil,Audero,Emil Audero,2025,2239,emil-audero,Indonesia,Mataram  ,Indonesia,1997-01-18 00:00:00,Goalkeeper,Goalkeeper,right,192.0,2028-06-30 00:00:00,TMP SOCCER srl,https://img.a.transfermarkt.technology/portrait/header/256339-1663679682.jpg?lm=1,6.0,0.0,,https://www.transfermarkt.co.uk/emil-audero/profil/spieler/256339,IT1,US Cremonese,2800000.0,15000000.0,2024,Emil Audero,ITA-Serie A,2425,Como,Emil Audero,IDN,GK,27,1997,8,8,720,8.0,18,2.25,35,17,48.6,2,2,4,0,0.0,4,4,0,0,0.0,28.369609856262834,1124.0
294843,2025-06-02,2000000,CA Unión (Santa Fe),7097,ARG1,Thiago,Cardozo,Thiago Cardozo,2025,2417,thiago-cardozo,Uruguay,Juan Lacaze  ,Uruguay,1996-07-31 00:00:00,Goalkeeper,Goalkeeper,right,182.0,2026-12-31 00:00:00,SBI Football,https://img.a.transfermarkt.technology/portrait/header/294843-1758833003.png?lm=1,2.0,0.0,,https://www.transfermarkt.co.uk/thiago-cardozo/profil/spieler/294843,ARG1,Club Atlético Belgrano,3200000.0,3200000.0,2024,Tiago Cardoso,,2425,Gladbach,Tiago Cardoso,LUX,GK,18,2006,5,4,380,4.2,3,0.71,23,20,87.0,2,1,1,2,50.0,0,0,0,0,,28.83778234086242,577.0
23951,2025-06-03,500000,Stade Rennais FC,273,FR1,Steve,Mandanda,Steve Mandanda,2024,273,steve-mandanda,Zaire,Kinshasa  ,France,1985-03-28 00:00:00,Goalkeeper,Goalkeeper,right,187.0,,,https://img.a.transfermarkt.technology/portrait/header/23951-1666698933.jpg?lm=1,35.0,0.0,,https://www.transfermarkt.co.uk/steve-mandanda/profil/spieler/23951,FR1,Stade Rennais FC,500000.0,17000000.0,2024,Steve Mandanda,FRA-Ligue 1,2425,Rennes,Steve Mandanda,FRA,GK,39,1985,18,17,1486,16.5,24,1.45,53,29,54.7,6,2,9,6,35.3,3,2,1,0,33.3,40.18343600273785,0.0
60543,2025-06-03,300000,Le Havre AC,738,FR1,Mathieu,Gorgelin,Mathieu Gorgelin,2025,826,mathieu-gorgelin,France,Ambérieu-en-Bugey  ,France,1990-08-05 00:00:00,Goalkeeper,Goalkeeper,left,187.0,,,https://img.a.transfermarkt.technology/portrait/header/60543-1704795204.jpg?lm=1,1.0,0.0,,https://www.transfermarkt.co.uk/mathieu-gorgelin/profil/spieler/60543,FR1,RC Lens,200000.0,1000000.0,2024,Mathieu Gorgelin,FRA-Ligue 1,2425,Le Havre,Mathieu Gorgelin,FRA,GK,33,1990,16,16,1440,16.0,33,2.06,83,50,60.2,5,4,7,1,6.3,3,3,0,0,0.0,34.82819986310746,0.0
60561,2025-06-03,1200000,FC Nantes,995,FR1,Anthony,Lopes,Anthony Lopes,2025,995,anthony-lopes,France,Givors  ,Portugal,1990-10-01 00:00:00,Goalkeeper,Goalkeeper,left,184.0,2028-06-30 00:00:00,,https://img.a.transfermarkt.technology/portrait/header/60561-1640775949.jpg?lm=1,14.0,0.0,,https://www.transfermarkt.co.uk/anthony-lopes/profil/spieler/60561,FR1,FC Nantes,900000.0,25000000.0,2024,Anthony Lopes,FRA-Ligue 1,2425,Nantes,Anthony Lopes,POR,GK,33,1990,18,18,1563,17.4,26,1.5,73,47,64.4,5,6,7,3,16.7,5,4,0,1,0.0,34.672142368240934,1123.0
112822,2025-06-03,300000,RC Strasbourg Alsace,667,FR1,Karl-Johan,Johnsson,Karl-Johan Johnsson,2025,667,karl-johan-johnsson,Sweden,Ränneslöv  ,Sweden,1990-01-28 00:00:00,Goalkeeper,Goalkeeper,right,188.0,,,https://img.a.transfermarkt.technology/portrait/header/112822-1732486706.png?lm=1,9.0,0.0,,https://www.transfermarkt.co.uk/karl-johan-johnsson/profil/spieler/112822,FR1,RC Strasbourg Alsace,200000.0,2500000.0,2024,Karl-Johan Johnsson,FRA-Ligue 1,2425,Strasbourg,Karl-Johan Johnsson,SWE,GK,34,1990,3,3,270,3.0,6,2.0,22,16,72.7,1,1,1,0,0.0,1,1,0,0,0.0,35.34565366187543,0.0
124884,2025-06-03,3000000,Stade Brestois 29,3911,FR1,Marco,Bizot,Marco Bizot,2025,405,marco-bizot,Netherlands,Hoorn  ,Netherlands,1991-03-10 00:00:00,Goalkeeper,Goalkeeper,right,193.0,2027-06-30 00:00:00,Key United,https://img.a.transfermarkt.technology/portrait/header/124884-1707302509.jpg?lm=1,1.0,0.0,,https://www.transfermarkt.co.uk/marco-bizot/profil/spieler/124884,GB1,Aston Villa,1500000.0,7000000.0,2024,Marco Bizot,FRA-Ligue 1,2425,Brest,Marco Bizot,NED,GK,33,1991,32,32,2880,32.0,54,1.69,130,76,58.5,14,5,13,10,31.3,10,8,1,1,11.1,34.234086242299796,757.0
127181,2025-06-03,1500000,Montpellier HSC,969,FR1,Benjamin,Lecomte,Benjamin Lecomte,2025,931,benjamin-lecomte,France,Paris  ,France,1991-04-26 00:00:00,Goalkeeper,Goalkeeper,left,186.0,2027-06-30 00:00:00,YSI Football,https://img.a.transfermarkt.technology/portrait/header/127181-1702663657.JPG?lm=1,0.0,0.0,,https://www.transfermarkt.co.uk/benjamin-lecomte/profil/spieler/127181,GB1,Fulham FC,800000.0,17000000.0,2024,Benjamin Lecomte,FRA-Ligue 1,2425,Montpellier,Benjamin Lecomte,FRA,GK,33,1991,30,30,2700,30.0,68,2.27,176,108,61.4,3,4,23,1,3.3,7,6,1,0,14.3,34.105407255304584,757.0
128969,2025-06-03,2500000,RC Lens,826,FR1,Mathew,Ryan,Mathew Ryan,2025,3368,mathew-ryan,Australia,Plumpton  ,Australia,1992-04-08 00:00:00,Goalkeeper,Goalkeeper,right,184.0,,CAA Stellar,https://img.a.transfermarkt.technology/portrait/header/128969-1668505563.jpg?lm=1,105.0,0.0,,https://www.transfermarkt.co.uk/mathew-ryan/profil/spieler/128969,ES1,Levante UD,1800000.0,10000000.0,2024,Mathew Ryan,FRA-Ligue 1,2425,Lens,Mathew Ryan,AUS,GK,32,1992,14,14,1260,14.0,17,1.21,60,43,71.7,8,1,5,6,42.9,3,2,1,0,33.3,33.152635181382614,0.0
170911,2025-06-03,1000000,AJ Auxerre,290,FR1,Donovan,Léon,Donovan Léon,2025,290,donovan-leon,French Guiana,Cayenne  ,French Guiana,1992-11-03 00:00:00,Goalkeeper,Goalkeeper,right,187.0,2027-06-30 00:00:00,Trust 360,https://img.a.transfermarkt.technology/portrait/header/170911-1593969267.jpg?lm=1,37.0,0.0,,https://www.transfermarkt.co.uk/donovan-leon/profil/spieler/170911,FR1,AJ Auxerre,800000.0,1200000.0,2024,Donovan Léon,FRA-Ligue 1,2425,Auxerre,Donovan Léon,GUF,GK,31,1992,32,32,2880,32.0,48,1.5,169,121,71.6,11,8,13,9,28.1,6,5,1,0,16.7,32.580424366872,757.0
190280,2025-06-03,600000,FC Nantes,995,FR1,Patrik,Carlgren,Patrik Carlgren,2025,995,patrik-carlgren,Sweden,Falun  ,Sweden,1992-01-08 00:00:00,Goalkeeper,Goalkeeper,right,189.0,,,https://img.a.transfermarkt.technology/portrait/header/190280-1726237403.jpg?lm=1,1.0,0.0,,https://www.transfermarkt.co.uk/patrik-carlgren/profil/spieler/190280,FR1,FC Nantes,400000.0,1200000.0,2024,Patrik Carlgren,FRA-Ligue 1,2425,Nantes,Patrik Carlgren,SWE,GK,32,1992,5,4,417,4.6,7,1.51,28,21,75.0,1,2,1,1,25.0,0,0,0,0,,33.40177960301163,0.0
191056,2025-06-03,12000000,Stade Rennais FC,273,FR1,Brice,Samba,Brice Samba,2025,273,brice-samba,Congo,Linzolo  ,France,1994-04-25 00:00:00,Goalkeeper,Goalkeeper,left,187.0,2029-06-30 00:00:00,Sport Cover,https://img.a.transfermarkt.technology/portrait/header/191056-1602242038.jpg?lm=1,4.0,0.0,,https://www.transfermarkt.co.uk/brice-samba/profil/spieler/191056,FR1,Stade Rennais FC,7000000.0,15000000.0,2024,Brice Samba,FRA-Ligue 1,2425,Lens,Brice Samba,FRA,GK,30,1994,15,15,1350,15.0,14,0.93,54,40,74.1,6,6,3,7,46.7,4,4,0,0,0.0,31.107460643394933,1488.0
191056,2025-06-03,12000000,Stade Rennais FC,273,FR1,Brice,Samba,Brice Samba,2025,273,brice-samba,Congo,Linzolo  ,France,1994-04-25 00:00:00,Goalkeeper,Goalkeeper,left,187.0,2029-06-30 00:00:00,Sport Cover,https://img.a.transfermarkt.technology/portrait/header/191056-1602242038.jpg?lm=1,4.0,0.0,,https://www.transfermarkt.co.uk/brice-samba/profil/spieler/191056,FR1,Stade Rennais FC,7000000.0,15000000.0,2024,Brice Samba,FRA-Ligue 1,2425,Rennes,Brice Samba,FRA,GK,30,1994,17,17,1529,17.0,27,1.59,85,58,68.2,7,0,10,5,29.4,3,1,2,0,66.7,31.107460643394933,1488.0
193256,2025-06-03,800000,Stade Rennais FC,273,FR1,Gauthier,Gallon,Gauthier Gallon,2025,9010,gauthier-gallon,France,Nice  ,France,1993-04-23 00:00:00,Goalkeeper,Goalkeeper,right,186.0,,Kemari,https://img.a.transfermarkt.technology/portrait/header/193256-1583139111.jpg?lm=1,,,,https://www.transfermarkt.co.uk/gauthier-gallon/profil/spieler/193256,BE1,FCV Dender EH,600000.0,2500000.0,2024,Gauthier Gallon,FRA-Ligue 1,2425,Rennes,Gauthier Gallon,FRA,GK,31,1993,1,0,45,0.5,0,0.0,0,0,,0,0,0,0,,0,0,0,0,,32.11225188227242,0.0
229604,2025-06-03,8000000,Olympique Marseille,244,FR1,Gerónimo,Rulli,Gerónimo Rulli,2025,244,geronimo-rulli,Argentina,La Plata  ,Argentina,1992-05-20 00:00:00,Goalkeeper,Goalkeeper,right,189.0,2027-06-30 00:00:00,KMB,https://img.a.transfermarkt.technology/portrait/header/229604-1698670758.jpg?lm=1,8.0,0.0,,https://www.transfermarkt.co.uk/geronimo-rulli/profil/spieler/229604,FR1,Olympique Marseille,6000000.0,14000000.0,2024,Gerónimo Rulli,FRA-Ligue 1,2425,Marseille,Gerónimo Rulli,ARG,GK,32,1992,34,34,3060,34.0,47,1.38,136,89,65.4,20,5,9,5,14.7,6,3,3,0,50.0,33.03764544832307,757.0
251322,2025-06-03,5000000,AS Monaco,162,FR1,Philipp,Köhn,Philipp Köhn,2025,162,philipp-kohn,Germany,Dinslaken  ,Switzerland,1998-04-02 00:00:00,Goalkeeper,Goalkeeper,right,190.0,2028-06-30 00:00:00,,https://img.a.transfermarkt.technology/portrait/header/251322-1661531623.png?lm=1,0.0,0.0,,https://www.transfermarkt.co.uk/philipp-kohn/profil/spieler/251322,FR1,AS Monaco,3500000.0,8000000.0,2024,Philipp Köhn,FRA-Ligue 1,2425,Monaco,Philipp Köhn,SUI,GK,26,1998,19,19,1710,19.0,19,1.0,64,45,70.3,11,5,3,8,42.1,1,1,0,0,0.0,27.170431211498972,1123.0
282028,2025-06-03,1200000,Olympique Lyon,1041,FR1,Rémy,Descamps,Rémy Descamps,2025,1041,remy-descamps,France,Marcq-en-Barœul  ,France,1996-06-25 00:00:00,Goalkeeper,Goalkeeper,both,196.0,2029-06-30 00:00:00,BESTWAY SOCCER,https://img.a.transfermarkt.technology/portrait/header/282028-1608790532.jpg?lm=1,0.0,0.0,,https://www.transfermarkt.co.uk/remy-descamps/profil/spieler/282028,FR1,Olympique Lyon,1500000.0,2000000.0,2024,Rémy Descamps,FRA-Ligue 1,2425,Lyon,Rémy Descamps,FRA,GK,28,1996,1,1,90,1.0,2,2.0,6,4,66.7,0,0,1,0,0.0,0,0,0,0,,28.93908281998631,1488.0
315858,2025-06-03,40000000,Paris Saint-Germain,583,FR1,Gianluigi,Donnarumma,Gianluigi Donnarumma,2025,281,gianluigi-donnarumma,Italy,Castellammare di Stabia  ,Italy,1999-02-25 00:00:00,Goalkeeper,Goalkeeper,right,196.0,2030-06-30 00:00:00,Team Raiola,https://img.a.transfermarkt.technology/portrait/header/315858-1761076746.jpg?lm=1,83.0,0.0,,https://www.transfermarkt.co.uk/gianluigi-donnarumma/profil/spieler/315858,GB1,Manchester City,45000000.0,65000000.0,2024,Gianluigi Donnarumma,FRA-Ligue 1,2425,Paris SG,Gianluigi Donnarumma,ITA,GK,25,1999,24,24,2091,23.2,25,1.08,75,50,66.7,18,5,1,4,16.7,1,1,0,0,0.0,26.269678302532512,1853.0
318470,2025-06-03,20000000,Paris Saint-Germain,583,FR1,Matvey,Safonov,Matvey Safonov,2025,583,matvey-safonov,Russia,Krasnodar  ,Russia,1999-02-25 00:00:00,Goalkeeper,Goalkeeper,right,192.0,2029-06-30 00:00:00,BUILD-UP,https://img.a.transfermarkt.technology/portrait/header/318470-1732658603.jpg?lm=1,18.0,0.0,,https://www.transfermarkt.co.uk/matvey-safonov/profil/spieler/318470,FR1,Paris Saint-Germain,30000000.0,30000000.0,2024,Matvei Safonov,FRA-Ligue 1,2425,Paris SG,Matvei Safonov,RUS,GK,25,1999,10,9,879,9.8,9,0.92,26,17,65.4,7,1,1,3,33.3,2,2,0,0,0.0,26.269678302532512,1488.0
328770,2025-06-03,600000,FC Toulouse,415,FR1,Kjetil,Haug,Kjetil Haug,2025,415,kjetil-haug,Norway,Halden  ,Norway,1998-06-12 00:00:00,Goalkeeper,Goalkeeper,right,191.0,2029-06-30 00:00:00,Golden Sports Mgmt,https://img.a.transfermarkt.technology/portrait/header/328770-1663671597.jpg?lm=1,5.0,0.0,,https://www.transfermarkt.co.uk/kjetil-haug/profil/spieler/328770,FR1,FC Toulouse,400000.0,600000.0,2024,Kjetil Haug,FRA-Ligue 1,2425,Toulouse,Kjetil Haug,NOR,GK,26,1998,6,5,498,5.5,7,1.27,16,9,56.3,2,2,1,1,20.0,0,0,0,0,,26.976043805612594,1488.0
346546,2025-06-03,6000000,AS Monaco,162,FR1,Radoslaw,Majecki,Radoslaw Majecki,2025,3911,radoslaw-majecki,Poland,Starachowice  ,Poland,1999-11-16 00:00:00,Goalkeeper,Goalkeeper,right,193.0,2028-06-30 00:00:00,ROOF,https://img.a.transfermarkt.technology/portrait/header/346546-1672484869.jpg?lm=1,1.0,0.0,,https://www.transfermarkt.co.uk/radoslaw-majecki/profil/spieler/346546,FR1,Stade Brestois 29,2500000.0,7000000.0,2024,Radosław Majecki,FRA-Ligue 1,2425,Monaco,Radosław Majecki,POL,GK,24,1999,15,15,1350,15.0,22,1.47,65,43,66.2,7,2,6,3,20.0,2,2,0,0,0.0,25.54688569472964,1123.0
352041,2025-06-03,10000000,Olympique Lyon,1041,FR1,Lucas,Perri,Lucas Perri,2025,399,lucas-perri,Brazil,Valinhos  ,Brazil,1997-12-10 00:00:00,Goalkeeper,Goalkeeper,right,197.0,2029-06-30 00:00:00,LEFT Sports,https://img.a.transfermarkt.technology/portrait/header/352041-1733188777.jpg?lm=1,0.0,0.0,,https://www.transfermarkt.co.uk/lucas-perri/profil/spieler/352041,GB1,Leeds United,10000000.0,16000000.0,2024,Lucas Perri,FRA-Ligue 1,2425,Lyon,Lucas Perri,BRA,GK,26,1997,33,33,2970,33.0,44,1.33,160,116,72.5,17,6,10,10,30.3,3,3,0,0,0.0,27.479808350444902,1488.0
357047,2025-06-03,3000000,AS Saint-Étienne,618,FR1,Gautier,Larsonneur,Gautier Larsonneur,2024,618,gautier-larsonneur,France,Saint-Renan  ,France,1997-02-23 00:00:00,Goalkeeper,Goalkeeper,right,181.0,2028-06-30 00:00:00,DWMA,https://img.a.transfermarkt.technology/portrait/header/357047-1727720726.jpg?lm=1,2.0,0.0,,https://www.transfermarkt.co.uk/gautier-larsonneur/profil/spieler/357047,FR1,AS Saint-Étienne,3000000.0,8000000.0,2024,Gautier Larsonneur,FRA-Ligue 1,2425,Saint-Étienne,Gautier Larsonneur,FRA,GK,27,1997,34,34,3060,34.0,77,2.26,210,133,63.3,8,6,20,5,14.7,15,13,2,0,13.3,28.27378507871321,1123.0
357117,2025-06-03,3000000,FC Nantes,995,FR1,Alban,Lafont,Alban Lafont,2025,265,alban-lafont,Burkina Faso,Ouagadougou  ,Cote d'Ivoire,1999-01-23 00:00:00,Goalkeeper,Goalkeeper,right,196.0,2027-06-30 00:00:00,Sport Cover,https://img.a.transfermarkt.technology/portrait/header/357117-1756042679.png?lm=1,4.0,0.0,,https://www.transfermarkt.co.uk/alban-lafont/profil/spieler/357117,GR1,Panathinaikos Athlitikos Omilos,3000000.0,20000000.0,2024,Alban Lafont,FRA-Ligue 1,2425,Nantes,Alban Lafont,CIV,GK,25,1999,12,12,1080,12.0,19,1.58,51,32,62.7,2,4,6,2,16.7,3,3,0,0,0.0,26.360027378507873,757.0
415383,2025-06-03,1200000,RC Lens,826,FR1,Hervé,Koffi,Hervé Koffi,2025,1420,herve-koffi,Burkina Faso,Bobo-Dioulasso  ,Burkina Faso,1996-10-16 00:00:00,Goalkeeper,Goalkeeper,right,186.0,2028-06-30 00:00:00,ASR SPORT,https://img.a.transfermarkt.technology/portrait/header/415383-1672499883.jpg?lm=1,70.0,0.0,,https://www.transfermarkt.co.uk/herve-koffi/profil/spieler/415383,FR1,Angers SCO,6000000.0,6000000.0,2024,Hervé Koffi,FRA-Ligue 1,2425,Lens,Hervé Koffi,BFA,GK,27,1996,5,5,450,5.0,8,1.6,26,18,69.2,1,0,4,0,0.0,2,2,0,0,0.0,28.629705681040384,1123.0
418651,2025-06-03,7000000,Angers SCO,1420,FR1,Yahia,Fofana,Yahia Fofana,2025,126,yahia-fofana,France,Paris  ,Cote d'Ivoire,2000-08-21 00:00:00,Goalkeeper,Goalkeeper,right,194.0,2028-06-30 00:00:00,,https://img.a.transfermarkt.technology/portrait/header/418651-1759315646.jpg?lm=1,38.0,0.0,,https://www.transfermarkt.co.uk/yahia-fofana/profil/spieler/418651,TR1,Caykur Rizespor,5000000.0,7000000.0,2024,Yahia Fofana,FRA-Ligue 1,2425,Angers,Yahia Fofana,CIV,GK,23,2000,33,33,2970,33.0,51,1.55,187,136,72.7,10,6,17,7,21.2,4,3,0,1,0.0,24.78302532511978,1123.0
448632,2025-06-03,12000000,Stade Reims,1421,FR1,Yehvann,Diouf,Yehvann Diouf,2025,417,yehvann-diouf,France,Montreuil-sous-Bois  ,Senegal,1999-11-16 00:00:00,Goalkeeper,Goalkeeper,right,188.0,2030-06-30 00:00:00,FAIR SPORT MNG,https://img.a.transfermarkt.technology/portrait/header/448632-1756822717.jpg?lm=1,2.0,0.0,,https://www.transfermarkt.co.uk/yehvann-diouf/profil/spieler/448632,FR1,OGC Nice,7000000.0,12000000.0,2024,Yehvann Diouf,FRA-Ligue 1,2425,Reims,Yehvann Diouf,SEN,GK,24,1999,34,34,3060,34.0,47,1.38,176,133,73.3,8,9,17,7,20.6,5,4,1,0,20.0,25.54688569472964,1853.0
463600,2025-06-03,30000000,LOSC Lille,1082,FR1,Lucas,Chevalier,Lucas Chevalier,2025,583,lucas-chevalier,France,Calais  ,France,2001-11-06 00:00:00,Goalkeeper,Goalkeeper,right,189.0,2030-06-30 00:00:00,,https://img.a.transfermarkt.technology/portrait/header/463600-1708342501.jpg?lm=1,1.0,0.0,,https://www.transfermarkt.co.uk/lucas-chevalier/profil/spieler/463600,FR1,Paris Saint-Germain,25000000.0,40000000.0,2024,Lucas Chevalier,FRA-Ligue 1,2425,Lille,Lucas Chevalier,FRA,GK,22,2001,34,34,3060,34.0,36,1.06,127,94,71.7,17,9,8,11,32.4,4,4,0,0,0.0,23.572895277207394,1853.0
465955,2025-06-03,20000000,OGC Nice,417,FR1,Marcin,Bulka,Marcin Bulka,2025,34911,marcin-bulka,Poland,Płock  ,Poland,1999-10-04 00:00:00,Goalkeeper,Goalkeeper,right,199.0,2029-06-30 00:00:00,Gol International,https://img.a.transfermarkt.technology/portrait/header/465955-1739970628.jpg?lm=1,6.0,0.0,,https://www.transfermarkt.co.uk/marcin-bulka/profil/spieler/465955,SA1,Neom Sports Club,12000000.0,20000000.0,2024,Marcin Bułka,FRA-Ligue 1,2425,Nice,Marcin Bułka,POL,GK,24,1999,34,34,3060,34.0,41,1.21,161,120,74.5,17,9,8,8,23.5,3,2,1,0,33.3,25.66461327857632,1488.0
466783,2025-06-03,3000000,Paris Saint-Germain,583,FR1,Arnau,Tenas,Arnau Tenas,2025,1050,arnau-tenas,Spain,Vic  ,Spain,2001-05-30 00:00:00,Goalkeeper,Goalkeeper,right,185.0,2029-06-30 00:00:00,De la Peña & Sostres,https://img.a.transfermarkt.technology/portrait/header/466783-1701444229.jpg?lm=1,0.0,0.0,,https://www.transfermarkt.co.uk/arnau-tenas/profil/spieler/466783,ES1,Villarreal CF,4000000.0,5000000.0,2024,Arnau Tenas,FRA-Ligue 1,2425,Paris SG,Arnau Tenas,ESP,GK,23,2001,1,1,90,1.0,1,1.0,4,3,75.0,1,0,0,0,0.0,0,0,0,0,,24.01095140314853,1488.0
525155,2025-06-03,500000,Stade Brestois 29,3911,FR1,Grégoire,Coudert,Grégoire Coudert,2025,3911,gregoire-coudert,France,Rodez  ,France,1999-04-03 00:00:00,Goalkeeper,Goalkeeper,left,192.0,2027-06-30 00:00:00,Gersh,https://img.a.transfermarkt.technology/portrait/header/525155-1632761084.jpg?lm=1,0.0,0.0,,https://www.transfermarkt.co.uk/gregoire-coudert/profil/spieler/525155,FR1,Stade Brestois 29,4000000.0,4000000.0,2024,Grégoire Coudert,FRA-Ligue 1,2425,Brest,Grégoire Coudert,FRA,GK,25,1999,2,2,180,2.0,5,2.5,14,9,64.3,1,0,1,0,0.0,0,0,0,0,,26.168377823408623,757.0
548347,2025-06-03,300000,Angers SCO,1420,FR1,Melvin,Zinga,Melvin Zinga,2025,1420,melvin-zinga,France,Montivilliers  ,France,2002-03-16 00:00:00,Goalkeeper,Goalkeeper,left,187.0,,TEAM REAG CONSULTING,https://img.a.transfermarkt.technology/portrait/header/548347-1750955335.png?lm=1,5.0,0.0,,https://www.transfermarkt.co.uk/melvin-zinga/profil/spieler/548347,FR1,Angers SCO,300000.0,300000.0,2024,Melvin Zinga,FRA-Ligue 1,2425,Angers,Melvin Zinga,CGO,GK,22,2002,1,1,90,1.0,2,2.0,4,2,50.0,0,0,1,0,0.0,1,1,0,0,0.0,23.21697467488022,0.0
617009,2025-06-03,750000,Auckland FC,118373,AUS1,Alex,Paulsen,Alex Paulsen,2025,4000,alex-paulsen,New Zealand,Auckland  ,New Zealand,2002-07-04 00:00:00,Goalkeeper,Goalkeeper,right,184.0,2028-06-30 00:00:00,Footballhouseplus,https://img.a.transfermarkt.technology/portrait/header/617009-1765112812.png?lm=1,8.0,0.0,,https://www.transfermarkt.co.uk/alex-paulsen/profil/spieler/617009,PL1,Lechia Gdansk,500000.0,750000.0,2024,Alex Palmer,ENG-Premier League,2425,Ipswich Town,Alex Palmer,ENG,GK,27,1996,13,13,1170,13.0,30,2.31,75,45,60.0,1,3,9,0,0.0,1,1,0,0,0.0,22.915811088295687,1123.0
695422,2025-06-03,300000,AJ Auxerre,290,FR1,Théo,De Percin,Théo De Percin,2025,290,theo-de-percin,France,Tarbes  ,France,2001-02-02 00:00:00,Goalkeeper,Goalkeeper,right,185.0,2029-06-30 00:00:00,Kemari,https://img.a.transfermarkt.technology/portrait/header/695422-1672329898.jpg?lm=1,1.0,0.0,,https://www.transfermarkt.co.uk/theo-de-percin/profil/spieler/695422,FR1,AJ Auxerre,400000.0,400000.0,2024,Théo De Percin,FRA-Ligue 1,2425,Auxerre,Théo De Percin,MTQ,GK,23,2001,2,2,180,2.0,3,1.5,8,5,62.5,0,1,1,1,50.0,2,1,1,0,50.0,24.331279945242983,1488.0
912902,2025-06-03,20000000,FC Toulouse,415,FR1,Guillaume,Restes,Guillaume Restes,2025,415,guillaume-restes,France,Toulouse  ,France,2005-03-11 00:00:00,Goalkeeper,Goalkeeper,left,188.0,2028-06-30 00:00:00,Unique Sports Group,https://img.a.transfermarkt.technology/portrait/header/912902-1676656145.jpg?lm=1,19.0,0.0,,https://www.transfermarkt.co.uk/guillaume-restes/profil/spieler/912902,FR1,FC Toulouse,18000000.0,20000000.0,2024,Guillaume Restes,FRA-Ligue 1,2425,Toulouse,Guillaume Restes,FRA,GK,19,2005,29,29,2543,28.3,36,1.27,94,58,61.7,9,7,13,9,31.0,2,1,1,0,50.0,20.229979466119097,1123.0
112541,2025-06-04,1200000,Dynamo Moscow,121,RU1,Andrey,Lunev,Andrey Lunev,2025,121,andrey-lunev,UdSSR,Moskau  ,Russia,1991-11-13 00:00:00,Goalkeeper,Goalkeeper,right,190.0,2027-06-30 00:00:00,,https://img.a.transfermarkt.technology/portrait/header/112541-1721727463.png?lm=1,9.0,0.0,,https://www.transfermarkt.co.uk/andrey-lunev/profil/spieler/112541,RU1,FK Dinamo Moskva,800000.0,10500000.0,2024,Andriy Lunin,ESP-La Liga,2425,Real Madrid,Andriy Lunin,UKR,GK,25,1999,7,7,630,7.0,7,1.0,20,13,65.0,6,0,1,4,57.1,0,0,0,0,,33.55783709787816,756.0
797864,2025-06-04,100000,FK Radnik Bijeljina,11040,,Filip,Samurovic,Filip Samurovic,2025,33328,filip-samurovic,Yugoslavia (Republic),Šabac  ,Serbia,2002-09-23 00:00:00,Goalkeeper,Goalkeeper,right,193.0,2028-06-30 00:00:00,,https://img.a.transfermarkt.technology/portrait/header/default.jpg?lm=1,,,,https://www.transfermarkt.co.uk/filip-samurovic/profil/spieler/797864,SER1,FK Radnik Surdulica,50000.0,450000.0,2024,Filip Stankovic,ITA-Serie A,2425,Venezia,Filip Stankovic,SRB,GK,22,2002,16,16,1367,15.2,23,1.51,84,61,72.6,2,6,8,0,0.0,5,4,1,0,20.0,22.69678302532512,1122.0
17259,2025-06-05,4000000,Bayern Munich,27,L1,Manuel,Neuer,Manuel Neuer,2025,27,manuel-neuer,Germany,Gelsenkirchen  ,Germany,1986-03-27 00:00:00,Goalkeeper,Goalkeeper,right,193.0,2027-06-30 00:00:00,PRO Profil GmbH,https://img.a.transfermarkt.technology/portrait/header/17259-1762943283.jpg?lm=1,128.0,0.0,,https://www.transfermarkt.co.uk/manuel-neuer/profil/spieler/17259,L1,Bayern Munich,4000000.0,45000000.0,2024,Manuel Neuer,,2425,Bayern Munich,Manuel Neuer,GER,GK,38,1986,22,22,1980,22.0,15,0.68,46,30,67.4,18,4,0,13,59.1,2,1,0,1,0.0,39.19233401779603,755.0
31653,2025-06-05,300000,Borussia Mönchengladbach,18,L1,Tobias,Sippel,Tobias Sippel,2025,18,tobias-sippel,Germany,Bad Dürkheim  ,Germany,1988-03-22 00:00:00,Goalkeeper,Goalkeeper,right,183.0,2027-06-30 00:00:00,Dr. Michael Becker,https://img.a.transfermarkt.technology/portrait/header/31653-1662965792.jpg?lm=1,0.0,0.0,,https://www.transfermarkt.co.uk/tobias-sippel/profil/spieler/31653,L1,Borussia Mönchengladbach,300000.0,3000000.0,2024,Tobias Sippel,,2425,Gladbach,Tobias Sippel,GER,GK,36,1988,1,0,59,0.7,3,4.58,4,1,25.0,0,0,0,0,,0,0,0,0,,37.204654346338124,755.0
40680,2025-06-05,500000,Bayern Munich,27,L1,Sven,Ulreich,Sven Ulreich,2025,27,sven-ulreich,Germany,Schorndorf  ,Germany,1988-08-03 00:00:00,Goalkeeper,Goalkeeper,right,192.0,2027-06-30 00:00:00,,https://img.a.transfermarkt.technology/portrait/header/40680-1700659982.jpg?lm=1,0.0,0.0,,https://www.transfermarkt.co.uk/sven-ulreich/profil/spieler/40680,L1,Bayern Munich,500000.0,6000000.0,2024,Sven Ulreich,,2425,Bayern Munich,Sven Ulreich,GER,GK,35,1988,1,1,90,1.0,0,0.0,0,0,,1,0,0,1,100.0,0,0,0,0,,36.837782340862425,755.0
43824,2025-06-05,700000,1.FC Heidenheim 1846,2036,L1,Kevin,Müller,Kevin Müller,2025,2036,kevin-muller,Germany,Rostock  ,Germany,1991-03-15 00:00:00,Goalkeeper,Goalkeeper,right,190.0,,,https://img.a.transfermarkt.technology/portrait/header/43824-1755089032.jpg?lm=1,7.0,0.0,,https://www.transfermarkt.co.uk/kevin-muller/profil/spieler/43824,L1,1. Fußballclub Heidenheim 1846,300000.0,1200000.0,2024,Kevin Müller,,2425,Heidenheim,Kevin Müller,GER,GK,33,1991,33,33,2939,32.7,64,1.96,170,106,62.4,7,5,21,8,24.2,6,6,0,0,0.0,34.2258726899384,0.0
45672,2025-06-05,2500000,Eintracht Frankfurt,24,L1,Kevin,Trapp,Kevin Trapp,2025,10004,kevin-trapp,Germany,Merzig  ,Germany,1990-07-08 00:00:00,Goalkeeper,Goalkeeper,right,189.0,2028-06-30 00:00:00,Sports360 GmbH,https://img.a.transfermarkt.technology/portrait/header/45672-1724772525.jpg?lm=1,9.0,0.0,,https://www.transfermarkt.co.uk/kevin-trapp/profil/spieler/45672,FR1,Paris FC,1800000.0,12000000.0,2024,Kevin Trapp,,2425,Frankfurt,Kevin Trapp,GER,GK,34,1990,26,26,2295,25.5,34,1.33,116,82,70.7,12,8,6,6,23.1,2,0,2,0,100.0,34.91033538672142,1121.0
48015,2025-06-05,2000000,Bayer 04 Leverkusen,15,L1,Lukas,Hradecky,Lukas Hradecky,2025,162,lukas-hradecky,CSSR,Bratislava  ,Finland,1989-11-24 00:00:00,Goalkeeper,Goalkeeper,right,192.0,2027-06-30 00:00:00,,https://img.a.transfermarkt.technology/portrait/header/48015-1695367833.jpg?lm=1,105.0,0.0,3443.0,https://www.transfermarkt.co.uk/lukas-hradecky/profil/spieler/48015,FR1,AS Monaco,1500000.0,12000000.0,2024,Lukáš Hrádecký,,2425,Leverkusen,Lukáš Hrádecký,FIN,GK,34,1989,29,29,2610,29.0,38,1.31,123,85,69.1,16,11,2,6,20.7,4,4,0,0,0.0,35.52908966461328,755.0
55089,2025-06-05,3000000,TSG 1899 Hoffenheim,533,L1,Oliver,Baumann,Oliver Baumann,2025,533,oliver-baumann,Germany,Breisach am Rhein  ,Germany,1990-06-02 00:00:00,Goalkeeper,Goalkeeper,right,187.0,2028-06-30 00:00:00,CN Sports,https://img.a.transfermarkt.technology/portrait/header/55089-1755090197.jpg?lm=1,13.0,0.0,,https://www.transfermarkt.co.uk/oliver-baumann/profil/spieler/55089,L1,TSG 1899 Hoffenheim,2500000.0,10000000.0,2024,Oliver Baumann,,2425,Hoffenheim,Oliver Baumann,GER,GK,34,1990,28,28,2520,28.0,53,1.89,137,88,61.3,6,8,14,4,14.3,5,2,3,0,60.0,35.00889801505818,1121.0
57071,2025-06-05,2000000,RB Leipzig,23826,L1,Péter,Gulácsi,Péter Gulácsi,2025,23826,peter-gulacsi,Hungary,Budapest  ,Hungary,1990-05-06 00:00:00,Goalkeeper,Goalkeeper,right,193.0,2027-06-30 00:00:00,,https://img.a.transfermarkt.technology/portrait/header/57071-1719214600.jpg?lm=1,58.0,0.0,,https://www.transfermarkt.co.uk/peter-gulacsi/profil/spieler/57071,L1,RB Leipzig,1000000.0,13000000.0,2024,Péter Gulácsi,,2425,RB Leipzig,Péter Gulácsi,HUN,GK,34,1990,30,30,2631,29.2,39,1.33,136,99,71.3,12,11,7,14,46.7,3,2,1,0,33.3,35.082819986310746,755.0
76158,2025-06-05,800000,Borussia Dortmund,16,L1,Alexander,Meyer,Alexander Meyer,2025,16,alexander-meyer,Germany,Bad Oldesloe  ,Germany,1991-04-13 00:00:00,Goalkeeper,Goalkeeper,right,195.0,2027-06-30 00:00:00,AKA Global GmbH,https://img.a.transfermarkt.technology/portrait/header/76158-1716381651.jpg?lm=1,,,,https://www.transfermarkt.co.uk/alexander-meyer/profil/spieler/76158,L1,Borussia Dortmund,500000.0,1000000.0,2024,Alexander Meyer,,2425,Dortmund,Alexander Meyer,GER,GK,33,1991,2,2,180,2.0,4,2.0,11,7,63.6,1,0,1,0,0.0,0,0,0,0,,34.14647501711157,755.0
84938,2025-06-05,800000,VfL Bochum,80,L1,Timo,Horn,Timo Horn,2024,80,timo-horn,Germany,Köln  ,Germany,1993-05-12 00:00:00,Goalkeeper,Goalkeeper,left,192.0,2028-06-30 00:00:00,Sports360 GmbH,https://img.a.transfermarkt.technology/portrait/header/84938-1753298252.jpg?lm=1,4.0,0.0,,https://www.transfermarkt.co.uk/timo-horn/profil/spieler/84938,L1,VfL Bochum,700000.0,12000000.0,2024,Timo Horn,,2425,Bochum,Timo Horn,GER,GK,31,1993,13,13,1170,13.0,22,1.69,55,33,60.0,3,3,7,3,23.1,1,0,0,1,,32.06570841889117,1121.0
93763,2025-06-05,500000,1.FC Union Berlin,89,L1,Alexander,Schwolow,Alexander Schwolow,2025,43,alexander-schwolow,Germany,Wiesbaden  ,Germany,1992-06-02 00:00:00,Goalkeeper,Goalkeeper,right,190.0,2027-05-31 00:00:00,feel soccer GmbH,https://img.a.transfermarkt.technology/portrait/header/93763-1726351593.jpg?lm=1,7.0,0.0,,https://www.transfermarkt.co.uk/alexander-schwolow/profil/spieler/93763,SC1,Heart of Midlothian FC,450000.0,9000000.0,2024,Alexander Schwolow,,2425,Union Berlin,Alexander Schwolow,GER,GK,32,1992,6,6,540,6.0,13,2.17,28,15,53.6,2,0,4,0,0.0,1,1,0,0,0.0,33.007529089664615,725.0
94192,2025-06-05,500000,VfL Bochum,80,L1,Patrick,Drewes,Patrick Drewes,2025,16,patrick-drewes,Germany,Delmenhorst  ,Germany,1993-02-04 00:00:00,Goalkeeper,Goalkeeper,right,194.0,2027-06-30 00:00:00,,https://img.a.transfermarkt.technology/portrait/header/94192-1721851751.jpg?lm=1,,,,https://www.transfermarkt.co.uk/patrick-drewes/profil/spieler/94192,L1,Borussia Dortmund,300000.0,1000000.0,2024,Patrick Drewes,,2425,Bochum,Patrick Drewes,GER,GK,31,1993,21,21,1890,21.0,46,2.19,99,53,53.5,3,4,14,3,14.3,5,3,2,0,40.0,32.33127994524298,755.0
99617,2025-06-05,200000,Seattle Sounders FC,9636,MLS1,Stefan,Frei,Stefan Frei,2025,9636,stefan-frei,Switzerland,Altstätten  ,United States,1986-04-20 00:00:00,Goalkeeper,Goalkeeper,,195.0,2027-12-31 00:00:00,THE·TEAM,https://img.a.transfermarkt.technology/portrait/header/99617-1771756765.jpg?lm=1,0.0,0.0,,https://www.transfermarkt.co.uk/stefan-frei/profil/spieler/99617,MLS1,Seattle Sounders FC,100000.0,1000000.0,2024,Stefan Ortega,ENG-Premier League,2425,Manchester City,Stefan Ortega,GER,GK,31,1992,13,12,1100,12.2,18,1.47,51,33,64.7,5,4,3,3,25.0,2,2,0,0,0.0,39.12662559890486,939.0
107775,2025-06-05,3000000,1.FC Union Berlin,89,L1,Frederik,Rönnow,Frederik Rönnow,2025,89,frederik-ronnow,Denmark,Horsens  ,Denmark,1992-08-04 00:00:00,Goalkeeper,Goalkeeper,right,188.0,,BTAM,https://img.a.transfermarkt.technology/portrait/header/107775-1692707378.jpg?lm=1,10.0,0.0,,https://www.transfermarkt.co.uk/frederik-ronnow/profil/spieler/107775,L1,1.FC Union Berlin,2000000.0,5500000.0,2024,Frederik Rønnow,,2425,Union Berlin,Frederik Rønnow,DEN,GK,31,1992,28,28,2520,28.0,37,1.32,109,72,66.1,8,10,10,8,28.6,5,1,4,0,80.0,32.83504449007529,0.0
115979,2025-06-05,400000,Holstein Kiel,269,L1,Thomas,Dähne,Thomas Dähne,2024,269,thomas-dahne,Germany,Oberaudorf  ,Germany,1994-01-04 00:00:00,Goalkeeper,Goalkeeper,both,193.0,2026-06-30 00:00:00,,https://img.a.transfermarkt.technology/portrait/header/115979-1753730638.jpg?lm=1,4.0,0.0,,https://www.transfermarkt.co.uk/thomas-dahne/profil/spieler/115979,L1,Holstein Kiel,350000.0,600000.0,2024,Thomas Dähne,,2425,Holstein Kiel,Thomas Dähne,GER,GK,30,1994,9,9,810,9.0,19,2.11,55,36,65.5,2,2,5,0,0.0,3,2,1,0,33.3,31.416837782340863,390.0
118161,2025-06-05,1500000,VfL Wolfsburg,82,L1,Marius,Müller,Marius Müller,2025,82,marius-muller,Germany,Heppenheim  ,Germany,1993-07-12 00:00:00,Goalkeeper,Goalkeeper,right,192.0,2027-06-30 00:00:00,Unique Sports Group,https://img.a.transfermarkt.technology/portrait/header/118161-1724771088.jpg?lm=1,0.0,0.0,,https://www.transfermarkt.co.uk/marius-muller/profil/spieler/118161,L1,VfL Wolfsburg,700000.0,2000000.0,2024,Marius Müller,,2425,Wolfsburg,Marius Müller,GER,GK,31,1993,6,5,475,5.3,5,0.95,23,18,78.3,2,3,0,1,20.0,0,0,0,0,,31.89869952087611,755.0
126630,2025-06-05,400000,Toronto FC,11141,MLS1,Sean,Johnson,Sean Johnson,2025,2440,sean-johnson,United States,"Lilburn, Georgia  ",United States,1989-05-31 00:00:00,Goalkeeper,Goalkeeper,right,190.0,2027-06-30 00:00:00,,https://img.a.transfermarkt.technology/portrait/header/126630-1771687154.jpg?lm=1,13.0,0.0,,https://www.transfermarkt.co.uk/sean-johnson/profil/spieler/126630,MLS1,D.C. United,300000.0,1800000.0,2024,Sam Johnstone,ENG-Premier League,2425,Wolves,Sam Johnstone,ENG,GK,31,1993,7,7,630,7.0,17,2.43,40,23,57.5,0,1,6,0,0.0,2,2,0,0,0.0,36.01368925393566,755.0
160963,2025-06-05,4000000,1.FSV Mainz 05,39,L1,Robin,Zentner,Robin Zentner,2025,39,robin-zentner,Germany,Rüdesheim am Rhein  ,Germany,1994-10-28 00:00:00,Goalkeeper,Goalkeeper,right,194.0,2028-06-30 00:00:00,W&K Fairplay,https://img.a.transfermarkt.technology/portrait/header/160963-1676499369.jpg?lm=1,1.0,0.0,,https://www.transfermarkt.co.uk/robin-zentner/profil/spieler/160963,L1,1.FSV Mainz 05,2500000.0,5000000.0,2024,Robin Zentner,,2425,Mainz 05,Robin Zentner,GER,GK,29,1994,32,32,2880,32.0,41,1.28,142,101,71.1,13,9,10,9,28.1,5,4,1,0,20.0,30.60369609856263,1121.0
195778,2025-06-05,12000000,VfB Stuttgart,79,L1,Alexander,Nübel,Alexander Nübel,2025,79,alexander-nubel,Germany,Paderborn  ,Germany,1996-09-30 00:00:00,Goalkeeper,Goalkeeper,right,193.0,2029-06-30 00:00:00,Siebert & Backs,https://img.a.transfermarkt.technology/portrait/header/195778-1783582812.png?lm=1,3.0,0.0,,https://www.transfermarkt.co.uk/alexander-nubel/profil/spieler/195778,L1,VfB Stuttgart,12000000.0,16000000.0,2024,Alexander Nübel,,2425,Stuttgart,Alexander Nübel,GER,GK,27,1996,34,34,3060,34.0,53,1.56,137,84,61.3,14,8,12,7,20.6,3,2,1,0,33.3,28.67898699520876,1486.0
196813,2025-06-05,4500000,SV Werder Bremen,86,L1,Michael,Zetterer,Michael Zetterer,2025,86,michael-zetterer,Germany,München  ,Germany,1995-07-12 00:00:00,Goalkeeper,Goalkeeper,both,187.0,2029-06-30 00:00:00,Siebert & Backs,https://img.a.transfermarkt.technology/portrait/header/196813-1757598019.jpg?lm=1,1.0,0.0,,https://www.transfermarkt.co.uk/michael-zetterer/profil/spieler/196813,L1,SV Werder Bremen,4000000.0,4500000.0,2024,Michael Zetterer,,2425,Werder Bremen,Michael Zetterer,GER,GK,29,1995,34,34,3060,34.0,57,1.68,158,103,63.9,14,9,11,10,29.4,3,3,0,0,0.0,29.900068446269678,1486.0
247915,2025-06-05,2500000,Borussia Mönchengladbach,18,L1,Jonas,Omlin,Jonas Omlin,2025,15,jonas-omlin,Switzerland,Sarnen  ,Switzerland,1994-01-10 00:00:00,Goalkeeper,Goalkeeper,right,190.0,2029-06-30 00:00:00,Signature - ISCM AG,https://img.a.transfermarkt.technology/portrait/header/247915-1691248651.jpg?lm=1,4.0,0.0,,https://www.transfermarkt.co.uk/jonas-omlin/profil/spieler/247915,L1,Bayer 04 Leverkusen,800000.0,9000000.0,2024,Jonas Omlin,,2425,Gladbach,Jonas Omlin,SUI,GK,30,1994,12,11,978,10.9,29,2.67,75,46,61.3,2,1,8,1,9.1,3,2,1,0,33.3,31.40041067761807,1486.0
248454,2025-06-05,3500000,FC St. Pauli,35,L1,Nikola,Vasilj,Nikola Vasilj,2025,35,nikola-vasilj,Bosnia-Herzegovina,Mostar  ,Bosnia-Herzegovina,1995-12-02 00:00:00,Goalkeeper,Goalkeeper,right,193.0,,,https://img.a.transfermarkt.technology/portrait/header/248454-1755032189.jpg?lm=1,30.0,0.0,,https://www.transfermarkt.co.uk/nikola-vasilj/profil/spieler/248454,L1,FC St. Pauli,4500000.0,4500000.0,2024,Nikola Vasilj,,2425,St Pauli,Nikola Vasilj,BIH,GK,28,1995,33,33,2969,33.0,39,1.18,132,93,70.5,8,7,18,9,27.3,5,1,4,0,80.0,29.508555783709788,0.0
251299,2025-06-05,9000000,FC Augsburg,167,L1,Finn,Dahmen,Finn Dahmen,2025,167,finn-dahmen,Germany,Wiesbaden  ,Germany,1998-03-27 00:00:00,Goalkeeper,Goalkeeper,right,186.0,2027-06-30 00:00:00,CN Sports,https://img.a.transfermarkt.technology/portrait/header/251299-1755200500.jpg?lm=1,0.0,0.0,,https://www.transfermarkt.co.uk/finn-dahmen/profil/spieler/251299,L1,FC Augsburg,12000000.0,12000000.0,2024,Finn Dahmen,,2425,Augsburg,Finn Dahmen,GER,GK,26,1998,19,19,1710,19.0,19,1.0,84,65,77.4,7,6,6,9,47.4,2,2,0,0,0.0,27.19233401779603,755.0
257814,2025-06-05,40000000,Borussia Dortmund,16,L1,Gregor,Kobel,Gregor Kobel,2025,16,gregor-kobel,Switzerland,Zürich  ,Switzerland,1997-12-06 00:00:00,Goalkeeper,Goalkeeper,right,196.0,2028-06-30 00:00:00,SBE Management AG,https://img.a.transfermarkt.technology/portrait/header/257814-1709559904.jpg?lm=1,26.0,0.0,,https://www.transfermarkt.co.uk/gregor-kobel/profil/spieler/257814,L1,Borussia Dortmund,40000000.0,40000000.0,2024,Gregor Kobel,,2425,Dortmund,Gregor Kobel,SUI,GK,26,1997,32,32,2880,32.0,47,1.47,128,84,63.3,16,6,10,7,21.9,4,4,0,0,0.0,27.496235455167692,1121.0
284270,2025-06-05,5000000,Borussia Mönchengladbach,18,L1,Moritz,Nicolas,Moritz Nicolas,2025,18,moritz-nicolas,Germany,Gladbeck  ,Germany,1997-10-21 00:00:00,Goalkeeper,Goalkeeper,right,193.0,2029-06-30 00:00:00,PORT,https://img.a.transfermarkt.technology/portrait/header/284270-1722945496.jpg?lm=1,1.0,0.0,,https://www.transfermarkt.co.uk/moritz-nicolas/profil/spieler/284270,L1,Borussia Mönchengladbach,8000000.0,8000000.0,2024,Moritz Nicolas,,2425,Gladbach,Moritz Nicolas,GER,GK,26,1997,19,19,1639,18.2,25,1.37,93,68,73.1,9,4,6,4,21.1,5,5,0,0,0.0,27.62217659137577,1486.0
284769,2025-06-05,1200000,SC Freiburg,60,L1,Florian,Müller,Florian Müller,2025,60,florian-muller,Germany,Saarlouis  ,Germany,1997-11-13 00:00:00,Goalkeeper,Goalkeeper,left,190.0,,PRO Profil GmbH,https://img.a.transfermarkt.technology/portrait/header/284769-1691998669.jpg?lm=1,2.0,0.0,,https://www.transfermarkt.co.uk/florian-muller/profil/spieler/284769,L1,SC Freiburg,1200000.0,10000000.0,2024,Florian Müller,,2425,Freiburg,Florian Müller,GER,GK,26,1997,9,8,753,8.4,16,1.91,31,15,48.4,4,1,3,1,12.5,2,2,0,0,0.0,27.55920602327173,0.0
296428,2025-06-05,1000000,Holstein Kiel,269,L1,Timon,Weiner,Timon Weiner,2024,269,timon-weiner,Germany,Essen  ,Germany,1999-01-18 00:00:00,Goalkeeper,Goalkeeper,both,191.0,2027-06-30 00:00:00,CORESPORT,https://img.a.transfermarkt.technology/portrait/header/296428-1756809019.jpg?lm=1,1.0,0.0,,https://www.transfermarkt.co.uk/timon-weiner/profil/spieler/296428,L1,Holstein Kiel,500000.0,1500000.0,2024,Timon Weiner,,2425,Holstein Kiel,Timon Weiner,GER,GK,25,1999,25,25,2250,25.0,61,2.44,141,82,56.7,4,5,16,2,8.0,4,4,0,0,0.0,26.379192334017795,755.0
346551,2025-06-05,14000000,VfL Wolfsburg,82,L1,Kamil,Grabara,Kamil Grabara,2025,82,kamil-grabara,Poland,Ruda Śląska  ,Poland,1999-01-08 00:00:00,Goalkeeper,Goalkeeper,right,195.0,2028-06-30 00:00:00,BMG-SPORT,https://img.a.transfermarkt.technology/portrait/header/346551-1724770843.jpg?lm=1,6.0,0.0,,https://www.transfermarkt.co.uk/kamil-grabara/profil/spieler/346551,L1,VfL Wolfsburg,12000000.0,14000000.0,2024,Kamil Grabara,,2425,Wolfsburg,Kamil Grabara,POL,GK,25,1999,29,29,2585,28.7,49,1.71,137,89,64.2,9,7,13,5,17.2,3,2,1,0,33.3,26.406570841889117,1121.0
432671,2025-06-05,750000,TSG 1899 Hoffenheim,533,L1,Luca,Philipp,Luca Philipp,2025,533,luca-philipp,Germany,Stuttgart  ,Germany,2000-11-28 00:00:00,Goalkeeper,Goalkeeper,right,192.0,,Unique Sports Group,https://img.a.transfermarkt.technology/portrait/header/432671-1755092013.jpg?lm=1,4.0,0.0,,https://www.transfermarkt.co.uk/luca-philipp/profil/spieler/432671,L1,TSG 1899 Hoffenheim,750000.0,750000.0,2024,Luca Philipp,,2425,Hoffenheim,Luca Philipp,GER,GK,23,2000,6,6,540,6.0,15,2.5,35,20,57.1,1,3,2,0,0.0,1,1,0,0,0.0,24.517453798767967,0.0
468539,2025-06-05,3000000,Bayern Munich,27,L1,Daniel,Peretz,Daniel Peretz,2025,41,daniel-peretz,Israel,Tel Aviv  ,Israel,2000-07-10 00:00:00,Goalkeeper,Goalkeeper,right,190.0,2030-06-30 00:00:00,,https://img.a.transfermarkt.technology/portrait/header/468539-1758188153.jpg?lm=1,12.0,0.0,,https://www.transfermarkt.co.uk/daniel-peretz/profil/spieler/468539,L1,Hamburger SV,4000000.0,5000000.0,2024,Daniel Peretz,,2425,Bayern Munich,Daniel Peretz,ISR,GK,24,2000,3,3,270,3.0,5,1.67,7,2,28.6,2,0,1,0,0.0,0,0,0,0,,24.903490759753595,1851.0
486046,2025-06-05,8000000,RB Leipzig,23826,L1,Maarten,Vandevoordt,Maarten Vandevoordt,2025,23826,maarten-vandevoordt,Belgium,Sint-Truiden  ,Belgium,2002-02-26 00:00:00,Goalkeeper,Goalkeeper,right,192.0,2030-06-30 00:00:00,THE·TEAM,https://img.a.transfermarkt.technology/portrait/header/486046-1724337345.jpg?lm=1,0.0,0.0,,https://www.transfermarkt.co.uk/maarten-vandevoordt/profil/spieler/486046,L1,RB Leipzig,15000000.0,15000000.0,2024,Maarten Vandevoordt,,2425,RB Leipzig,Maarten Vandevoordt,BEL,GK,22,2002,6,4,429,4.8,9,1.89,21,12,57.1,1,1,2,0,0.0,0,0,0,0,,23.27173169062286,1851.0
490609,2025-06-05,400000,1.FSV Mainz 05,39,L1,Lasse,Rieß,Lasse Rieß,2025,39,lasse-riess,Germany,Münster  ,Germany,2001-07-27 00:00:00,Goalkeeper,Goalkeeper,right,192.0,2027-06-30 00:00:00,ROOF,https://img.a.transfermarkt.technology/portrait/header/490609-1752587621.jpg?lm=1,,,,https://www.transfermarkt.co.uk/lasse-riess/profil/spieler/490609,L1,1.FSV Mainz 05,500000.0,700000.0,2024,Lasse Rieß,,2425,Mainz 05,Lasse Rieß,GER,GK,23,2001,2,2,180,2.0,2,1.0,8,6,75.0,1,1,0,0,0.0,0,0,0,0,,23.857631759069132,755.0
526845,2025-06-05,18000000,SC Freiburg,60,L1,Noah,Atubolu,Noah Atubolu,2025,60,noah-atubolu,Germany,Freiburg im Breisgau  ,Germany,2002-05-25 00:00:00,Goalkeeper,Goalkeeper,right,190.0,2027-06-30 00:00:00,Epic Atubolu,https://img.a.transfermarkt.technology/portrait/header/526845-1753984204.jpg?lm=1,0.0,0.0,,https://www.transfermarkt.co.uk/noah-atubolu/profil/spieler/526845,L1,SC Freiburg,25000000.0,25000000.0,2024,Noah Atubolu,,2425,Freiburg,Noah Atubolu,GER,GK,22,2002,26,26,2307,25.6,37,1.44,118,82,68.6,12,6,8,10,38.5,2,0,2,0,100.0,23.030800821355236,755.0
550829,2025-06-05,5000000,Bayer 04 Leverkusen,15,L1,Matej,Kovar,Matej Kovar,2025,383,matej-kovar,Czech Republic,Uherské Hradiště  ,Czech Republic,2000-05-17 00:00:00,Goalkeeper,Goalkeeper,right,196.0,2030-06-30 00:00:00,SPORT INVEST,https://img.a.transfermarkt.technology/portrait/header/550829-1765213743.jpg?lm=1,23.0,0.0,,https://www.transfermarkt.co.uk/matej-kovar/profil/spieler/550829,NL1,PSV Eindhoven,8000000.0,8000000.0,2024,Matej Kovar,,2425,Leverkusen,Matej Kovar,CZE,GK,24,2000,5,5,450,5.0,5,1.0,17,12,70.6,3,1,1,3,60.0,0,0,0,0,,25.05133470225873,1851.0
607720,2025-06-05,12000000,Bayern Munich,27,L1,Jonas,Urbig,Jonas Urbig,2025,27,jonas-urbig,Germany,Euskirchen  ,Germany,2003-08-08 00:00:00,Goalkeeper,Goalkeeper,both,189.0,2029-06-30 00:00:00,ROOF,https://img.a.transfermarkt.technology/portrait/header/607720-1737037032.jpg?lm=1,0.0,0.0,,https://www.transfermarkt.co.uk/jonas-urbig/profil/spieler/607720,L1,Bayern Munich,18000000.0,18000000.0,2024,Jonas Urbig,,2425,Bayern Munich,Jonas Urbig,GER,GK,20,2003,8,8,720,8.0,12,1.5,28,16,57.1,4,3,1,2,25.0,0,0,0,0,,21.82614647501711,1486.0
610190,2025-06-05,2500000,FC Augsburg,167,L1,Nediljko,Labrovic,Nediljko Labrovic,2025,167,nediljko-labrovic,Croatia,Split  ,Croatia,1999-10-10 00:00:00,Goalkeeper,Goalkeeper,right,196.0,2029-06-30 00:00:00,GreenField,https://img.a.transfermarkt.technology/portrait/header/610190-1755200567.jpg?lm=1,2.0,0.0,,https://www.transfermarkt.co.uk/nediljko-labrovic/profil/spieler/610190,L1,FC Augsburg,2000000.0,4500000.0,2024,Nediljko Labrović,,2425,Augsburg,Nediljko Labrović,CRO,GK,24,1999,15,15,1350,15.0,32,2.13,74,42,56.8,4,4,7,2,13.3,3,3,0,0,0.0,25.65366187542779,1486.0
635673,2025-06-05,200000,Seattle Sounders FC,9636,MLS1,Andrew,Thomas,Andrew Thomas,2025,9636,andrew-thomas,Russia,Moskau  ,United States,1998-09-01 00:00:00,Goalkeeper,Goalkeeper,right,188.0,2027-12-31 00:00:00,THE·TEAM,https://img.a.transfermarkt.technology/portrait/header/635673-1771757546.jpg?lm=1,0.0,0.0,,https://www.transfermarkt.co.uk/andrew-thomas/profil/spieler/635673,MLS1,Seattle Sounders FC,800000.0,800000.0,2024,Thomas Dähne,,2425,Holstein Kiel,Thomas Dähne,GER,GK,30,1994,9,9,810,9.0,19,2.11,55,36,65.5,2,2,5,0,0.0,3,2,1,0,33.3,26.759753593429156,939.0
806948,2025-06-05,500000,1.FC Heidenheim 1846,2036,L1,Frank,Feller,Frank Feller,2025,2036,frank-feller,Germany,Leonberg  ,Germany,2004-01-07 00:00:00,Goalkeeper,Goalkeeper,right,183.0,2029-06-30 00:00:00,SoccerQ GmbH,https://img.a.transfermarkt.technology/portrait/header/806948-1690186659.jpg?lm=1,0.0,0.0,,https://www.transfermarkt.co.uk/frank-feller/profil/spieler/806948,L1,1. Fußballclub Heidenheim 1846,800000.0,800000.0,2024,Frank Feller,,2425,Heidenheim,Frank Feller,GER,GK,20,2004,2,1,121,1.3,0,0.0,2,2,100.0,1,0,0,2,200.0,0,0,0,0,,21.409993155373034,1486.0
826462,2025-06-05,25000,FC Dallas,8816,MLS1,Antonio,Carrera,Antonio Carrera,2025,7055,antonio-carrera,Mexico,"Pachuca de Soto, Hidalgo  ",United States,2004-03-15 00:00:00,Goalkeeper,Goalkeeper,right,191.0,,THE·TEAM,https://img.a.transfermarkt.technology/portrait/header/826462-1740506003.jpg?lm=1,3.0,0.0,,https://www.transfermarkt.co.uk/antonio-carrera/profil/spieler/826462,MEX1,Tigres UANL,25000.0,25000.0,2024,Antonio Sivera,ESP-La Liga,2425,Alavés,Antonio Sivera,ESP,GK,27,1996,32,32,2810,31.2,39,1.25,106,75,63.2,9,10,13,9,28.1,9,9,0,0,0.0,21.22381930184805,0.0
926301,2025-06-05,1500000,Borussia Mönchengladbach,18,L1,Tiago,Pereira Cardoso,Tiago Pereira Cardoso,2025,18,tiago-pereira-cardoso,Luxembourg,Esch-sur-Alzette  ,Luxembourg,2006-04-07 00:00:00,Goalkeeper,Goalkeeper,right,190.0,2027-06-30 00:00:00,THE·TEAM,https://img.a.transfermarkt.technology/portrait/header/926301-1760967429.jpg?lm=1,8.0,0.0,,https://www.transfermarkt.co.uk/tiago-pereira-cardoso/profil/spieler/926301,L1,Borussia Mönchengladbach,1500000.0,1500000.0,2024,Tiago Cardoso,,2425,Gladbach,Tiago Cardoso,LUX,GK,18,2006,5,4,380,4.2,3,0.71,23,20,87.0,2,1,1,2,50.0,0,0,0,0,,19.16221765913758,755.0
997861,2025-06-05,2500000,Eintracht Frankfurt,24,L1,Kauã,Santos,Kauã Santos,2025,24,kaua-santos,Brazil,Vassouras  ,Brazil,2003-04-11 00:00:00,Goalkeeper,Goalkeeper,right,196.0,2030-06-30 00:00:00,,https://img.a.transfermarkt.technology/portrait/header/997861-1696509170.jpg?lm=1,2.0,0.0,,https://www.transfermarkt.co.uk/kaua-santos/profil/spieler/997861,L1,Eintracht Frankfurt,7000000.0,10000000.0,2024,Kauã Santos,,2425,Frankfurt,Kauã Santos,BRA,GK,21,2003,9,8,765,8.5,12,1.41,49,37,75.5,5,1,2,3,37.5,1,1,0,0,0.0,22.151950718685832,1851.0
186374,2025-06-06,2500000,Red Bull Salzburg,409,A1,Alexander,Schlager,Alexander Schlager,2025,409,alexander-schlager,Austria,Salzburg  ,Austria,1996-02-01 00:00:00,Goalkeeper,Goalkeeper,right,185.0,2029-06-30 00:00:00,ROOF,https://img.a.transfermarkt.technology/portrait/header/186374-1754994062.png?lm=1,30.0,0.0,,https://www.transfermarkt.co.uk/alexander-schlager/profil/spieler/186374,A1,Fußballclub Red Bull Salzburg,2000000.0,4500000.0,2024,Alexander Schwolow,,2425,Union Berlin,Alexander Schwolow,GER,GK,32,1992,6,6,540,6.0,13,2.17,28,15,53.6,2,0,4,0,0.0,1,1,0,0,0.0,29.34428473648186,1485.0
354198,2025-06-06,150000,WSG Tirol,2446,A1,Alexander,Eckmayr,Alexander Eckmayr,2025,2446,alexander-eckmayr,Germany,München  ,Austria,1999-07-06 00:00:00,Goalkeeper,Goalkeeper,right,186.0,,Centerfield,https://img.a.transfermarkt.technology/portrait/header/354198-1722351250.jpg?lm=1,,,,https://www.transfermarkt.co.uk/alexander-eckmayr/profil/spieler/354198,A1,WSG Tirol,150000.0,150000.0,2024,Alexander Meyer,,2425,Dortmund,Alexander Meyer,GER,GK,33,1991,2,2,180,2.0,4,2.0,11,7,63.6,1,0,1,0,0.0,0,0,0,0,,25.919233401779604,0.0
417084,2025-06-06,1000000,Ceará Sporting Club,2029,BRA1,,Keiller,Keiller,2025,776,keiller,Brazil,Eldorado do Sul  ,Brazil,1996-10-29 00:00:00,Goalkeeper,Goalkeeper,right,193.0,2026-12-30 00:00:00,,https://img.a.transfermarkt.technology/portrait/header/417084-1748479165.jpg?lm=1,0.0,0.0,,https://www.transfermarkt.co.uk/keiller/profil/spieler/417084,BRA1,Coritiba Foot Ball Club,500000.0,1500000.0,2024,Kevin Müller,,2425,Heidenheim,Kevin Müller,GER,GK,33,1991,33,33,2939,32.7,64,1.96,170,106,62.4,7,5,21,8,24.2,6,6,0,0,0.0,28.602327173169062,572.0
44058,2025-06-09,1000000,FC Barcelona,131,ES1,Wojciech,Szczesny,Wojciech Szczesny,2025,131,wojciech-szczesny,Poland,Warszawa  ,Poland,1990-04-18 00:00:00,Goalkeeper,Goalkeeper,right,195.0,2027-06-30 00:00:00,CAA Stellar,https://img.a.transfermarkt.technology/portrait/header/44058-1744278078.jpg?lm=1,84.0,0.0,,https://www.transfermarkt.co.uk/wojciech-szczesny/profil/spieler/44058,ES1,FC Barcelona,800000.0,40000000.0,2024,Wojciech Szczęsny,ESP-La Liga,2425,Barcelona,Wojciech Szczęsny,POL,GK,34,1990,15,15,1350,15.0,12,0.8,33,21,63.6,14,1,0,8,53.3,1,1,0,0,0.0,35.14305270362765,751.0
64399,2025-06-09,700000,Celta de Vigo,940,ES1,Vicente,Guaita,Vicente Guaita,2025,130,vicente-guaita,Spain,Torrent  ,Spain,1987-01-10 00:00:00,Goalkeeper,Goalkeeper,right,190.0,,JCRsport,https://img.a.transfermarkt.technology/portrait/header/64399-1744193190.jpg?lm=1,,,,https://www.transfermarkt.co.uk/vicente-guaita/profil/spieler/64399,IT1,Parma Calcio 1913,400000.0,10000000.0,2024,Vicente Guaita,ESP-La Liga,2425,Celta Vigo,Vicente Guaita,ESP,GK,37,1987,34,34,3060,34.0,48,1.41,129,81,62.8,14,7,13,8,23.5,3,3,0,0,0.0,38.41204654346338,0.0
73517,2025-06-09,900000,Sevilla FC,368,ES1,Ørjan,Nyland,Ørjan Nyland,2025,368,orjan-nyland,Norway,Volda  ,Norway,1990-09-10 00:00:00,Goalkeeper,Goalkeeper,right,192.0,,,https://img.a.transfermarkt.technology/portrait/header/73517-1779430891.jpg?lm=1,75.0,0.0,,https://www.transfermarkt.co.uk/orjan-nyland/profil/spieler/73517,ES1,Sevilla FC,800000.0,3000000.0,2024,Ørjan Nyland,ESP-La Liga,2425,Sevilla,Ørjan Nyland,NOR,GK,33,1990,30,30,2673,29.7,39,1.31,112,73,65.2,8,10,12,8,26.7,4,3,1,0,25.0,34.7460643394935,0.0
74857,2025-06-09,12000000,FC Barcelona,131,ES1,Marc-André,ter Stegen,Marc-André ter Stegen,2025,131,marc-andre-ter-stegen,Germany,Mönchengladbach  ,Germany,1992-04-30 00:00:00,Goalkeeper,Goalkeeper,right,187.0,2028-06-30 00:00:00,ROOF,https://img.a.transfermarkt.technology/portrait/header/74857-1674465246.jpg?lm=1,44.0,0.0,,https://www.transfermarkt.co.uk/marc-andre-ter-stegen/profil/spieler/74857,ES1,FC Barcelona,3000000.0,90000000.0,2024,Marc-André ter Stegen,ESP-La Liga,2425,Barcelona,Marc-André ter Stegen,GER,GK,32,1992,8,8,674,7.5,9,1.2,23,14,60.9,7,0,1,1,12.5,1,1,0,0,0.0,33.1088295687885,1117.0
94308,2025-06-09,800000,CD Leganés,1244,ES1,Marko,Dmitrovic,Marko Dmitrovic,2025,714,marko-dmitrovic,Jugoslawien (SFR),Subotica  ,Serbia,1992-01-24 00:00:00,Goalkeeper,Goalkeeper,left,189.0,2028-06-30 00:00:00,IDUB GLOBAL,https://img.a.transfermarkt.technology/portrait/header/94308-1669364494.jpg?lm=1,19.0,0.0,,https://www.transfermarkt.co.uk/marko-dmitrovic/profil/spieler/94308,ES1,RCD Espanyol Barcelona,700000.0,12000000.0,2024,Marko Dmitrović,ESP-La Liga,2425,Leganés,Marko Dmitrović,SRB,GK,32,1992,32,32,2880,32.0,49,1.53,145,102,66.2,8,11,13,10,31.3,8,7,0,1,0.0,33.374401095140314,1117.0
108390,2025-06-09,20000000,Real Madrid,418,ES1,Thibaut,Courtois,Thibaut Courtois,2025,418,thibaut-courtois,Belgium,Bree  ,Belgium,1992-05-11 00:00:00,Goalkeeper,Goalkeeper,left,199.0,2027-06-30 00:00:00,RGM,https://img.a.transfermarkt.technology/portrait/header/108390-1717280733.jpg?lm=1,115.0,0.0,,https://www.transfermarkt.co.uk/thibaut-courtois/profil/spieler/108390,ES1,Real Madrid,15000000.0,75000000.0,2024,Thibaut Courtois,ESP-La Liga,2425,Real Madrid,Thibaut Courtois,BEL,GK,32,1992,30,30,2700,30.0,29,0.97,106,77,72.6,20,6,4,11,36.7,3,3,0,0,0.0,33.07871321013005,751.0
118997,2025-06-09,700000,CA Osasuna,331,ES1,Aitor,Fernández,Aitor Fernández,2025,331,aitor-fernandez,Spain,Arrasate  ,Spain,1991-05-03 00:00:00,Goalkeeper,Goalkeeper,right,182.0,2027-06-30 00:00:00,,https://img.a.transfermarkt.technology/portrait/header/118997-1683281584.jpg?lm=1,3.0,0.0,,https://www.transfermarkt.co.uk/aitor-fernandez/profil/spieler/118997,ES1,CA Osasuna,500000.0,10000000.0,2024,Aitor Fernández,ESP-La Liga,2425,Osasuna,Aitor Fernández,ESP,GK,33,1991,1,1,90,1.0,0,0.0,5,5,100.0,0,1,0,1,100.0,0,0,0,0,,34.10266940451746,751.0
121483,2025-06-09,20000000,Atlético de Madrid,13,ES1,Jan,Oblak,Jan Oblak,2025,13,jan-oblak,Slovenia,Škofja Loka  ,Slovenia,1993-01-07 00:00:00,Goalkeeper,Goalkeeper,right,188.0,2028-06-30 00:00:00,Miha Mlakar,https://img.a.transfermarkt.technology/portrait/header/121483-1719350076.jpg?lm=1,84.0,0.0,,https://www.transfermarkt.co.uk/jan-oblak/profil/spieler/121483,ES1,Atlético de Madrid,15000000.0,100000000.0,2024,Jan Oblak,ESP-La Liga,2425,Atlético Madrid,Jan Oblak,SVN,GK,31,1993,36,36,3240,36.0,30,0.83,116,86,74.1,20,10,6,15,41.7,5,5,0,0,0.0,32.41889117043121,1117.0
146227,2025-06-09,800000,UD Las Palmas,472,ES1,Jasper,Cillessen,Jasper Cillessen,2025,467,jasper-cillessen,Netherlands,Nijmegen  ,Netherlands,1989-04-22 00:00:00,Goalkeeper,Goalkeeper,right,187.0,,SEG,https://img.a.transfermarkt.technology/portrait/header/146227-1764255346.png?lm=1,65.0,0.0,,https://www.transfermarkt.co.uk/jasper-cillessen/profil/spieler/146227,NL1,NEC Nijmegen,300000.0,20000000.0,2024,Jasper Cillessen,ESP-La Liga,2425,Las Palmas,Jasper Cillessen,NED,GK,35,1989,27,27,2335,25.9,42,1.62,130,88,67.7,6,8,13,3,11.1,8,4,3,1,42.9,36.13141683778234,0.0
165467,2025-06-09,2500000,Valencia CF,1049,ES1,Stole,Dimitrievski,Stole Dimitrievski,2025,1049,stole-dimitrievski,Macedonia,Kumanovo  ,North Macedonia,1993-12-25 00:00:00,Goalkeeper,Goalkeeper,right,188.0,2028-06-30 00:00:00,AS1,https://img.a.transfermarkt.technology/portrait/header/165467-1541150592.jpg?lm=1,90.0,0.0,,https://www.transfermarkt.co.uk/stole-dimitrievski/profil/spieler/165467,ES1,Valencia CF,2000000.0,4000000.0,2024,Stole Dimitrievski,ESP-La Liga,2425,Valencia,Stole Dimitrievski,MKD,GK,30,1993,4,4,360,4.0,6,1.5,12,6,50.0,0,2,2,0,0.0,2,1,0,1,0.0,31.45516769336071,1117.0
195488,2025-06-09,2500000,Girona FC,12321,ES1,Paulo,Gazzaniga,Paulo Gazzaniga,2025,12321,paulo-gazzaniga,Argentina,Murphy  ,Argentina,1992-01-02 00:00:00,Goalkeeper,Goalkeeper,right,195.0,2027-06-30 00:00:00,LGT Football,https://img.a.transfermarkt.technology/portrait/header/195488-1769783747.jpg?lm=1,1.0,0.0,,https://www.transfermarkt.co.uk/paulo-gazzaniga/profil/spieler/195488,ES1,Girona FC,1800000.0,4000000.0,2024,Paulo Gazzaniga,ESP-La Liga,2425,Girona,Paulo Gazzaniga,ARG,GK,32,1992,36,36,3195,35.5,51,1.44,141,90,63.8,11,8,17,8,22.2,5,2,3,0,60.0,33.43463381245722,751.0
212862,2025-06-09,18000000,Real Sociedad,681,ES1,Álex,Remiro,Álex Remiro,2025,681,alex-remiro,Spain,Cascante  ,Spain,1995-03-24 00:00:00,Goalkeeper,Goalkeeper,right,192.0,2027-06-30 00:00:00,Feel Winner,https://img.a.transfermarkt.technology/portrait/header/212862-1694594210.jpg?lm=1,2.0,0.0,,https://www.transfermarkt.co.uk/alex-remiro/profil/spieler/212862,ES1,Real Sociedad,9000000.0,25000000.0,2024,Álex Remiro,ESP-La Liga,2425,Real Sociedad,Álex Remiro,ESP,GK,29,1995,36,36,3240,36.0,43,1.19,124,86,65.3,13,7,16,13,36.1,6,5,1,0,16.7,30.21218343600274,751.0
226012,2025-06-09,3000000,Getafe CF,3709,ES1,David,Soria,David Soria,2025,3709,david-soria,Spain,Madrid  ,Spain,1993-04-04 00:00:00,Goalkeeper,Goalkeeper,right,192.0,2030-06-30 00:00:00,AS1,https://img.a.transfermarkt.technology/portrait/header/226012-1696863038.jpg?lm=1,,,,https://www.transfermarkt.co.uk/david-soria/profil/spieler/226012,ES1,Getafe CF,2800000.0,18000000.0,2024,David Soria,ESP-La Liga,2425,Getafe,David Soria,ESP,GK,31,1993,38,38,3420,38.0,39,1.03,128,89,69.5,11,9,18,9,23.7,9,8,1,0,11.1,32.18069815195072,1847.0
242359,2025-06-09,3500000,Atalanta BC,800,IT1,Juan,Musso,Juan Musso,2025,13,juan-musso,Argentina,San Nicolás de los Arroyos  ,Argentina,1994-05-06 00:00:00,Goalkeeper,Goalkeeper,right,193.0,2028-06-30 00:00:00,,https://img.a.transfermarkt.technology/portrait/header/242359-1663583047.jpg?lm=1,4.0,0.0,,https://www.transfermarkt.co.uk/juan-musso/profil/spieler/242359,ES1,Atlético de Madrid,3000000.0,20000000.0,2024,Juan Musso,ESP-La Liga,2425,Atlético Madrid,Juan Musso,ARG,GK,30,1994,2,2,180,2.0,0,0.0,2,2,100.0,2,0,0,2,100.0,0,0,0,0,,31.093771389459274,1117.0
242359,2025-06-09,3500000,Atalanta BC,800,IT1,Juan,Musso,Juan Musso,2025,13,juan-musso,Argentina,San Nicolás de los Arroyos  ,Argentina,1994-05-06 00:00:00,Goalkeeper,Goalkeeper,right,193.0,2028-06-30 00:00:00,,https://img.a.transfermarkt.technology/portrait/header/242359-1663583047.jpg?lm=1,4.0,0.0,,https://www.transfermarkt.co.uk/juan-musso/profil/spieler/242359,ES1,Atlético de Madrid,3000000.0,20000000.0,2024,Juan Musso,ITA-Serie A,2425,Atalanta,Juan Musso,ARG,GK,30,1994,1,1,90,1.0,0,0.0,4,4,100.0,1,0,0,1,100.0,0,0,0,0,,31.093771389459274,1117.0
248738,2025-06-09,3000000,CA Osasuna,331,ES1,Sergio,Herrera,Sergio Herrera,2025,331,sergio-herrera,Spain,Miranda de Ebro  ,Spain,1993-06-05 00:00:00,Goalkeeper,Goalkeeper,right,192.0,2028-06-30 00:00:00,Gersh,https://img.a.transfermarkt.technology/portrait/header/248738-1732220099.jpg?lm=1,,,,https://www.transfermarkt.co.uk/sergio-herrera/profil/spieler/248738,ES1,CA Osasuna,2800000.0,8000000.0,2024,Sergio Herrera,ESP-La Liga,2425,Osasuna,Sergio Herrera,ESP,GK,31,1993,37,37,3330,37.0,52,1.41,184,132,71.7,12,15,10,8,21.6,7,7,0,0,0.0,32.01095140314853,1117.0
251892,2025-06-09,1000000,CD Leganés,1244,ES1,Juan,Soriano,Juan Soriano,2024,1244,juan-soriano,Spain,Benacazón  ,Spain,1997-08-23 00:00:00,Goalkeeper,Goalkeeper,right,185.0,2027-06-30 00:00:00,,https://img.a.transfermarkt.technology/portrait/header/251892-1583333927.jpg?lm=1,1.0,0.0,,https://www.transfermarkt.co.uk/juan-soriano/profil/spieler/251892,ES1,CD Leganés,1000000.0,2500000.0,2024,Juan Soriano,ESP-La Liga,2425,Leganés,Juan Soriano,ESP,GK,26,1997,6,6,540,6.0,7,1.17,26,19,73.1,1,2,3,1,16.7,0,0,0,0,,27.794661190965094,751.0
262396,2025-06-09,28000000,Athletic Bilbao,621,ES1,Unai,Simón,Unai Simón,2025,621,unai-simon,Spain,Vitoria-Gasteiz  ,Spain,1997-06-11 00:00:00,Goalkeeper,Goalkeeper,right,190.0,2029-06-30 00:00:00,CAA Stellar,https://img.a.transfermarkt.technology/portrait/header/262396-1709674901.png?lm=1,64.0,0.0,,https://www.transfermarkt.co.uk/unai-simon/profil/spieler/262396,ES1,Athletic Bilbao,22000000.0,30000000.0,2024,Unai Simón,ESP-La Liga,2425,Athletic Club,Unai Simón,ESP,GK,27,1997,21,21,1890,21.0,14,0.67,61,47,77.0,10,8,3,10,47.6,2,1,1,0,50.0,27.994524298425734,1482.0
275218,2025-06-09,6000000,Rayo Vallecano,367,ES1,Augusto,Batalla,Augusto Batalla,2025,367,augusto-batalla,Argentina,Hurlingham  ,Argentina,1996-04-30 00:00:00,Goalkeeper,Goalkeeper,right,185.0,2030-06-30 00:00:00,Hernan Berman,https://img.a.transfermarkt.technology/portrait/header/275218-1775761484.jpg?lm=1,13.0,0.0,,https://www.transfermarkt.co.uk/augusto-batalla/profil/spieler/275218,ES1,Rayo Vallecano,6000000.0,6000000.0,2024,Augusto Batalla,ESP-La Liga,2425,Rayo Vallecano,Augusto Batalla,ARG,GK,28,1996,32,32,2880,32.0,39,1.22,125,93,68.8,10,12,10,8,25.0,8,6,2,0,25.0,29.1088295687885,1847.0
283170,2025-06-09,8000000,FC Barcelona,131,ES1,Iñaki,Peña,Iñaki Peña,2025,131,inaki-pena,Spain,Alicante  ,Spain,1999-03-02 00:00:00,Goalkeeper,Goalkeeper,right,184.0,2029-06-30 00:00:00,AC Talent,https://img.a.transfermarkt.technology/portrait/header/283170-1702502364.jpg?lm=1,0.0,0.0,,https://www.transfermarkt.co.uk/inaki-pena/profil/spieler/283170,ES1,FC Barcelona,4000000.0,10000000.0,2024,Iñaki Peña,ESP-La Liga,2425,Barcelona,Iñaki Peña,ESP,GK,25,1999,16,15,1396,15.5,18,1.16,52,35,65.4,7,3,5,4,26.7,2,2,0,0,0.0,26.272416153319643,1482.0
290346,2025-06-09,700000,Real Valladolid CF,366,ES1,André,Ferreira,André Ferreira,2025,979,andre-ferreira,Portugal,Vila Nova de Gaia  ,Portugal,1996-05-29 00:00:00,Goalkeeper,Goalkeeper,right,193.0,2028-06-30 00:00:00,MadeinFootball,https://img.a.transfermarkt.technology/portrait/header/290346-1548259586.jpg?lm=1,0.0,0.0,,https://www.transfermarkt.co.uk/andre-ferreira/profil/spieler/290346,PO1,Moreirense FC,600000.0,900000.0,2024,André Ferreira,ESP-La Liga,2425,Valladolid,André Ferreira,POR,GK,28,1996,6,6,540,6.0,20,3.33,40,20,50.0,0,0,6,0,0.0,3,3,0,0,0.0,29.02943189596167,1117.0
297194,2025-06-09,900000,Celta de Vigo,940,ES1,Iván,Villar,Iván Villar,2025,940,ivan-villar,Spain,Aldán  ,Spain,1997-07-09 00:00:00,Goalkeeper,Goalkeeper,right,183.0,2027-06-30 00:00:00,AS1,https://img.a.transfermarkt.technology/portrait/header/297194-1516876837.jpg?lm=1,0.0,0.0,,https://www.transfermarkt.co.uk/ivan-villar/profil/spieler/297194,ES1,Celta de Vigo,900000.0,2500000.0,2024,Iván Villar,ESP-La Liga,2425,Celta Vigo,Iván Villar,ESP,GK,27,1997,4,4,360,4.0,9,2.25,19,10,52.6,2,0,2,0,0.0,1,0,1,0,100.0,27.917864476386036,751.0
298197,2025-06-09,6000000,Deportivo Alavés,1108,ES1,Antonio,Sivera,Antonio Sivera,2025,1108,antonio-sivera,Spain,Xàbia  ,Spain,1996-08-11 00:00:00,Goalkeeper,Goalkeeper,right,185.0,2027-06-30 00:00:00,THE·TEAM,https://img.a.transfermarkt.technology/portrait/header/298197-1713856039.jpg?lm=1,10.0,0.0,,https://www.transfermarkt.co.uk/antonio-sivera/profil/spieler/298197,ES1,Deportivo Alavés,6000000.0,6000000.0,2024,Antonio Sivera,ESP-La Liga,2425,Alavés,Antonio Sivera,ESP,GK,27,1996,32,32,2810,31.2,39,1.25,106,75,63.2,9,10,13,9,28.1,9,9,0,0,0.0,28.826830937713893,751.0
316884,2025-06-09,6000000,RCD Mallorca,237,ES1,Dominik,Greif,Dominik Greif,2025,1041,dominik-greif,Slovakia,Bratislava  ,Slovakia,1997-04-06 00:00:00,Goalkeeper,Goalkeeper,right,197.0,2029-06-30 00:00:00,Stars & Friends,https://img.a.transfermarkt.technology/portrait/header/316884-1773950159.jpg?lm=1,5.0,0.0,,https://www.transfermarkt.co.uk/dominik-greif/profil/spieler/316884,FR1,Olympique Lyon,9000000.0,9000000.0,2024,Dominik Greif,ESP-La Liga,2425,Mallorca,Dominik Greif,SVK,GK,27,1997,31,31,2790,31.0,34,1.1,119,85,71.4,11,8,12,7,22.6,2,2,0,0,0.0,28.175222450376456,1482.0
341713,2025-06-09,7500000,Villarreal CF,1050,ES1,Diego,Conde,Diego Conde,2025,1050,diego-conde,Spain,Madrid  ,Spain,1998-10-28 00:00:00,Goalkeeper,Goalkeeper,right,188.0,2029-06-30 00:00:00,Manuel García Quilón,https://img.a.transfermarkt.technology/portrait/header/341713-1669364743.jpg?lm=1,,,,https://www.transfermarkt.co.uk/diego-conde/profil/spieler/341713,ES1,Villarreal CF,3000000.0,10000000.0,2024,Diego Conde,ESP-La Liga,2425,Villarreal,Diego Conde,ESP,GK,25,1998,22,22,1962,21.8,33,1.51,96,63,65.6,11,6,5,2,9.1,4,3,0,1,0.0,26.614647501711158,1482.0
397676,2025-06-09,1800000,Rayo Vallecano,367,ES1,Dani,Cárdenas,Dani Cárdenas,2025,367,dani-cardenas,Spain,Terrassa  ,Spain,1997-03-28 00:00:00,Goalkeeper,Goalkeeper,right,186.0,2027-06-30 00:00:00,,https://img.a.transfermarkt.technology/portrait/header/397676-1663571879.jpg?lm=1,,,,https://www.transfermarkt.co.uk/dani-cardenas/profil/spieler/397676,ES1,Rayo Vallecano,1800000.0,2000000.0,2024,Dani Cárdenas,ESP-La Liga,2425,Rayo Vallecano,Dani Cárdenas,ESP,GK,27,1997,6,6,540,6.0,6,1.0,20,14,70.0,3,1,2,2,33.3,0,0,0,0,,28.199863107460644,751.0
404839,2025-06-09,18000000,Real Madrid,418,ES1,Andriy,Lunin,Andriy Lunin,2025,418,andriy-lunin,Ukraine,"Krasnograd, Kharkiv Oblast  ",Ukraine,1999-02-11 00:00:00,Goalkeeper,Goalkeeper,right,191.0,2030-06-30 00:00:00,Gestifute,https://img.a.transfermarkt.technology/portrait/header/404839-1701294131.jpg?lm=1,16.0,0.0,,https://www.transfermarkt.co.uk/andriy-lunin/profil/spieler/404839,ES1,Real Madrid,12000000.0,25000000.0,2024,Andriy Lunin,ESP-La Liga,2425,Real Madrid,Andriy Lunin,UKR,GK,25,1999,7,7,630,7.0,7,1.0,20,13,65.0,6,0,1,4,57.1,0,0,0,0,,26.324435318275153,1847.0
493513,2025-06-09,3000000,Real Valladolid CF,366,ES1,Karl,Hein,Karl Hein,2025,86,karl-hein,Estonia,Põlva  ,Estonia,2002-04-13 00:00:00,Goalkeeper,Goalkeeper,right,193.0,,THE·TEAM,https://img.a.transfermarkt.technology/portrait/header/493513-1758702558.jpg?lm=1,47.0,0.0,,https://www.transfermarkt.co.uk/karl-hein/profil/spieler/493513,L1,SV Werder Bremen,3000000.0,3000000.0,2024,Karl Jakob Hein,ESP-La Liga,2425,Valladolid,Karl Jakob Hein,EST,GK,22,2002,31,31,2790,31.0,68,2.19,164,96,58.5,4,4,23,5,16.1,4,4,0,0,0.0,23.156741957563312,0.0
502676,2025-06-09,30000000,Valencia CF,1049,ES1,Giorgi,Mamardashvili,Giorgi Mamardashvili,2025,31,giorgi-mamardashvili,Georgia,Tiflis  ,Georgia,2000-09-29 00:00:00,Goalkeeper,Goalkeeper,left,197.0,2031-06-30 00:00:00,Free Football,https://img.a.transfermarkt.technology/portrait/header/502676-1716542116.jpg?lm=1,38.0,0.0,,https://www.transfermarkt.co.uk/giorgi-mamardashvili/profil/spieler/502676,GB1,Liverpool FC,28000000.0,45000000.0,2024,Giorgi Mamardashvili,ESP-La Liga,2425,Valencia,Giorgi Mamardashvili,GEO,GK,23,2000,34,34,3060,34.0,48,1.41,139,91,65.5,11,11,12,8,23.5,7,5,2,0,28.6,24.692676249144423,2212.0
561613,2025-06-09,25000000,RCD Espanyol Barcelona,714,ES1,Joan,García,Joan García,2025,131,joan-garcia,Spain,Sallent de Llobregat  ,Spain,2001-05-04 00:00:00,Goalkeeper,Goalkeeper,right,194.0,2031-06-30 00:00:00,,https://img.a.transfermarkt.technology/portrait/header/561613-1747386081.jpg?lm=1,2.0,0.0,,https://www.transfermarkt.co.uk/joan-garcia/profil/spieler/561613,ES1,FC Barcelona,45000000.0,45000000.0,2024,Joan García,ESP-La Liga,2425,Espanyol,Joan García,ESP,GK,23,2001,38,38,3420,38.0,51,1.34,194,143,73.7,11,9,18,8,21.1,6,4,2,0,33.3,24.098562628336754,2212.0
562742,2025-06-09,5000000,RCD Mallorca,237,ES1,Leo,Román,Leo Román,2025,237,leo-roman,Spain,Ibiza  ,Spain,2000-07-06 00:00:00,Goalkeeper,Goalkeeper,right,189.0,2031-06-30 00:00:00,,https://img.a.transfermarkt.technology/portrait/header/562742-1745395600.jpg?lm=1,1.0,0.0,,https://www.transfermarkt.co.uk/leo-roman/profil/spieler/562742,ES1,RCD Mallorca,6000000.0,6000000.0,2024,Leo Román,ESP-La Liga,2425,Mallorca,Leo Román,ESP,GK,24,2000,7,7,630,7.0,10,1.43,50,40,80.0,2,1,4,2,28.6,1,1,0,0,0.0,24.92539356605065,2212.0
608382,2025-06-09,200000,Deportivo Alavés,1108,ES1,Adrián,Rodríguez,Adrián Rodríguez,2024,1108,adrian-rodriguez,Spain,Palma de Mallorca  ,Argentina,2000-12-12 00:00:00,Goalkeeper,Goalkeeper,right,195.0,2026-06-30 00:00:00,InterStarDeporte,https://img.a.transfermarkt.technology/portrait/header/default.jpg?lm=1,2.0,0.0,,https://www.transfermarkt.co.uk/adrian-rodriguez/profil/spieler/608382,ES1,Deportivo Alavés,200000.0,200000.0,2024,Adrian Rodriguez,ESP-La Liga,2425,Alavés,Adrian Rodriguez,ESP,GK,23,2000,2,1,122,1.4,2,1.48,6,4,66.7,0,1,0,1,100.0,1,1,0,0,0.0,24.490075290896645,386.0
625014,2025-06-09,15000000,Athletic Bilbao,621,ES1,Julen,Agirrezabala,Julen Agirrezabala,2025,1049,julen-agirrezabala,Spain,Donostia-San Sebastián  ,Spain,2000-12-26 00:00:00,Goalkeeper,Goalkeeper,left,187.0,2027-06-30 00:00:00,Gersh,https://img.a.transfermarkt.technology/portrait/header/625014-1709674945.png?lm=1,8.0,0.0,,https://www.transfermarkt.co.uk/julen-agirrezabala/profil/spieler/625014,ES1,Valencia CF,9000000.0,15000000.0,2024,Julen Agirrezabala,ESP-La Liga,2425,Athletic Club,Julen Agirrezabala,ESP,GK,23,2000,14,14,1206,13.4,10,0.75,34,24,70.6,9,4,1,5,35.7,2,1,1,0,50.0,24.451745379876797,751.0
625657,2025-06-09,600000,Real Sociedad,681,ES1,Unai,Marrero,Unai Marrero,2025,681,unai-marrero,Spain,Donostia-San Sebastián  ,Spain,2001-10-09 00:00:00,Goalkeeper,Goalkeeper,right,189.0,2030-06-30 00:00:00,IDUB GLOBAL,https://img.a.transfermarkt.technology/portrait/header/625657-1692370133.jpg?lm=1,,,,https://www.transfermarkt.co.uk/unai-marrero/profil/spieler/625657,ES1,Real Sociedad,1000000.0,1000000.0,2024,Unai Marrero,ESP-La Liga,2425,Real Sociedad,Unai Marrero,ESP,GK,22,2001,2,2,180,2.0,3,1.5,11,8,72.7,0,0,2,0,0.0,1,0,1,0,100.0,23.665982203969882,1847.0
1169436,2025-06-09,200000,Girona FC,12321,ES1,Vladyslav,Krapyvtsov,Vladyslav Krapyvtsov,2025,12321,vladyslav-krapyvtsov,Ukraine,Kharkiv  ,Ukraine,2005-06-25 00:00:00,Goalkeeper,Goalkeeper,right,188.0,2029-06-30 00:00:00,ProStar,https://img.a.transfermarkt.technology/portrait/header/1169436-1692105603.png?lm=1,4.0,0.0,,https://www.transfermarkt.co.uk/vladyslav-krapyvtsov/profil/spieler/1169436,ES1,Girona FC,300000.0,400000.0,2024,Vladyslav Krapyvtsov,ESP-La Liga,2425,Girona,Vladyslav Krapyvtsov,UKR,GK,19,2005,2,2,180,2.0,7,3.5,19,12,63.2,0,0,2,0,0.0,1,1,0,0,0.0,19.956194387405887,1482.0
168278,2025-06-10,200000,ASFC Buzau (2016-2025),11380,RO1,David,Lazar,David Lazar,2025,58049,david-lazar,Romania,Oradea  ,Romania,1991-08-08 00:00:00,Goalkeeper,Goalkeeper,,185.0,2028-06-30 00:00:00,,https://img.a.transfermarkt.technology/portrait/header/168278-1676965564.png?lm=1,1.0,0.0,,https://www.transfermarkt.co.uk/david-lazar/profil/spieler/168278,RO1,FC Hermannstadt,175000.0,1200000.0,2024,David Raya,ENG-Premier League,2425,Arsenal,David Raya,ESP,GK,28,1995,38,38,3420,38.0,34,0.89,120,86,71.7,20,14,4,13,34.2,3,3,0,0,0.0,33.83983572895277,1116.0
465682,2025-06-10,900000,Montevideo Wanderers,2403,,Mauro,Silveira,Mauro Silveira,2025,11854,mauro-silveira,Uruguay,Montevideo  ,Uruguay,2000-05-06 00:00:00,Goalkeeper,Goalkeeper,right,187.0,2028-06-30 00:00:00,JM Agente Deportivo,https://img.a.transfermarkt.technology/portrait/header/465682-1752505115.JPG?lm=1,0.0,0.0,,https://www.transfermarkt.co.uk/mauro-silveira/profil/spieler/465682,COL1,Junior FC,1000000.0,1000000.0,2024,Marco Silvestri,ITA-Serie A,2425,Empoli,Marco Silvestri,ITA,GK,33,1991,5,5,450,5.0,11,2.2,27,16,59.3,0,1,4,0,0.0,0,0,0,0,,25.09514031485284,1116.0
78570,2025-06-12,1800000,Union Saint-Gilloise,3948,BE1,Anthony,Moris,Anthony Moris,2025,6070,anthony-moris,Belgium,Arlon  ,Luxembourg,1990-04-29 00:00:00,Goalkeeper,Goalkeeper,left,186.0,2027-06-30 00:00:00,Soccerprod,https://img.a.transfermarkt.technology/portrait/header/78570-1714467075.png?lm=1,82.0,0.0,,https://www.transfermarkt.co.uk/anthony-moris/profil/spieler/78570,SA1,Al-Khaleej Club (Saihat),1200000.0,2000000.0,2024,Anthony Lopes,FRA-Ligue 1,2425,Nantes,Anthony Lopes,POR,GK,33,1990,18,18,1563,17.4,26,1.5,73,47,64.4,5,6,7,3,16.7,5,4,0,1,0.0,35.121149897330596,748.0
168166,2025-06-12,250000,KV Kortrijk,601,BE1,Lucas,Pirard,Lucas Pirard,2025,3057,lucas-pirard,Belgium,Sprimont  ,Belgium,1995-03-10 00:00:00,Goalkeeper,Goalkeeper,right,191.0,2028-06-30 00:00:00,,https://img.a.transfermarkt.technology/portrait/header/168166-1706870344.jpg?lm=1,1.0,0.0,,https://www.transfermarkt.co.uk/lucas-pirard/profil/spieler/168166,BE1,Standard Liège,350000.0,1500000.0,2024,Lucas Perri,FRA-Ligue 1,2425,Lyon,Lucas Perri,BRA,GK,26,1997,33,33,2970,33.0,44,1.33,160,116,72.5,17,6,10,10,30.3,3,3,0,0,0.0,30.258726899383984,1114.0
217130,2025-06-12,150000,Alianza Atlético Sullana,17479,,Daniel,Prieto,Daniel Prieto,2025,17479,daniel-prieto,Peru,Lima  ,Peru,1995-09-19 00:00:00,Goalkeeper,Goalkeeper,right,191.0,2026-12-31 00:00:00,TCW Partners,https://img.a.transfermarkt.technology/portrait/header/217130-1617643824.jpg?lm=1,0.0,0.0,3584.0,https://www.transfermarkt.co.uk/daniel-prieto/profil/spieler/217130,,,150000.0,200000.0,2024,Daniel Peretz,,2425,Bayern Munich,Daniel Peretz,ISR,GK,24,2000,3,3,270,3.0,5,1.67,7,2,28.6,2,0,1,0,0.0,0,0,0,0,,29.730321697467488,567.0
802715,2025-06-16,25000,FC Fredericia,5776,DK1,Mads,Eriksen,Mads Eriksen,2025,5776,mads-eriksen,,,Denmark,2003-10-30 00:00:00,Goalkeeper,Goalkeeper,right,198.0,,Bak Agency,https://img.a.transfermarkt.technology/portrait/header/default.jpg?lm=1,,,,https://www.transfermarkt.co.uk/mads-eriksen/profil/spieler/802715,DK1,FC Fredericia,25000.0,25000.0,2024,Mads Hermansen,ENG-Premier League,2425,Leicester City,Mads Hermansen,DEN,GK,24,2000,27,27,2385,26.5,58,2.19,160,102,63.8,3,6,18,1,3.7,4,3,1,0,25.0,21.6290212183436,0.0
27807,2025-06-17,150000,Udinese Calcio,410,IT1,Daniele,Padelli,Daniele Padelli,2025,410,daniele-padelli,Italy,Lecco  ,Italy,1985-10-25 00:00:00,Goalkeeper,Goalkeeper,right,191.0,2027-06-30 00:00:00,Mondial,https://img.a.transfermarkt.technology/portrait/header/27807-1630653305.jpg?lm=1,0.0,0.0,,https://www.transfermarkt.co.uk/daniele-padelli/profil/spieler/27807,IT1,Udinese Calcio,150000.0,2000000.0,2024,Daniele Padelli,ITA-Serie A,2425,Udinese,Daniele Padelli,ITA,GK,38,1985,1,1,90,1.0,0,0.0,3,3,100.0,1,0,0,1,100.0,0,0,0,0,,39.644079397672826,743.0
42205,2025-06-17,4000000,Inter Milan,46,IT1,Yann,Sommer,Yann Sommer,2025,46,yann-sommer,Switzerland,Morges  ,Switzerland,1988-12-17 00:00:00,Goalkeeper,Goalkeeper,right,183.0,,,https://img.a.transfermarkt.technology/portrait/header/42205-1669897427.jpg?lm=1,94.0,0.0,,https://www.transfermarkt.co.uk/yann-sommer/profil/spieler/42205,IT1,Inter Milan,2000000.0,13000000.0,2024,Yann Sommer,ITA-Serie A,2425,Inter,Yann Sommer,SUI,GK,35,1988,33,33,2970,33.0,32,0.97,116,84,72.4,20,8,5,13,39.4,4,3,1,0,25.0,36.498288843258045,0.0
45026,2025-06-17,800000,Al-Ain FC,2150,,Rui,Patrício,Rui Patrício,2024,800,rui-patricio,Portugal,Leiria  ,Portugal,1988-02-15 00:00:00,Goalkeeper,Goalkeeper,left,190.0,,Gestifute,https://img.a.transfermarkt.technology/portrait/header/45026-1716296132.jpg?lm=1,108.0,0.0,,https://www.transfermarkt.co.uk/rui-patricio/profil/spieler/45026,IT1,Atalanta BC,600000.0,20000000.0,2024,Rui Patrício,ITA-Serie A,2425,Atalanta,Rui Patrício,POR,GK,36,1988,3,3,270,3.0,3,1.0,14,11,78.6,2,1,0,1,33.3,0,0,0,0,,37.33607118412046,0.0
59377,2025-06-17,5000000,ACF Fiorentina,430,IT1,David,de Gea,David de Gea,2025,430,david-de-gea,Spain,Madrid  ,Spain,1990-11-07 00:00:00,Goalkeeper,Goalkeeper,right,192.0,2028-06-30 00:00:00,,https://img.a.transfermarkt.technology/portrait/header/59377-1667548362.jpg?lm=1,45.0,0.0,,https://www.transfermarkt.co.uk/david-de-gea/profil/spieler/59377,IT1,ACF Fiorentina,3500000.0,70000000.0,2024,David de Gea,ITA-Serie A,2425,Fiorentina,David de Gea,ESP,GK,33,1990,35,35,3150,35.0,38,1.09,134,96,71.6,19,5,11,11,31.4,3,1,2,0,66.7,34.60917180013689,1109.0
85528,2025-06-17,500000,FC Empoli,749,IT1,Marco,Silvestri,Marco Silvestri,2025,2239,marco-silvestri,Italy,Castelnovo ne' Monti  ,Italy,1991-03-02 00:00:00,Goalkeeper,Goalkeeper,right,191.0,,Team Raiola,https://img.a.transfermarkt.technology/portrait/header/85528-1663664993.jpg?lm=1,0.0,0.0,,https://www.transfermarkt.co.uk/marco-silvestri/profil/spieler/85528,IT1,US Cremonese,500000.0,10000000.0,2024,Marco Silvestri,ITA-Serie A,2425,Empoli,Marco Silvestri,ITA,GK,33,1991,5,5,450,5.0,11,2.2,27,16,59.3,0,1,4,0,0.0,0,0,0,0,,34.2943189596167,0.0
96254,2025-06-17,1000000,ACF Fiorentina,430,IT1,Pietro,Terracciano,Pietro Terracciano,2025,5,pietro-terracciano,Italy,San Felice a Cancello  ,Italy,1990-03-08 00:00:00,Goalkeeper,Goalkeeper,right,193.0,2027-06-30 00:00:00,,https://img.a.transfermarkt.technology/portrait/header/96254-1753403934.jpg?lm=1,,,,https://www.transfermarkt.co.uk/pietro-terracciano/profil/spieler/96254,IT1,AC Milan,900000.0,2500000.0,2024,Pietro Terracciano,ITA-Serie A,2425,Fiorentina,Pietro Terracciano,ITA,GK,34,1990,3,3,270,3.0,3,1.0,14,10,78.6,0,3,0,1,33.3,0,0,0,0,,35.27720739219713,743.0
110923,2025-06-17,2500000,Juventus FC,506,IT1,Mattia,Perin,Mattia Perin,2025,506,mattia-perin,Italy,Latina  ,Italy,1992-11-10 00:00:00,Goalkeeper,Goalkeeper,right,188.0,2027-06-30 00:00:00,World Soccer Agency,https://img.a.transfermarkt.technology/portrait/header/110923-1695107834.jpg?lm=1,2.0,0.0,,https://www.transfermarkt.co.uk/mattia-perin/profil/spieler/110923,IT1,Juventus FC,2000000.0,18000000.0,2024,Mattia Perin,ITA-Serie A,2425,Juventus,Mattia Perin,ITA,GK,31,1992,5,5,450,5.0,3,0.6,16,13,81.3,2,3,0,3,60.0,0,0,0,0,,32.59958932238193,743.0
111426,2025-06-17,650000,Genoa CFC,252,IT1,Benjamin,Siegrist,Benjamin Siegrist,2025,252,benjamin-siegrist,Switzerland,Therwil BL  ,Switzerland,1992-01-31 00:00:00,Goalkeeper,Goalkeeper,right,196.0,2026-06-30 00:00:00,World in Motion,https://img.a.transfermarkt.technology/portrait/header/111426-1770273039.jpg?lm=1,1.0,0.0,,https://www.transfermarkt.co.uk/benjamin-siegrist/profil/spieler/111426,IT1,Genoa CFC,400000.0,800000.0,2024,Benjamin Siegrist,ITA-Serie A,2425,Genoa,Benjamin Siegrist,SUI,GK,32,1992,2,2,152,1.7,2,1.18,12,10,83.3,1,1,0,0,0.0,0,0,0,0,,33.37713894592745,378.0
131758,2025-06-17,500000,Venezia FC,607,IT1,Jesse,Joronen,Jesse Joronen,2025,458,jesse-joronen,Finland,Rautjärvi  ,Finland,1993-03-21 00:00:00,Goalkeeper,Goalkeeper,right,197.0,2026-06-30 00:00:00,RDF Football,https://img.a.transfermarkt.technology/portrait/header/131758-1724827205.jpg?lm=1,23.0,0.0,3443.0,https://www.transfermarkt.co.uk/jesse-joronen/profil/spieler/131758,IT1,Palermo FC,500000.0,5000000.0,2024,Jesse Joronen,ITA-Serie A,2425,Venezia,Jesse Joronen,FIN,GK,31,1993,8,7,703,7.8,15,1.92,42,27,64.3,1,1,5,2,28.6,3,3,0,0,0.0,32.24093086926762,378.0
136111,2025-06-17,1500000,Genoa CFC,252,IT1,Nicola,Leali,Nicola Leali,2025,252,nicola-leali,Italy,Castiglione delle Stiviere  ,Italy,1993-02-17 00:00:00,Goalkeeper,Goalkeeper,right,193.0,,GB1,https://img.a.transfermarkt.technology/portrait/header/136111-1692963337.jpg?lm=1,1.0,0.0,,https://www.transfermarkt.co.uk/nicola-leali/profil/spieler/136111,IT1,Genoa CFC,1000000.0,6000000.0,2024,Nicola Leali,ITA-Serie A,2425,Genoa,Nicola Leali,ITA,GK,31,1993,29,29,2610,29.0,31,1.07,112,83,72.3,8,10,11,10,34.5,4,3,1,0,25.0,32.328542094455855,0.0
163048,2025-06-17,500000,Torino FC,416,IT1,Alberto,Paleari,Alberto Paleari,2025,416,alberto-paleari,Italy,Giussano  ,Italy,1992-08-29 00:00:00,Goalkeeper,Goalkeeper,right,193.0,2027-06-30 00:00:00,Firmani Football,https://img.a.transfermarkt.technology/portrait/header/163048-1753444583.jpg?lm=1,,,,https://www.transfermarkt.co.uk/alberto-paleari/profil/spieler/163048,IT1,Torino FC,1200000.0,1200000.0,2024,Alberto Paleari,ITA-Serie A,2425,Torino,Alberto Paleari,ITA,GK,31,1992,1,1,90,1.0,3,3.0,7,4,57.1,0,0,1,0,0.0,0,0,0,0,,32.799452429842574,743.0
182906,2025-06-17,25000000,AC Milan,5,IT1,Mike,Maignan,Mike Maignan,2025,5,mike-maignan,French Guiana,Cayenne  ,France,1995-07-03 00:00:00,Goalkeeper,Goalkeeper,right,191.0,2031-06-30 00:00:00,ESN,https://img.a.transfermarkt.technology/portrait/header/182906-1681459155.jpg?lm=1,46.0,0.0,,https://www.transfermarkt.co.uk/mike-maignan/profil/spieler/182906,IT1,AC Milan,20000000.0,45000000.0,2024,Mike Maignan,ITA-Serie A,2425,Milan,Mike Maignan,FRA,GK,29,1995,37,37,3294,36.6,41,1.12,139,98,70.5,17,9,11,13,35.1,2,1,1,0,50.0,29.95756331279945,2204.0
197929,2025-06-17,3000000,SS Lazio,398,IT1,Ivan,Provedel,Ivan Provedel,2025,398,ivan-provedel,Italy,Pordenone  ,Italy,1994-03-17 00:00:00,Goalkeeper,Goalkeeper,right,194.0,2029-06-30 00:00:00,,https://img.a.transfermarkt.technology/portrait/header/197929-1695160944.jpg?lm=1,0.0,0.0,,https://www.transfermarkt.co.uk/ivan-provedel/profil/spieler/197929,IT1,Società Sportiva Lazio S.p.A.,3000000.0,14000000.0,2024,Ivan Provedel,ITA-Serie A,2425,Lazio,Ivan Provedel,ITA,GK,30,1994,29,29,2610,29.0,42,1.45,95,53,55.8,15,6,8,5,17.2,4,4,0,0,0.0,31.252566735112936,1474.0
199976,2025-06-17,1000000,AC Milan,5,IT1,Marco,Sportiello,Marco Sportiello,2025,800,marco-sportiello,Italy,Desio  ,Italy,1992-05-10 00:00:00,Goalkeeper,Goalkeeper,right,192.0,2028-06-30 00:00:00,GR Sports,https://img.a.transfermarkt.technology/portrait/header/199976-1661351013.jpg?lm=1,0.0,0.0,,https://www.transfermarkt.co.uk/marco-sportiello/profil/spieler/199976,IT1,Atalanta BC,800000.0,10000000.0,2024,Marco Sportiello,ITA-Serie A,2425,Milan,Marco Sportiello,ITA,GK,32,1992,2,1,126,1.4,2,1.43,6,4,66.7,1,0,0,1,100.0,0,0,0,0,,33.10335386721424,1109.0
238537,2025-06-17,3500000,US Lecce,1005,IT1,Wladimiro,Falcone,Wladimiro Falcone,2025,1005,wladimiro-falcone,Italy,Roma  ,Italy,1995-04-12 00:00:00,Goalkeeper,Goalkeeper,right,195.0,2028-06-30 00:00:00,LIAN Sports Group,https://img.a.transfermarkt.technology/portrait/header/238537-1693308504.jpg?lm=1,0.0,0.0,,https://www.transfermarkt.co.uk/wladimiro-falcone/profil/spieler/238537,IT1,US Lecce,3500000.0,5000000.0,2024,Wladimiro Falcone,ITA-Serie A,2425,Lecce,Wladimiro Falcone,ITA,GK,29,1995,38,38,3420,38.0,58,1.53,177,127,67.2,8,10,20,9,23.7,10,8,1,1,11.1,30.182067077344286,1109.0
238993,2025-06-17,2000000,SSC Napoli,6195,IT1,Simone,Scuffet,Simone Scuffet,2025,4172,simone-scuffet,Italy,Udine  ,Italy,1996-05-31 00:00:00,Goalkeeper,Goalkeeper,right,193.0,2028-06-30 00:00:00,,https://img.a.transfermarkt.technology/portrait/header/238993-1753431413.jpg?lm=1,0.0,0.0,,https://www.transfermarkt.co.uk/simone-scuffet/profil/spieler/238993,IT1,Pisa Sporting Club,900000.0,6000000.0,2024,Simone Scuffet,ITA-Serie A,2425,Cagliari,Simone Scuffet,ITA,GK,28,1996,13,13,1170,13.0,23,1.77,56,33,58.9,3,3,7,1,7.7,5,5,0,0,0.0,29.045859000684462,1109.0
238993,2025-06-17,2000000,SSC Napoli,6195,IT1,Simone,Scuffet,Simone Scuffet,2025,4172,simone-scuffet,Italy,Udine  ,Italy,1996-05-31 00:00:00,Goalkeeper,Goalkeeper,right,193.0,2028-06-30 00:00:00,,https://img.a.transfermarkt.technology/portrait/header/238993-1753431413.jpg?lm=1,0.0,0.0,,https://www.transfermarkt.co.uk/simone-scuffet/profil/spieler/238993,IT1,Pisa Sporting Club,900000.0,6000000.0,2024,Simone Scuffet,ITA-Serie A,2425,Napoli,Simone Scuffet,ITA,GK,28,1996,1,1,90,1.0,1,1.0,4,3,75.0,0,1,0,0,0.0,0,0,0,0,,29.045859000684462,1109.0
240414,2025-06-17,18000000,SSC Napoli,6195,IT1,Alex,Meret,Alex Meret,2025,6195,alex-meret,Italy,Udine  ,Italy,1997-03-22 00:00:00,Goalkeeper,Goalkeeper,left,190.0,2027-06-30 00:00:00,,https://img.a.transfermarkt.technology/portrait/header/240414-1695025886.jpg?lm=1,3.0,0.0,,https://www.transfermarkt.co.uk/alex-meret/profil/spieler/240414,IT1,SSC Napoli,8000000.0,40000000.0,2024,Alex Meret,ITA-Serie A,2425,Napoli,Alex Meret,ITA,GK,27,1997,34,34,3005,33.4,25,0.75,84,59,70.2,21,9,4,17,50.0,4,1,2,1,66.7,28.238193018480494,743.0
240675,2025-06-17,400000,Hellas Verona,276,IT1,Simone,Perilli,Simone Perilli,2025,276,simone-perilli,Italy,Roma  ,Italy,1995-01-07 00:00:00,Goalkeeper,Goalkeeper,right,196.0,,,https://img.a.transfermarkt.technology/portrait/header/240675-1659601467.jpg?lm=1,3.0,0.0,,https://www.transfermarkt.co.uk/simone-perilli/profil/spieler/240675,IT1,Hellas Verona,400000.0,400000.0,2024,Simone Perilli,ITA-Serie A,2425,Hellas Verona,Simone Perilli,ITA,GK,29,1995,2,2,180,2.0,2,1.0,11,9,81.8,1,0,1,0,0.0,0,0,0,0,,30.442162902121833,0.0
241923,2025-06-17,2000000,Hellas Verona,276,IT1,Lorenzo,Montipò,Lorenzo Montipò,2025,276,lorenzo-montipo,Italy,Novara  ,Italy,1996-02-20 00:00:00,Goalkeeper,Goalkeeper,right,191.0,2028-06-30 00:00:00,TMP SOCCER srl,https://img.a.transfermarkt.technology/portrait/header/241923-1724828092.jpg?lm=1,2.0,0.0,,https://www.transfermarkt.co.uk/lorenzo-montipo/profil/spieler/241923,IT1,Hellas Verona,1200000.0,4500000.0,2024,Lorenzo Montipò,ITA-Serie A,2425,Hellas Verona,Lorenzo Montipò,ITA,GK,28,1996,36,36,3240,36.0,64,1.78,164,100,61.0,9,7,20,8,22.2,4,2,1,1,33.3,29.322381930184804,1109.0
244192,2025-06-17,1000000,AS Roma,12,IT1,Pierluigi,Gollini,Pierluigi Gollini,2025,12,pierluigi-gollini,Italy,Bologna  ,Italy,1995-03-18 00:00:00,Goalkeeper,Goalkeeper,right,194.0,2027-06-30 00:00:00,SEG,https://img.a.transfermarkt.technology/portrait/header/244192-1695026486.jpg?lm=1,1.0,0.0,,https://www.transfermarkt.co.uk/pierluigi-gollini/profil/spieler/244192,IT1,Associazione Sportiva Roma,800000.0,17000000.0,2024,Pierluigi Gollini,ITA-Serie A,2425,Genoa,Pierluigi Gollini,ITA,GK,29,1995,7,7,630,7.0,15,2.14,32,17,53.1,1,2,4,1,14.3,4,3,1,0,25.0,30.250513347022586,743.0
257474,2025-06-17,16000000,Torino FC,416,IT1,Vanja,Milinković-Savić,Vanja Milinković-Savić,2025,6195,vanja-milinkovic-savic,Spain,Ourense  ,Serbia,1997-02-20 00:00:00,Goalkeeper,Goalkeeper,right,202.0,2030-06-30 00:00:00,DOO Magnum,https://img.a.transfermarkt.technology/portrait/header/257474-1730125139.jpg?lm=1,20.0,0.0,,https://www.transfermarkt.co.uk/vanja-milinkovic-savic/profil/spieler/257474,IT1,SSC Napoli,20000000.0,20000000.0,2024,Vanja Milinković-Savić,ITA-Serie A,2425,Torino,Vanja Milinković-Savić,SRB,GK,27,1997,37,37,3330,37.0,42,1.14,173,131,75.7,10,14,13,10,27.0,7,3,4,0,57.1,28.320328542094455,1839.0
290537,2025-06-17,3500000,Como 1907,1047,IT1,Jean,Butez,Jean Butez,2025,1047,jean-butez,France,Lille  ,France,1995-06-08 00:00:00,Goalkeeper,Goalkeeper,right,189.0,2030-06-30 00:00:00,Gersh,https://img.a.transfermarkt.technology/portrait/header/290537-1704961364.jpg?lm=1,,,,https://www.transfermarkt.co.uk/jean-butez/profil/spieler/290537,IT1,Como 1907,8000000.0,8000000.0,2024,Jean Butez,ITA-Serie A,2425,Como,Jean Butez,FRA,GK,29,1995,19,18,1666,18.5,20,1.08,69,49,71.0,8,4,6,5,27.8,2,2,0,0,0.0,30.026009582477755,1839.0
301238,2025-06-17,18000000,Juventus FC,506,IT1,Michele,Di Gregorio,Michele Di Gregorio,2025,506,michele-di-gregorio,Italy,Milano  ,Italy,1997-07-27 00:00:00,Goalkeeper,Goalkeeper,right,187.0,2029-06-30 00:00:00,,https://img.a.transfermarkt.technology/portrait/header/301238-1730125609.jpg?lm=1,0.0,0.0,,https://www.transfermarkt.co.uk/michele-di-gregorio/profil/spieler/301238,IT1,Juventus FC,10000000.0,18000000.0,2024,Michele Di Gregorio,ITA-Serie A,2425,Juventus,Michele Di Gregorio,ITA,GK,27,1997,33,33,2970,33.0,32,0.97,99,71,67.7,16,13,4,14,42.4,5,5,0,0,0.0,27.890485968514717,1474.0
303657,2025-06-17,2500000,Venezia FC,607,IT1,Ionuț,Radu,Ionuț Radu,2025,940,ionut-radu,Romania,Bucharest  ,Romania,1997-05-28 00:00:00,Goalkeeper,Goalkeeper,right,188.0,2029-06-30 00:00:00,,https://img.a.transfermarkt.technology/portrait/header/303657-1699432718.jpg?lm=1,9.0,0.0,,https://www.transfermarkt.co.uk/ionut-radu/profil/spieler/303657,ES1,Celta de Vigo,9000000.0,15000000.0,2024,Ionuț Radu,ITA-Serie A,2425,Venezia,Ionuț Radu,ROU,GK,27,1997,15,15,1350,15.0,18,1.2,63,47,71.4,2,7,6,4,26.7,3,3,0,0,0.0,28.05475701574264,1474.0
304144,2025-06-17,1000000,Cagliari Calcio,1390,IT1,Alen,Sherri,Alen Sherri,2025,1390,alen-sherri,Albania,Shkodër  ,Albania,1997-12-15 00:00:00,Goalkeeper,Goalkeeper,right,197.0,2028-06-30 00:00:00,BSP FOOTBALL AGENCY,https://img.a.transfermarkt.technology/portrait/header/304144-1730124783.jpg?lm=1,3.0,0.0,,https://www.transfermarkt.co.uk/alen-sherri/profil/spieler/304144,IT1,Cagliari Calcio,800000.0,1000000.0,2024,Alen Sherri,ITA-Serie A,2425,Cagliari,Alen Sherri,ALB,GK,26,1997,7,7,621,6.9,11,1.59,31,20,64.5,1,2,4,1,14.3,0,0,0,0,,27.50444900752909,1109.0
312773,2025-06-17,100000,Genoa CFC,252,IT1,Daniele,Sommariva,Daniele Sommariva,2025,252,daniele-sommariva,Italy,Genova  ,Italy,1997-07-18 00:00:00,Goalkeeper,Goalkeeper,right,185.0,,,https://img.a.transfermarkt.technology/portrait/header/312773-1692963278.jpg?lm=1,,,,https://www.transfermarkt.co.uk/daniele-sommariva/profil/spieler/312773,IT1,Genoa CFC,100000.0,400000.0,2024,Daniele Sommariva,ITA-Serie A,2425,Genoa,Daniele Sommariva,ITA,GK,27,1997,1,0,28,0.3,1,3.21,3,2,66.7,0,0,0,0,,0,0,0,0,,27.915126625598905,0.0
338670,2025-06-17,25000000,AS Roma,12,IT1,Mile,Svilar,Mile Svilar,2025,12,mile-svilar,Belgium,Antwerpen  ,Serbia,1999-08-27 00:00:00,Goalkeeper,Goalkeeper,right,189.0,2030-06-30 00:00:00,Universal Twenty Two,https://img.a.transfermarkt.technology/portrait/header/338670-1725532174.jpg?lm=1,1.0,0.0,,https://www.transfermarkt.co.uk/mile-svilar/profil/spieler/338670,IT1,Associazione Sportiva Roma,35000000.0,35000000.0,2024,Mile Svilar,ITA-Serie A,2425,Roma,Mile Svilar,SRB,GK,24,1999,38,38,3420,38.0,35,0.92,153,118,77.1,20,9,9,16,42.1,4,4,0,0,0.0,25.806981519507186,1839.0
340353,2025-06-17,7500000,Udinese Calcio,410,IT1,Maduka,Okoye,Maduka Okoye,2025,410,maduka-okoye,Germany,Düsseldorf  ,Nigeria,1999-08-28 00:00:00,Goalkeeper,Goalkeeper,right,198.0,2028-06-30 00:00:00,THE·TEAM,https://img.a.transfermarkt.technology/portrait/header/340353-1729542646.jpg?lm=1,21.0,0.0,,https://www.transfermarkt.co.uk/maduka-okoye/profil/spieler/340353,IT1,Udinese Calcio,10000000.0,10000000.0,2024,Maduka Okoye,ITA-Serie A,2425,Udinese,Maduka Okoye,NGA,GK,24,1999,25,25,2250,25.0,40,1.6,113,73,64.6,6,4,15,4,16.0,5,4,0,1,0.0,25.804243668720055,1109.0
388516,2025-06-17,12000000,Inter Milan,46,IT1,Josep,Martínez,Josep Martínez,2025,46,josep-martinez,Spain,Alzira  ,Spain,1998-05-27 00:00:00,Goalkeeper,Goalkeeper,right,191.0,2029-06-30 00:00:00,,https://img.a.transfermarkt.technology/portrait/header/388516-1686153132.jpg?lm=1,1.0,0.0,,https://www.transfermarkt.co.uk/josep-martinez/profil/spieler/388516,IT1,Inter Milan,10000000.0,12000000.0,2024,Josep Martinez,ITA-Serie A,2425,Inter,Josep Martinez,ESP,GK,26,1998,5,5,450,5.0,3,0.6,15,12,80.0,4,1,0,3,60.0,0,0,0,0,,27.058179329226558,1474.0
390304,2025-06-17,1500000,Bologna FC 1909,1025,IT1,Federico,Ravaglia,Federico Ravaglia,2025,1025,federico-ravaglia,Italy,Bologna  ,Italy,1999-11-11 00:00:00,Goalkeeper,Goalkeeper,right,196.0,2028-06-30 00:00:00,BC Group,https://img.a.transfermarkt.technology/portrait/header/390304-1701253429.jpg?lm=1,,,,https://www.transfermarkt.co.uk/federico-ravaglia/profil/spieler/390304,IT1,Bologna Football Club 1909,1800000.0,2000000.0,2024,Federico Ravaglia,ITA-Serie A,2425,Bologna,Federico Ravaglia,ITA,GK,24,1999,12,11,1056,11.7,14,1.19,24,10,41.7,5,2,4,4,36.4,1,1,0,0,0.0,25.598904859685145,1109.0
421873,2025-06-17,9000000,Cagliari Calcio,1390,IT1,Elia,Caprile,Elia Caprile,2025,1390,elia-caprile,Italy,Verona  ,Italy,2001-08-25 00:00:00,Goalkeeper,Goalkeeper,right,191.0,2029-06-30 00:00:00,GB1,https://img.a.transfermarkt.technology/portrait/header/421873-1704902651.jpg?lm=1,0.0,0.0,,https://www.transfermarkt.co.uk/elia-caprile/profil/spieler/421873,IT1,Cagliari Calcio,15000000.0,15000000.0,2024,Elia Caprile,ITA-Serie A,2425,Cagliari,Elia Caprile,ITA,GK,22,2001,18,18,1620,18.0,22,1.22,68,46,67.6,5,4,9,5,27.8,1,1,0,0,0.0,23.811088295687885,1474.0
421873,2025-06-17,9000000,Cagliari Calcio,1390,IT1,Elia,Caprile,Elia Caprile,2025,1390,elia-caprile,Italy,Verona  ,Italy,2001-08-25 00:00:00,Goalkeeper,Goalkeeper,right,191.0,2029-06-30 00:00:00,GB1,https://img.a.transfermarkt.technology/portrait/header/421873-1704902651.jpg?lm=1,0.0,0.0,,https://www.transfermarkt.co.uk/elia-caprile/profil/spieler/421873,IT1,Cagliari Calcio,15000000.0,15000000.0,2024,Elia Caprile,ITA-Serie A,2425,Napoli,Elia Caprile,ITA,GK,22,2001,4,3,325,3.6,1,0.28,8,7,87.5,3,0,0,3,100.0,0,0,0,0,,23.811088295687885,1474.0
432298,2025-06-17,20000000,Parma Calcio 1913,130,IT1,Zion,Suzuki,Zion Suzuki,2025,130,zion-suzuki,United States,"Newark, New Jersey  ",Japan,2002-08-21 00:00:00,Goalkeeper,Goalkeeper,right,190.0,2029-06-30 00:00:00,,https://img.a.transfermarkt.technology/portrait/header/432298-1780323348.jpg?lm=1,28.0,0.0,,https://www.transfermarkt.co.uk/zion-suzuki/profil/spieler/432298,IT1,Parma Calcio 1913,20000000.0,20000000.0,2024,Zion Suzuki,ITA-Serie A,2425,Parma,Zion Suzuki,JPN,GK,21,2002,36,36,3240,36.8,53,1.47,148,95,64.2,7,15,14,7,19.4,5,5,0,0,0.0,22.822724161533195,1474.0
459763,2025-06-17,25000000,Atalanta BC,800,IT1,Marco,Carnesecchi,Marco Carnesecchi,2025,800,marco-carnesecchi,Italy,Rimini  ,Italy,2000-07-01 00:00:00,Goalkeeper,Goalkeeper,right,191.0,2028-06-30 00:00:00,World Soccer Agency,https://img.a.transfermarkt.technology/portrait/header/459763-1695027944.jpg?lm=1,0.0,0.0,,https://www.transfermarkt.co.uk/marco-carnesecchi/profil/spieler/459763,IT1,Atalanta BC,30000000.0,30000000.0,2024,Marco Carnesecchi,ITA-Serie A,2425,Atalanta,Marco Carnesecchi,ITA,GK,24,2000,34,34,3060,34.0,34,1.0,132,98,74.2,19,7,8,13,38.2,2,2,0,0,0.0,24.960985626283367,1109.0
481675,2025-06-17,10000000,SS Lazio,398,IT1,Christos,Mandas,Christos Mandas,2025,398,christos-mandas,Greece,Piraeus  ,Greece,2001-09-17 00:00:00,Goalkeeper,Goalkeeper,right,189.0,2029-06-30 00:00:00,Gersh,https://img.a.transfermarkt.technology/portrait/header/481675-1724268727.jpg?lm=1,3.0,0.0,,https://www.transfermarkt.co.uk/christos-mandas/profil/spieler/481675,IT1,Società Sportiva Lazio S.p.A.,8000000.0,10000000.0,2024,Christos Mandas,ITA-Serie A,2425,Lazio,Christos Mandas,GRE,GK,22,2001,9,9,810,9.0,7,0.78,27,20,74.1,3,5,1,4,44.4,0,0,0,0,,23.748117727583846,1474.0
495722,2025-06-17,2000000,FC Empoli,749,IT1,Devis,Vásquez,Devis Vásquez,2025,12,devis-vasquez,Colombia,Barranquilla  ,Colombia,1998-05-12 00:00:00,Goalkeeper,Goalkeeper,right,195.0,2027-06-30 00:00:00,,https://img.a.transfermarkt.technology/portrait/header/495722-1770806559.jpg?lm=1,0.0,0.0,,https://www.transfermarkt.co.uk/devis-vasquez/profil/spieler/495722,IT1,Associazione Sportiva Roma,1500000.0,4000000.0,2024,Devis Vásquez,ITA-Serie A,2425,Empoli,Devis Vásquez,COL,GK,26,1998,32,32,2880,32.0,45,1.41,127,82,64.6,6,12,14,6,18.8,2,1,1,0,50.0,27.09924709103354,743.0
535740,2025-06-17,100000,Cagliari Calcio,1390,IT1,Giuseppe,Ciocci,Giuseppe Ciocci,2025,1390,giuseppe-ciocci,Italy,Cagliari  ,Italy,2002-01-24 00:00:00,Goalkeeper,Goalkeeper,right,193.0,2027-06-30 00:00:00,Reset Group Srl,https://img.a.transfermarkt.technology/portrait/header/535740-1767802954.jpg?lm=1,,,,https://www.transfermarkt.co.uk/giuseppe-ciocci/profil/spieler/535740,IT1,Cagliari Calcio,100000.0,300000.0,2024,Giuseppe Ciocci,ITA-Serie A,2425,Cagliari,Giuseppe Ciocci,ITA,GK,22,2002,1,0,9,0.1,0,0.0,0,0,,0,0,0,0,,0,0,0,0,,23.394934976043807,743.0
537171,2025-06-17,800000,AC Monza,2919,IT1,Semuel,Pizzignacco,Semuel Pizzignacco,2024,2919,semuel-pizzignacco,Italy,Monfalcone  ,Italy,2001-09-01 00:00:00,Goalkeeper,Goalkeeper,right,188.0,2027-06-30 00:00:00,Epic Sports Italy,https://img.a.transfermarkt.technology/portrait/header/537171-1725530533.jpg?lm=1,0.0,0.0,,https://www.transfermarkt.co.uk/semuel-pizzignacco/profil/spieler/537171,IT1,AC Monza,750000.0,800000.0,2024,Semuel Pizzignacco,ITA-Serie A,2425,Monza,Semuel Pizzignacco,ITA,GK,22,2001,9,8,736,8.2,17,2.08,40,23,57.5,1,2,5,1,12.5,0,0,0,0,,23.79192334017796,743.0
543666,2025-06-17,6500000,AC Monza,2919,IT1,Stefano,Turati,Stefano Turati,2025,6574,stefano-turati,Italy,Milano  ,Italy,2001-09-05 00:00:00,Goalkeeper,Goalkeeper,right,188.0,2028-06-30 00:00:00,LP Sport Management,https://img.a.transfermarkt.technology/portrait/header/543666-1686126590.jpg?lm=1,4.0,0.0,,https://www.transfermarkt.co.uk/stefano-turati/profil/spieler/543666,IT1,US Sassuolo,3000000.0,7500000.0,2024,Stefano Turati,ITA-Serie A,2425,Monza,Stefano Turati,ITA,GK,22,2001,30,30,2676,29.7,52,1.75,145,93,64.1,2,7,21,2,6.7,4,2,2,0,50.0,23.78097193702943,1109.0
552223,2025-06-17,6000000,Venezia FC,607,IT1,Filip,Stanković,Filip Stanković,2024,607,filip-stankovic,Italy,Roma  ,Serbia,2002-02-25 00:00:00,Goalkeeper,Goalkeeper,right,187.0,2029-06-30 00:00:00,Roc Nation Sports,https://img.a.transfermarkt.technology/portrait/header/552223-1677782675.PNG?lm=1,0.0,0.0,,https://www.transfermarkt.co.uk/filip-stankovic/profil/spieler/552223,IT1,Venezia FC,5000000.0,6000000.0,2024,Filip Stankovic,ITA-Serie A,2425,Venezia,Filip Stankovic,SRB,GK,22,2002,16,16,1367,15.2,23,1.51,84,61,72.6,2,6,8,0,0.0,5,4,1,0,20.0,23.307323750855577,1474.0
568617,2025-06-17,2500000,Udinese Calcio,410,IT1,Răzvan,Sava,Răzvan Sava,2025,410,razvan-sava,Romania,Timișoara  ,Romania,2002-06-21 00:00:00,Goalkeeper,Goalkeeper,right,197.0,2030-06-30 00:00:00,Elevenelite,https://img.a.transfermarkt.technology/portrait/header/568617-1730124399.jpg?lm=1,0.0,0.0,,https://www.transfermarkt.co.uk/razvan-sava/profil/spieler/568617,IT1,Udinese Calcio,2500000.0,2500000.0,2024,Razvan Sava,ITA-Serie A,2425,Udinese,Razvan Sava,ROU,GK,22,2002,12,12,1080,12.0,16,1.33,54,38,70.4,5,4,3,4,33.3,3,3,0,0,0.0,22.989733059548254,1839.0
668571,2025-06-17,175000,FC SILON Taborsko,28596,,Daniel,Kerl,Daniel Kerl,2025,197,daniel-kerl,,,Czech Republic,2001-01-14 00:00:00,Goalkeeper,Goalkeeper,right,197.0,,,https://img.a.transfermarkt.technology/portrait/header/default.jpg?lm=1,,,,https://www.transfermarkt.co.uk/daniel-kerl/profil/spieler/668571,TS1,AC Sparta Prague,200000.0,200000.0,2024,Daniel Peretz,,2425,Bayern Munich,Daniel Peretz,ISR,GK,24,2000,3,3,270,3.0,5,1.67,7,2,28.6,2,0,1,0,0.0,0,0,0,0,,24.421629021218344,0.0
333323,2025-06-18,550000,Djurgårdens IF,1044,SE1,Filip,Manojlovic,Filip Manojlovic,2025,1044,filip-manojlovic,Yugoslavia (Republic),Belgrade  ,Serbia,1996-04-25 00:00:00,Goalkeeper,Goalkeeper,right,197.0,2027-12-31 00:00:00,FPA,https://img.a.transfermarkt.technology/portrait/header/333323-1702404892.jpg?lm=1,1.0,0.0,,https://www.transfermarkt.co.uk/filip-manojlovic/profil/spieler/333323,SE1,Djurgårdens Idrottsförening,550000.0,1200000.0,2024,Filip Stankovic,ITA-Serie A,2425,Venezia,Filip Stankovic,SRB,GK,22,2002,16,16,1367,15.2,23,1.51,84,61,72.6,2,6,8,0,0.0,5,4,1,0,20.0,29.14715947980835,926.0
73396,2025-06-20,400000,Atlético Nacional,8172,COL1,David,Ospina,David Ospina,2025,8172,david-ospina,Colombia,Medellín  ,Colombia,1988-08-31 00:00:00,Goalkeeper,Goalkeeper,right,183.0,2026-06-30 00:00:00,Alinea,https://img.a.transfermarkt.technology/portrait/header/73396-1722444561.JPG?lm=1,131.0,0.0,3816.0,https://www.transfermarkt.co.uk/david-ospina/profil/spieler/73396,COL1,Atlético Nacional,100000.0,8000000.0,2024,David Soria,ESP-La Liga,2425,Getafe,David Soria,ESP,GK,31,1993,38,38,3420,38.0,39,1.03,128,89,69.5,11,9,18,9,23.7,9,8,1,0,11.1,36.80219028062971,375.0
325097,2025-06-20,150000,Atlético Bucaramanga,6495,COL1,Luis,Vásquez,Luis Vásquez,2025,6495,luis-vasquez,Colombia,Florida  ,Colombia,1996-03-01 00:00:00,Goalkeeper,Goalkeeper,right,187.0,2026-12-31 00:00:00,Elifootball,https://img.a.transfermarkt.technology/portrait/header/325097-1678592809.jpg?lm=1,2.0,0.0,,https://www.transfermarkt.co.uk/luis-vasquez/profil/spieler/325097,COL1,Atlético Bucaramanga,100000.0,500000.0,2024,Devis Vásquez,ITA-Serie A,2425,Empoli,Devis Vásquez,COL,GK,26,1998,32,32,2880,32.0,45,1.41,127,82,64.6,6,12,14,6,18.8,2,1,1,0,50.0,29.30321697467488,559.0
983609,2025-06-20,800000,Fortaleza CEIF,32041,COL1,Jordan,García,Jordan García,2025,4941,jordan-garcia,Colombia,El Retén  ,Colombia,2005-06-20 00:00:00,Goalkeeper,Goalkeeper,right,186.0,2029-12-31 00:00:00,HIJAR,https://img.a.transfermarkt.technology/portrait/header/983609-1740844253.jpeg?lm=1,19.0,0.0,,https://www.transfermarkt.co.uk/jordan-garcia/profil/spieler/983609,MEX1,Club León FC,2500000.0,2500000.0,2024,Joan García,ESP-La Liga,2425,Espanyol,Joan García,ESP,GK,23,2001,38,38,3420,38.0,51,1.34,194,143,73.7,11,9,18,8,21.1,6,4,2,0,33.3,20.0,1655.0
524937,2025-06-24,300000,SD Eibar,1533,ES1,Álex,Domínguez,Álex Domínguez,2025,415,alex-dominguez,Spain,Granollers  ,Spain,1998-07-30 00:00:00,Goalkeeper,Goalkeeper,left,187.0,2027-06-30 00:00:00,PHSPORT,https://img.a.transfermarkt.technology/portrait/header/524937-1708555939.jpg?lm=1,0.0,0.0,,https://www.transfermarkt.co.uk/alex-dominguez/profil/spieler/524937,FR1,FC Toulouse,200000.0,400000.0,2024,Álex Domínguez,FRA-Ligue 1,2425,Toulouse,Álex Domínguez,ESP,GK,26,1998,1,0,19,0.2,0,0.0,0,0,,0,0,0,1,,0,0,0,0,,26.902121834360027,736.0
636686,2025-06-25,200000,Real Valladolid Promesas,7078,,Arnau,Rafús,Arnau Rafús,2024,366,arnau-rafus,Spain,Vic  ,Spain,2003-04-27 00:00:00,Goalkeeper,Goalkeeper,,190.0,2026-06-30 00:00:00,,https://img.a.transfermarkt.technology/portrait/header/636686-1700776551.jpg?lm=1,,,,https://www.transfermarkt.co.uk/arnau-rafus/profil/spieler/636686,ES1,Real Valladolid CF,200000.0,200000.0,2024,Arnau Rafús,ESP-La Liga,2425,Valladolid,Arnau Rafús,ESP,GK,21,2003,1,1,90,1.0,2,2.0,2,0,0.0,0,0,1,0,0.0,0,0,0,0,,22.16290212183436,370.0
905220,2025-06-26,200000,Mjøndalen IF,11338,,Leander,Øy,Leander Øy,2025,10217,leander-oy,Norway,Årdal  ,Norway,2003-10-24 00:00:00,Goalkeeper,Goalkeeper,right,182.0,2026-12-31 00:00:00,Assist Management,https://img.a.transfermarkt.technology/portrait/header/default.jpg?lm=1,2.0,0.0,,https://www.transfermarkt.co.uk/leander-oy/profil/spieler/905220,NO1,Sarpsborg 08 Fotballforening,250000.0,250000.0,2024,Alexander Meyer,,2425,Dortmund,Alexander Meyer,GER,GK,33,1991,2,2,180,2.0,4,2.0,11,7,63.6,1,0,1,0,0.0,0,0,0,0,,21.672826830937716,553.0
140811,2025-06-27,500000,Club Athletico Paranaense,679,BRA1,,Santos,Santos,2025,679,santos,Brazil,Campina Grande  ,Brazil,1990-03-17 00:00:00,Goalkeeper,Goalkeeper,right,188.0,2026-12-31 00:00:00,Lipatin Sports,https://img.a.transfermarkt.technology/portrait/header/140811-1554731294.jpg?lm=1,0.0,0.0,,https://www.transfermarkt.co.uk/santos/profil/spieler/140811,BRA1,Clube Atlético Paranaense,400000.0,3500000.0,2024,Kauã Santos,,2425,Frankfurt,Kauã Santos,BRA,GK,21,2003,9,8,765,8.5,12,1.41,49,37,75.5,5,1,2,3,37.5,1,1,0,0,0.0,35.279945242984255,552.0
574303,2025-06-27,10000,HNK Vukovar 1991,456,KR1,Marino,Bulat,Marino Bulat,2025,456,marino-bulat,Croatia,Split  ,Croatia,1999-06-26 00:00:00,Goalkeeper,Goalkeeper,right,194.0,2026-05-30 00:00:00,,https://img.a.transfermarkt.technology/portrait/header/574303-1732992517.jpg?lm=1,,,,https://www.transfermarkt.co.uk/marino-bulat/profil/spieler/574303,KR1,HNK Vukovar 1991,250000.0,300000.0,2024,Marcin Bułka,FRA-Ligue 1,2425,Nice,Marcin Bułka,POL,GK,24,1999,34,34,3060,34.0,41,1.21,161,120,74.5,17,9,8,8,23.5,3,2,1,0,33.3,26.0041067761807,337.0
262105,2025-07-04,350000,FK Javor-Matis Ivanjica,8819,SER1,Nikola,Vasiljevic,Nikola Vasiljevic,2025,8819,nikola-vasiljevic,Yugoslavia (Republic),Niš  ,Serbia,1996-06-24 00:00:00,Goalkeeper,Goalkeeper,right,202.0,2027-06-30 00:00:00,,https://img.a.transfermarkt.technology/portrait/header/262105-1694785419.jpg?lm=1,0.0,0.0,,https://www.transfermarkt.co.uk/nikola-vasiljevic/profil/spieler/262105,SER1,FK Javor-Matis Ivanjica,350000.0,800000.0,2025,Nikola Vasilj,,2526,St Pauli,Nikola Vasilj,BIH,GK,29,1995,34,34,3060,34.0,60,1.76,183,123,67.2,6,8,20,5,14.7,6,3,2,1,40.0,29.026694045174537,726.0
73396,2025-09-15,300000,Atlético Nacional,8172,COL1,David,Ospina,David Ospina,2025,8172,david-ospina,Colombia,Medellín  ,Colombia,1988-08-31 00:00:00,Goalkeeper,Goalkeeper,right,183.0,2026-06-30 00:00:00,Alinea,https://img.a.transfermarkt.technology/portrait/header/73396-1722444561.JPG?lm=1,131.0,0.0,3816.0,https://www.transfermarkt.co.uk/david-ospina/profil/spieler/73396,COL1,Atlético Nacional,100000.0,8000000.0,2025,David Soria,ESP-La Liga,2526,Getafe,David Soria,ESP,GK,32,1993,38,38,3420,38.0,38,1.0,154,115,75.3,15,6,17,12,31.6,4,1,2,1,66.7,37.040383299110196,288.0
983609,2025-09-15,1000000,Fortaleza CEIF,32041,COL1,Jordan,García,Jordan García,2025,4941,jordan-garcia,Colombia,El Retén  ,Colombia,2005-06-20 00:00:00,Goalkeeper,Goalkeeper,right,186.0,2029-12-31 00:00:00,HIJAR,https://img.a.transfermarkt.technology/portrait/header/983609-1740844253.jpeg?lm=1,19.0,0.0,,https://www.transfermarkt.co.uk/jordan-garcia/profil/spieler/983609,MEX1,Club León FC,2500000.0,2500000.0,2025,Joan García,ESP-La Liga,2526,Barcelona,Joan García,ESP,GK,24,2001,30,30,2700,30.0,21,0.7,95,74,77.9,27,1,2,15,50.0,3,3,0,0,0.0,20.238193018480494,1568.0
262105,2025-09-16,400000,FK Javor-Matis Ivanjica,8819,SER1,Nikola,Vasiljevic,Nikola Vasiljevic,2025,8819,nikola-vasiljevic,Yugoslavia (Republic),Niš  ,Serbia,1996-06-24 00:00:00,Goalkeeper,Goalkeeper,right,202.0,2027-06-30 00:00:00,,https://img.a.transfermarkt.technology/portrait/header/262105-1694785419.jpg?lm=1,0.0,0.0,,https://www.transfermarkt.co.uk/nikola-vasiljevic/profil/spieler/262105,SER1,FK Javor-Matis Ivanjica,350000.0,800000.0,2025,Nikola Vasilj,,2526,St Pauli,Nikola Vasilj,BIH,GK,29,1995,34,34,3060,34.0,60,1.76,183,123,67.2,6,8,20,5,14.7,6,3,2,1,40.0,29.229295003422312,652.0
1193791,2025-10-01,100000,Union Saint-Gilloise,3948,BE1,Giorgi,Kavlashvili,Giorgi Kavlashvili,2025,3948,giorgi-kavlashvili,,,Georgia,2007-01-24 00:00:00,Goalkeeper,Goalkeeper,left,195.0,2028-06-30 00:00:00,GBM Sports Group.bv,https://img.a.transfermarkt.technology/portrait/header/1193791-1772107172.jpg?lm=1,0.0,0.0,,https://www.transfermarkt.co.uk/giorgi-kavlashvili/profil/spieler/1193791,BE1,Union Saint-Gilloise,100000.0,100000.0,2025,Giorgi Mamardashvili,ENG-Premier League,2526,Liverpool,Giorgi Mamardashvili,GEO,GK,24,2000,10,10,867,9.6,18,1.87,51,33,64.7,3,1,6,2,20.0,2,1,1,0,50.0,18.68583162217659,1003.0
74857,2025-10-02,8000000,FC Barcelona,131,ES1,Marc-André,ter Stegen,Marc-André ter Stegen,2025,131,marc-andre-ter-stegen,Germany,Mönchengladbach  ,Germany,1992-04-30 00:00:00,Goalkeeper,Goalkeeper,right,187.0,2028-06-30 00:00:00,ROOF,https://img.a.transfermarkt.technology/portrait/header/74857-1674465246.jpg?lm=1,44.0,0.0,,https://www.transfermarkt.co.uk/marc-andre-ter-stegen/profil/spieler/74857,ES1,FC Barcelona,3000000.0,90000000.0,2025,Marc-André ter Stegen,ESP-La Liga,2526,Girona,Marc-André ter Stegen,GER,GK,33,1992,2,2,180,2.0,2,1.0,6,4,66.7,0,1,1,0,0.0,0,0,0,0,,33.42368240930869,1002.0
212862,2025-10-02,15000000,Real Sociedad,681,ES1,Álex,Remiro,Álex Remiro,2025,681,alex-remiro,Spain,Cascante  ,Spain,1995-03-24 00:00:00,Goalkeeper,Goalkeeper,right,192.0,2027-06-30 00:00:00,Feel Winner,https://img.a.transfermarkt.technology/portrait/header/212862-1694594210.jpg?lm=1,2.0,0.0,,https://www.transfermarkt.co.uk/alex-remiro/profil/spieler/212862,ES1,Real Sociedad,9000000.0,25000000.0,2025,Álex Remiro,ESP-La Liga,2526,Real Sociedad,Álex Remiro,ESP,GK,30,1995,37,37,3330,37.0,60,1.62,159,99,62.3,11,12,14,3,8.1,5,5,0,0,0.0,30.527036276522928,636.0
284430,2025-10-02,2000000,Real Oviedo,2497,ES1,Aarón,Escandell,Aarón Escandell,2025,2497,aaron-escandell,Spain,Carcaixent  ,Spain,1995-09-27 00:00:00,Goalkeeper,Goalkeeper,right,186.0,2027-06-30 00:00:00,Goal Management,https://img.a.transfermarkt.technology/portrait/header/284430-1583309348.jpg?lm=1,,,,https://www.transfermarkt.co.uk/aaron-escandell/profil/spieler/284430,ES1,Real Oviedo,3000000.0,3000000.0,2025,Aarón Escandell,ESP-La Liga,2526,Oviedo,Aarón Escandell,ESP,GK,29,1995,36,36,3240,36.0,56,1.56,201,145,72.1,6,11,19,10,27.8,7,5,2,0,28.6,30.015058179329227,636.0
303657,2025-10-02,3500000,Celta de Vigo,940,ES1,Ionuț,Radu,Ionuț Radu,2025,940,ionut-radu,Romania,Bucharest  ,Romania,1997-05-28 00:00:00,Goalkeeper,Goalkeeper,right,188.0,2029-06-30 00:00:00,,https://img.a.transfermarkt.technology/portrait/header/303657-1699432718.jpg?lm=1,9.0,0.0,,https://www.transfermarkt.co.uk/ionut-radu/profil/spieler/303657,ES1,Celta de Vigo,9000000.0,15000000.0,2025,Ionuț Radu,ESP-La Liga,2526,Celta Vigo,Ionuț Radu,ROU,GK,28,1997,38,38,3420,38.0,48,1.26,159,111,69.8,14,12,12,10,26.3,11,6,2,3,25.0,28.347707049965777,1367.0
466783,2025-10-02,4000000,Villarreal CF,1050,ES1,Arnau,Tenas,Arnau Tenas,2025,1050,arnau-tenas,Spain,Vic  ,Spain,2001-05-30 00:00:00,Goalkeeper,Goalkeeper,right,185.0,2029-06-30 00:00:00,De la Peña & Sostres,https://img.a.transfermarkt.technology/portrait/header/466783-1701444229.jpg?lm=1,0.0,0.0,,https://www.transfermarkt.co.uk/arnau-tenas/profil/spieler/466783,ES1,Villarreal CF,4000000.0,5000000.0,2025,Arnau Tenas,ESP-La Liga,2526,Villarreal,Arnau Tenas,ESP,GK,24,2001,10,10,900,10.0,16,1.6,46,30,65.2,4,3,3,0,0.0,2,2,0,0,0.0,24.34223134839151,1367.0
1169436,2025-10-02,400000,Girona FC,12321,ES1,Vladyslav,Krapyvtsov,Vladyslav Krapyvtsov,2025,12321,vladyslav-krapyvtsov,Ukraine,Kharkiv  ,Ukraine,2005-06-25 00:00:00,Goalkeeper,Goalkeeper,right,188.0,2029-06-30 00:00:00,ProStar,https://img.a.transfermarkt.technology/portrait/header/1169436-1692105603.png?lm=1,4.0,0.0,,https://www.transfermarkt.co.uk/vladyslav-krapyvtsov/profil/spieler/1169436,ES1,Girona FC,300000.0,400000.0,2025,Vladyslav Krapyvtsov,ESP-La Liga,2526,Girona,Vladyslav Krapyvtsov,UKR,GK,20,2005,2,1,136,1.5,6,3.97,10,4,40.0,0,0,1,0,0.0,1,1,0,0,0.0,20.27104722792608,1367.0
916430,2025-10-06,1200000,AC Reggiana 1919,5621,,Edoardo,Motta,Edoardo Motta,2025,398,edoardo-motta,Italy,Biella  ,Italy,2005-01-13 00:00:00,Goalkeeper,Goalkeeper,right,194.0,2030-06-30 00:00:00,Un1que Football,https://img.a.transfermarkt.technology/portrait/header/916430-1745844405.jpg?lm=1,1.0,0.0,,https://www.transfermarkt.co.uk/edoardo-motta/profil/spieler/916430,IT1,Società Sportiva Lazio S.p.A.,8000000.0,8000000.0,2025,Edoardo Motta,ITA-Serie A,2526,Lazio,Edoardo Motta,ITA,GK,20,2005,9,9,810,9.0,10,1.11,32,22,68.8,5,2,2,3,33.3,1,0,1,0,100.0,20.72826830937714,1728.0
238993,2025-10-07,1400000,Pisa Sporting Club,4172,IT1,Simone,Scuffet,Simone Scuffet,2025,4172,simone-scuffet,Italy,Udine  ,Italy,1996-05-31 00:00:00,Goalkeeper,Goalkeeper,right,193.0,2028-06-30 00:00:00,,https://img.a.transfermarkt.technology/portrait/header/238993-1753431413.jpg?lm=1,0.0,0.0,,https://www.transfermarkt.co.uk/simone-scuffet/profil/spieler/238993,IT1,Pisa Sporting Club,900000.0,6000000.0,2025,Simone Scuffet,ITA-Serie A,2526,Pisa,Simone Scuffet,ITA,GK,29,1996,7,7,630,7.0,15,2.14,29,14,48.3,0,3,4,1,14.3,3,3,0,0,0.0,29.352498288843258,997.0
257474,2025-10-07,18000000,SSC Napoli,6195,IT1,Vanja,Milinković-Savić,Vanja Milinković-Savić,2025,6195,vanja-milinkovic-savic,Spain,Ourense  ,Serbia,1997-02-20 00:00:00,Goalkeeper,Goalkeeper,right,202.0,2030-06-30 00:00:00,DOO Magnum,https://img.a.transfermarkt.technology/portrait/header/257474-1730125139.jpg?lm=1,20.0,0.0,,https://www.transfermarkt.co.uk/vanja-milinkovic-savic/profil/spieler/257474,IT1,SSC Napoli,20000000.0,20000000.0,2025,Vanja Milinković-Savić,ITA-Serie A,2526,Napoli,Vanja Milinković-Savić,SRB,GK,28,1997,27,27,2430,27.0,24,0.89,77,52,68.8,14,7,6,11,40.7,8,5,3,0,37.5,28.62696783025325,1727.0
371021,2025-10-07,7500000,US Sassuolo,6574,IT1,Arijanet,Murić,Arijanet Murić,2025,6574,arijanet-muric,Switzerland,Schlieren  ,Kosovo,1998-11-07 00:00:00,Goalkeeper,Goalkeeper,right,198.0,,11WINS,https://img.a.transfermarkt.technology/portrait/header/371021-1685718424.jpg?lm=1,51.0,0.0,,https://www.transfermarkt.co.uk/arijanet-muric/profil/spieler/371021,IT1,US Sassuolo,7500000.0,12000000.0,2025,Arijanet Muric,ITA-Serie A,2526,Sassuolo,Arijanet Muric,KVX,GK,26,1998,32,32,2880,32.0,43,1.34,161,118,73.3,12,6,14,6,18.8,6,5,1,0,16.7,26.915811088295687,0.0
421873,2025-10-07,11000000,Cagliari Calcio,1390,IT1,Elia,Caprile,Elia Caprile,2025,1390,elia-caprile,Italy,Verona  ,Italy,2001-08-25 00:00:00,Goalkeeper,Goalkeeper,right,191.0,2029-06-30 00:00:00,GB1,https://img.a.transfermarkt.technology/portrait/header/421873-1704902651.jpg?lm=1,0.0,0.0,,https://www.transfermarkt.co.uk/elia-caprile/profil/spieler/421873,IT1,Cagliari Calcio,15000000.0,15000000.0,2025,Elia Caprile,ITA-Serie A,2526,Cagliari,Elia Caprile,ITA,GK,23,2001,38,38,3420,38.0,53,1.39,175,121,69.7,11,10,17,8,21.1,2,2,0,0,0.0,24.11772758384668,1362.0
543666,2025-10-07,4500000,US Sassuolo,6574,IT1,Stefano,Turati,Stefano Turati,2025,6574,stefano-turati,Italy,Milano  ,Italy,2001-09-05 00:00:00,Goalkeeper,Goalkeeper,right,188.0,2028-06-30 00:00:00,LP Sport Management,https://img.a.transfermarkt.technology/portrait/header/543666-1686126590.jpg?lm=1,4.0,0.0,,https://www.transfermarkt.co.uk/stefano-turati/profil/spieler/543666,IT1,US Sassuolo,3000000.0,7500000.0,2025,Stefano Turati,ITA-Serie A,2526,Sassuolo,Stefano Turati,ITA,GK,23,2001,6,6,532,5.9,7,1.18,22,15,68.2,2,1,3,2,33.3,0,0,0,0,,24.087611225188226,997.0
992569,2025-10-07,500000,Bologna FC 1909,1025,IT1,Massimo,Pessina,Massimo Pessina,2025,1025,massimo-pessina,Italy,Alzano Lombardo  ,Italy,2007-12-25 00:00:00,Goalkeeper,Goalkeeper,right,188.0,2029-06-30 00:00:00,BC Group,https://img.a.transfermarkt.technology/portrait/header/992569-1762757870.jpg?lm=1,12.0,0.0,,https://www.transfermarkt.co.uk/massimo-pessina/profil/spieler/992569,IT1,Bologna Football Club 1909,3500000.0,3500000.0,2025,Massimo Pessina,ITA-Serie A,2526,Bologna,Massimo Pessina,ITA,GK,17,2007,4,3,353,3.9,2,0.51,9,7,77.8,2,1,0,3,100.0,0,0,0,0,,17.78507871321013,1362.0
164904,2025-10-10,1000000,Le Havre AC,738,FR1,Mory,Diaw,Mory Diaw,2025,738,mory-diaw,France,Poissy  ,Senegal,1993-06-22 00:00:00,Goalkeeper,Goalkeeper,right,197.0,2027-06-30 00:00:00,,https://img.a.transfermarkt.technology/portrait/header/164904-1782195360.jpg?lm=1,8.0,0.0,,https://www.transfermarkt.co.uk/mory-diaw/profil/spieler/164904,FR1,Le Havre AC,900000.0,2000000.0,2025,Mory Diaw,FRA-Ligue 1,2526,Le Havre,Mory Diaw,SEN,GK,32,1993,30,30,2655,29.5,41,1.39,121,80,66.1,6,12,12,7,23.3,8,6,2,0,25.0,32.30116358658453,628.0
282028,2025-10-10,2000000,Olympique Lyon,1041,FR1,Rémy,Descamps,Rémy Descamps,2025,1041,remy-descamps,France,Marcq-en-Barœul  ,France,1996-06-25 00:00:00,Goalkeeper,Goalkeeper,both,196.0,2029-06-30 00:00:00,BESTWAY SOCCER,https://img.a.transfermarkt.technology/portrait/header/282028-1608790532.jpg?lm=1,0.0,0.0,,https://www.transfermarkt.co.uk/remy-descamps/profil/spieler/282028,FR1,Olympique Lyon,1500000.0,2000000.0,2025,Rémy Descamps,FRA-Ligue 1,2526,Lyon,Rémy Descamps,FRA,GK,29,1996,5,5,450,5.0,3,0.6,17,14,82.4,3,1,1,4,80.0,0,0,0,0,,29.29226557152635,1359.0
318470,2025-10-10,18000000,Paris Saint-Germain,583,FR1,Matvey,Safonov,Matvey Safonov,2025,583,matvey-safonov,Russia,Krasnodar  ,Russia,1999-02-25 00:00:00,Goalkeeper,Goalkeeper,right,192.0,2029-06-30 00:00:00,BUILD-UP,https://img.a.transfermarkt.technology/portrait/header/318470-1732658603.jpg?lm=1,18.0,0.0,,https://www.transfermarkt.co.uk/matvey-safonov/profil/spieler/318470,FR1,Paris Saint-Germain,30000000.0,30000000.0,2025,Matvei Safonov,FRA-Ligue 1,2526,Paris SG,Matvei Safonov,RUS,GK,26,1999,15,15,1350,15.0,14,0.93,54,40,74.1,11,0,4,8,53.3,1,0,1,0,100.0,26.622861054072555,1359.0
346546,2025-10-10,5000000,Stade Brestois 29,3911,FR1,Radoslaw,Majecki,Radoslaw Majecki,2025,3911,radoslaw-majecki,Poland,Starachowice  ,Poland,1999-11-16 00:00:00,Goalkeeper,Goalkeeper,right,193.0,2028-06-30 00:00:00,ROOF,https://img.a.transfermarkt.technology/portrait/header/346546-1672484869.jpg?lm=1,1.0,0.0,,https://www.transfermarkt.co.uk/radoslaw-majecki/profil/spieler/346546,FR1,Stade Brestois 29,2500000.0,7000000.0,2025,Radosław Majecki,FRA-Ligue 1,2526,Brest,Radosław Majecki,POL,GK,25,1999,10,10,864,9.6,18,1.87,44,26,59.1,1,4,5,3,30.0,1,1,0,0,0.0,25.900068446269678,994.0
361256,2025-10-10,8000000,LOSC Lille,1082,FR1,Berke,Özer,Berke Özer,2025,1082,berke-ozer,Türkiye,İzmir  ,Türkiye,2000-05-25 00:00:00,Goalkeeper,Goalkeeper,right,191.0,2029-06-30 00:00:00,Gold and Foot,https://img.a.transfermarkt.technology/portrait/header/361256-1773343032.jpg?lm=1,2.0,0.0,,https://www.transfermarkt.co.uk/berke-ozer/profil/spieler/361256,FR1,LOSC Lille,10000000.0,10000000.0,2025,Berke Özer,FRA-Ligue 1,2526,Lille,Berke Özer,TUR,GK,25,2000,32,32,2834,31.5,34,1.08,105,70,67.6,18,7,7,13,40.6,3,1,1,1,50.0,25.377138945927445,1359.0
463600,2025-10-10,40000000,Paris Saint-Germain,583,FR1,Lucas,Chevalier,Lucas Chevalier,2025,583,lucas-chevalier,France,Calais  ,France,2001-11-06 00:00:00,Goalkeeper,Goalkeeper,right,189.0,2030-06-30 00:00:00,,https://img.a.transfermarkt.technology/portrait/header/463600-1708342501.jpg?lm=1,1.0,0.0,,https://www.transfermarkt.co.uk/lucas-chevalier/profil/spieler/463600,FR1,Paris Saint-Germain,25000000.0,40000000.0,2025,Lucas Chevalier,FRA-Ligue 1,2526,Paris SG,Lucas Chevalier,FRA,GK,23,2001,17,17,1530,17.0,13,0.76,45,32,71.1,12,3,2,9,52.9,3,1,1,1,50.0,23.926078028747433,1724.0
743515,2025-10-10,5000000,RC Lens,826,FR1,Robin,Risser,Robin Risser,2025,826,robin-risser,France,Colmar  ,France,2004-12-02 00:00:00,Goalkeeper,Goalkeeper,right,193.0,2030-06-30 00:00:00,Carmenta,https://img.a.transfermarkt.technology/portrait/header/743515-1732575159.png?lm=1,0.0,0.0,,https://www.transfermarkt.co.uk/robin-risser/profil/spieler/743515,FR1,RC Lens,30000000.0,30000000.0,2025,Robin Risser,FRA-Ligue 1,2526,Lens,Robin Risser,FRA,GK,20,2004,33,33,2970,33.0,35,1.06,111,76,68.5,21,4,8,11,33.3,6,3,2,1,40.0,20.854209445585216,1724.0
750878,2025-10-10,7000000,Paris FC,10004,FR1,Obed,Nkambadio,Obed Nkambadio,2025,10004,obed-nkambadio,France,Paris  ,France,2003-02-07 00:00:00,Goalkeeper,Goalkeeper,right,190.0,2027-06-30 00:00:00,Mickael Libong,https://img.a.transfermarkt.technology/portrait/header/750878-1750172738.jpg?lm=1,1.0,0.0,,https://www.transfermarkt.co.uk/obed-nkambadio/profil/spieler/750878,FR1,Paris FC,5000000.0,7000000.0,2025,Obed Nkambadio,FRA-Ligue 1,2526,Paris FC,Obed Nkambadio,FRA,GK,22,2003,12,12,1080,12.0,21,1.75,47,26,55.3,3,3,6,1,8.3,4,2,1,1,33.3,22.67214236824093,628.0
84993,2025-10-14,1200000,Hamburger SV,41,L1,Daniel,Heuer Fernandes,Daniel Heuer Fernandes,2025,41,daniel-heuer-fernandes,Germany,Bochum  ,Portugal,1992-11-13 00:00:00,Goalkeeper,Goalkeeper,right,188.0,2028-06-30 00:00:00,ROOF,https://img.a.transfermarkt.technology/portrait/header/84993-1758189215.jpg?lm=1,6.0,0.0,,https://www.transfermarkt.co.uk/daniel-heuer-fernandes/profil/spieler/84993,L1,Hamburger SV,1200000.0,1250000.0,2025,Daniel Heuer Fernandes,,2526,Hamburger SV,Daniel Heuer Fernandes,POR,GK,32,1992,33,33,2970,33.0,53,1.61,158,105,66.5,9,10,14,6,18.2,10,6,2,2,25.0,32.917180013689254,990.0
160929,2025-10-14,3000000,1.FC Köln,3,L1,Marvin,Schwäbe,Marvin Schwäbe,2025,3,marvin-schwabe,Germany,Dieburg  ,Germany,1995-04-25 00:00:00,Goalkeeper,Goalkeeper,right,190.0,2027-06-30 00:00:00,,https://img.a.transfermarkt.technology/portrait/header/160929-1721140634.jpg?lm=1,4.0,0.0,,https://www.transfermarkt.co.uk/marvin-schwabe/profil/spieler/160929,L1,1.FC Köln,3000000.0,7000000.0,2025,Marvin Schwäbe,,2526,Köln,Marvin Schwäbe,GER,GK,30,1995,34,34,3060,34.0,63,1.85,155,92,59.4,7,11,16,3,8.8,7,5,2,0,28.6,30.472279260780287,624.0
248454,2025-10-14,4500000,FC St. Pauli,35,L1,Nikola,Vasilj,Nikola Vasilj,2025,35,nikola-vasilj,Bosnia-Herzegovina,Mostar  ,Bosnia-Herzegovina,1995-12-02 00:00:00,Goalkeeper,Goalkeeper,right,193.0,,,https://img.a.transfermarkt.technology/portrait/header/248454-1755032189.jpg?lm=1,30.0,0.0,,https://www.transfermarkt.co.uk/nikola-vasilj/profil/spieler/248454,L1,FC St. Pauli,4500000.0,4500000.0,2025,Nikola Vasilj,,2526,St Pauli,Nikola Vasilj,BIH,GK,29,1995,34,34,3060,34.0,60,1.76,183,123,67.2,6,8,20,5,14.7,6,3,2,1,40.0,29.867214236824093,0.0
251299,2025-10-14,12000000,FC Augsburg,167,L1,Finn,Dahmen,Finn Dahmen,2025,167,finn-dahmen,Germany,Wiesbaden  ,Germany,1998-03-27 00:00:00,Goalkeeper,Goalkeeper,right,186.0,2027-06-30 00:00:00,CN Sports,https://img.a.transfermarkt.technology/portrait/header/251299-1755200500.jpg?lm=1,0.0,0.0,,https://www.transfermarkt.co.uk/finn-dahmen/profil/spieler/251299,L1,FC Augsburg,12000000.0,12000000.0,2025,Finn Dahmen,,2526,Augsburg,Finn Dahmen,GER,GK,27,1998,34,34,3060,34.0,61,1.79,166,105,63.3,12,7,15,5,14.7,7,6,1,0,14.3,27.550992470910334,624.0
620295,2025-10-14,4000000,SV Werder Bremen,86,L1,Mio,Backhaus,Mio Backhaus,2025,86,mio-backhaus,Germany,Mönchengladbach  ,Germany,2004-04-16 00:00:00,Goalkeeper,Goalkeeper,right,194.0,,feel soccer GmbH,https://img.a.transfermarkt.technology/portrait/header/620295-1756027825.jpg?lm=1,5.0,0.0,,https://www.transfermarkt.co.uk/mio-backhaus/profil/spieler/620295,L1,SV Werder Bremen,15000000.0,15000000.0,2025,Mio Backhaus,,2526,Werder Bremen,Mio Backhaus,GER,GK,21,2004,32,32,2880,32.0,56,1.75,156,100,64.1,7,8,17,5,15.6,5,5,0,0,0.0,21.49486652977413,0.0
997861,2025-10-14,10000000,Eintracht Frankfurt,24,L1,Kauã,Santos,Kauã Santos,2025,24,kaua-santos,Brazil,Vassouras  ,Brazil,2003-04-11 00:00:00,Goalkeeper,Goalkeeper,right,196.0,2030-06-30 00:00:00,,https://img.a.transfermarkt.technology/portrait/header/997861-1696509170.jpg?lm=1,2.0,0.0,,https://www.transfermarkt.co.uk/kaua-santos/profil/spieler/997861,L1,Eintracht Frankfurt,7000000.0,10000000.0,2025,Kauã Santos,,2526,Frankfurt,Kauã Santos,BRA,GK,22,2003,13,13,1084,12.0,32,2.66,69,37,53.6,3,4,6,2,15.4,1,1,0,0,0.0,22.510609171800137,1720.0
85941,2025-10-17,6000000,Manchester City,281,GB1,Stefan,Ortega,Stefan Ortega,2025,281,stefan-ortega,Germany,Hofgeismar  ,Germany,1992-11-06 00:00:00,Goalkeeper,Goalkeeper,right,185.0,,,https://img.a.transfermarkt.technology/portrait/header/85941-1668065114.jpg?lm=1,0.0,0.0,,https://www.transfermarkt.co.uk/stefan-ortega/profil/spieler/85941,GB1,Manchester City,4000000.0,9000000.0,2025,Stefan Ortega,ENG-Premier League,2526,Nottingham,Stefan Ortega,GER,GK,32,1992,3,3,270,3.0,4,1.33,12,8,66.7,0,1,2,1,33.3,0,0,0,0,,32.94455852156057,0.0
111873,2025-10-17,16000000,Aston Villa,405,GB1,Emiliano,Martínez,Emiliano Martínez,2025,405,emiliano-martinez,Argentina,Mar del Plata  ,Argentina,1992-09-02 00:00:00,Goalkeeper,Goalkeeper,right,195.0,2029-06-30 00:00:00,Universal Twenty Two,https://img.a.transfermarkt.technology/portrait/header/111873-1668180824.jpg?lm=1,64.0,0.0,,https://www.transfermarkt.co.uk/emiliano-martinez/profil/spieler/111873,GB1,Aston Villa,12000000.0,35000000.0,2025,Emiliano Martínez,ENG-Premier League,2526,Aston Villa,Emiliano Martínez,ARG,GK,32,1992,32,32,2835,31.5,39,1.24,134,95,70.9,16,6,10,8,25.0,1,0,1,0,100.0,33.12251882272416,1352.0
192279,2025-10-17,8000000,Arsenal FC,11,GB1,Kepa,Arrizabalaga,Kepa Arrizabalaga,2025,11,kepa-arrizabalaga,Spain,Ondarroa  ,Spain,1994-10-03 00:00:00,Goalkeeper,Goalkeeper,right,188.0,2028-06-30 00:00:00,AC Talent,https://img.a.transfermarkt.technology/portrait/header/192279-1661855851.jpg?lm=1,13.0,0.0,,https://www.transfermarkt.co.uk/kepa-arrizabalaga/profil/spieler/192279,GB1,Arsenal FC,5000000.0,60000000.0,2025,Kepa Arrizabalaga,ENG-Premier League,2526,Arsenal,Kepa Arrizabalaga,ESP,GK,30,1994,1,1,90,1.0,1,1.0,3,2,66.7,1,0,0,0,0.0,0,0,0,0,,31.039014373716633,987.0
258919,2025-10-17,25000000,Crystal Palace,873,GB1,Dean,Henderson,Dean Henderson,2025,873,dean-henderson,England,Whitehaven  ,England,1997-03-12 00:00:00,Goalkeeper,Goalkeeper,right,188.0,2028-06-30 00:00:00,Unique Sports Group,https://img.a.transfermarkt.technology/portrait/header/258919-1716297478.jpg?lm=1,5.0,0.0,,https://www.transfermarkt.co.uk/dean-henderson/profil/spieler/258919,GB1,Crystal Palace,28000000.0,28000000.0,2025,Dean Henderson,ENG-Premier League,2526,Crystal Palace,Dean Henderson,ENG,GK,28,1997,37,37,3330,37.0,51,1.38,156,104,67.3,11,11,15,11,29.7,6,5,1,0,16.7,28.59958932238193,987.0
296802,2025-10-17,6000000,Crystal Palace,873,GB1,Walter,Benítez,Walter Benítez,2025,873,walter-benitez,Argentina,General San Martín  ,Argentina,1993-01-19 00:00:00,Goalkeeper,Goalkeeper,right,191.0,2028-06-30 00:00:00,KMB,https://img.a.transfermarkt.technology/portrait/header/296802-1682332928.jpg?lm=1,1.0,0.0,,https://www.transfermarkt.co.uk/walter-benitez/profil/spieler/296802,GB1,Crystal Palace,4000000.0,14000000.0,2025,Walter Benítez,ENG-Premier League,2526,Crystal Palace,Walter Benítez,ARG,GK,32,1993,1,1,90,1.0,0,0.0,3,3,100.0,0,1,0,1,100.0,1,0,0,1,,32.7419575633128,987.0
352041,2025-10-17,16000000,Leeds United,399,GB1,Lucas,Perri,Lucas Perri,2025,399,lucas-perri,Brazil,Valinhos  ,Brazil,1997-12-10 00:00:00,Goalkeeper,Goalkeeper,right,197.0,2029-06-30 00:00:00,LEFT Sports,https://img.a.transfermarkt.technology/portrait/header/352041-1733188777.jpg?lm=1,0.0,0.0,,https://www.transfermarkt.co.uk/lucas-perri/profil/spieler/352041,GB1,Leeds United,10000000.0,16000000.0,2025,Lucas Perri,ENG-Premier League,2526,Leeds United,Lucas Perri,BRA,GK,27,1997,16,16,1440,16.0,29,1.81,67,38,56.7,4,6,6,3,18.8,4,4,0,0,0.0,27.852156057494867,1352.0
400536,2025-10-17,18000000,West Ham United,379,GB1,Mads,Hermansen,Mads Hermansen,2025,379,mads-hermansen,Denmark,Odense  ,Denmark,2000-07-11 00:00:00,Goalkeeper,Goalkeeper,right,187.0,2030-06-30 00:00:00,CAA Stellar,https://img.a.transfermarkt.technology/portrait/header/400536-1707386039.jpg?lm=1,3.0,0.0,,https://www.transfermarkt.co.uk/mads-hermansen/profil/spieler/400536,GB1,West Ham United,15000000.0,18000000.0,2025,Mads Hermansen,ENG-Premier League,2526,West Ham,Mads Hermansen,DEN,GK,25,2000,18,18,1620,18.0,28,1.56,82,53,65.9,6,4,8,7,38.9,1,1,0,0,0.0,25.267624914442163,1717.0
427568,2025-10-17,14000000,Newcastle United,762,GB1,Aaron,Ramsdale,Aaron Ramsdale,2025,762,aaron-ramsdale,England,Stoke-on-Trent  ,England,1998-05-14 00:00:00,Goalkeeper,Goalkeeper,right,190.0,2028-06-30 00:00:00,World in Motion,https://img.a.transfermarkt.technology/portrait/header/427568-1681828000.jpg?lm=1,5.0,0.0,,https://www.transfermarkt.co.uk/aaron-ramsdale/profil/spieler/427568,GB1,Newcastle United,12000000.0,40000000.0,2025,Aaron Ramsdale,ENG-Premier League,2526,Newcastle,Aaron Ramsdale,ENG,GK,27,1998,12,11,1004,11.2,17,1.52,41,24,58.5,4,2,5,1,9.1,3,3,0,0,0.0,27.42778918548939,987.0
502676,2025-10-17,28000000,Liverpool FC,31,GB1,Giorgi,Mamardashvili,Giorgi Mamardashvili,2025,31,giorgi-mamardashvili,Georgia,Tiflis  ,Georgia,2000-09-29 00:00:00,Goalkeeper,Goalkeeper,left,197.0,2031-06-30 00:00:00,Free Football,https://img.a.transfermarkt.technology/portrait/header/502676-1716542116.jpg?lm=1,38.0,0.0,,https://www.transfermarkt.co.uk/giorgi-mamardashvili/profil/spieler/502676,GB1,Liverpool FC,28000000.0,45000000.0,2025,Giorgi Mamardashvili,ENG-Premier League,2526,Liverpool,Giorgi Mamardashvili,GEO,GK,24,2000,10,10,867,9.6,18,1.87,51,33,64.7,3,1,6,2,20.0,2,1,1,0,50.0,25.048596851471594,2082.0
503883,2025-10-17,20000000,Manchester United,985,GB1,Senne,Lammens,Senne Lammens,2025,1096,senne-lammens,Belgium,Zottegem  ,Belgium,2002-07-07 00:00:00,Goalkeeper,Goalkeeper,right,193.0,2030-06-30 00:00:00,PROFI-MANAGEMENT,https://img.a.transfermarkt.technology/portrait/header/503883-1755675220.jpg?lm=1,3.0,0.0,,https://www.transfermarkt.co.uk/senne-lammens/profil/spieler/503883,BE1,Royal Antwerp FC,35000000.0,35000000.0,2025,Senne Lammens,ENG-Premier League,2526,Manchester Utd,Senne Lammens,BEL,GK,23,2002,32,32,2880,32.0,39,1.22,118,78,66.9,18,10,4,8,25.0,4,4,0,0,0.0,23.279945242984258,1717.0
565093,2025-10-17,35000000,Brighton & Hove Albion,1237,GB1,Bart,Verbruggen,Bart Verbruggen,2025,1237,bart-verbruggen,Netherlands,Zwolle  ,Netherlands,2002-08-18 00:00:00,Goalkeeper,Goalkeeper,right,193.0,2028-06-30 00:00:00,Stirr Associates,https://img.a.transfermarkt.technology/portrait/header/565093-1716990260.jpg?lm=1,33.0,0.0,,https://www.transfermarkt.co.uk/bart-verbruggen/profil/spieler/565093,GB1,Brighton & Hove Albion,40000000.0,40000000.0,2025,Bart Verbruggen,ENG-Premier League,2526,Brighton,Bart Verbruggen,NED,GK,22,2002,38,38,3420,38.0,46,1.21,151,103,69.5,14,11,13,10,26.3,6,5,1,0,16.7,23.16495550992471,987.0
566799,2025-10-17,30000000,Manchester City,281,GB1,James,Trafford,James Trafford,2025,281,james-trafford,England,Greysouthen  ,England,2002-10-10 00:00:00,Goalkeeper,Goalkeeper,right,192.0,2030-06-30 00:00:00,,https://img.a.transfermarkt.technology/portrait/header/566799-1689876147.jpg?lm=1,2.0,0.0,,https://www.transfermarkt.co.uk/james-trafford/profil/spieler/566799,GB1,Manchester City,25000000.0,30000000.0,2025,James Trafford,ENG-Premier League,2526,Manchester City,James Trafford,ENG,GK,22,2002,4,4,360,4.0,6,1.5,20,14,70.0,1,0,3,1,25.0,1,1,0,0,0.0,23.019849418206707,1717.0
646991,2025-10-17,12000000,Sunderland AFC,289,GB1,Robin,Roefs,Robin Roefs,2025,289,robin-roefs,Netherlands,Heeswijk  ,Netherlands,2003-01-17 00:00:00,Goalkeeper,Goalkeeper,left,193.0,2030-06-30 00:00:00,SEG,https://img.a.transfermarkt.technology/portrait/header/646991-1723035894.jpg?lm=1,1.0,0.0,,https://www.transfermarkt.co.uk/robin-roefs/profil/spieler/646991,GB1,Sunderland AFC,28000000.0,28000000.0,2025,Robin Roefs,ENG-Premier League,2526,Sunderland,Robin Roefs,NED,GK,22,2003,35,35,3150,35.0,46,1.31,154,108,70.1,12,12,11,10,28.6,3,2,1,0,33.3,22.748802190280628,1717.0
60543,2025-10-21,250000,Without Club,515,,Mathieu,Gorgelin,Mathieu Gorgelin,2025,826,mathieu-gorgelin,France,Ambérieu-en-Bugey  ,France,1990-08-05 00:00:00,Goalkeeper,Goalkeeper,left,187.0,,,https://img.a.transfermarkt.technology/portrait/header/60543-1704795204.jpg?lm=1,1.0,0.0,,https://www.transfermarkt.co.uk/mathieu-gorgelin/profil/spieler/60543,FR1,RC Lens,200000.0,1000000.0,2025,Mathieu Gorgelin,FRA-Ligue 1,2526,Lens,Mathieu Gorgelin,FRA,GK,34,1990,1,1,90,1.0,0,0.0,4,4,100.0,1,0,0,1,100.0,0,0,0,0,,35.21149897330596,0.0
605426,2025-11-19,500000,Malmö FF,496,SE1,Melker,Ellborg,Melker Ellborg,2025,289,melker-ellborg,Sweden,Kalmar  ,Sweden,2003-05-22 00:00:00,Goalkeeper,Goalkeeper,right,191.0,2030-06-30 00:00:00,MD Management,https://img.a.transfermarkt.technology/portrait/header/605426-1740563649.jpg?lm=1,0.0,0.0,,https://www.transfermarkt.co.uk/melker-ellborg/profil/spieler/605426,GB1,Sunderland AFC,3000000.0,3000000.0,2025,Melker Ellborg,ENG-Premier League,2526,Sunderland,Melker Ellborg,SWE,GK,22,2003,3,3,270,3.0,2,0.67,12,10,83.3,2,0,1,1,33.3,0,0,0,0,,22.496919917864478,1684.0
140811,2025-11-24,400000,Club Athletico Paranaense,679,BRA1,,Santos,Santos,2025,679,santos,Brazil,Campina Grande  ,Brazil,1990-03-17 00:00:00,Goalkeeper,Goalkeeper,right,188.0,2026-12-31 00:00:00,Lipatin Sports,https://img.a.transfermarkt.technology/portrait/header/140811-1554731294.jpg?lm=1,0.0,0.0,,https://www.transfermarkt.co.uk/santos/profil/spieler/140811,BRA1,Clube Atlético Paranaense,400000.0,3500000.0,2025,Kauã Santos,,2526,Frankfurt,Kauã Santos,BRA,GK,22,2003,13,13,1084,12.0,32,2.66,69,37,53.6,3,4,6,2,15.4,1,1,0,0,0.0,35.690622861054074,402.0
315121,2025-12-02,4000000,Feyenoord Rotterdam,234,NL1,Justin,Bijlow,Justin Bijlow,2025,234,justin-bijlow,Netherlands,Rotterdam  ,Netherlands,1998-01-22 00:00:00,Goalkeeper,Goalkeeper,right,188.0,2029-06-30 00:00:00,SEG,https://img.a.transfermarkt.technology/portrait/header/315121-1676465549.jpg?lm=1,8.0,0.0,,https://www.transfermarkt.co.uk/justin-bijlow/profil/spieler/315121,NL1,Feyenoord Rotterdam,4000000.0,15000000.0,2025,Justin Bijlow,ITA-Serie A,2526,Genoa,Justin Bijlow,NED,GK,27,1998,16,16,1395,15.5,20,1.29,65,45,69.2,6,3,7,5,31.3,5,5,0,0,0.0,27.860369609856264,1306.0
73396,2025-12-05,200000,Atlético Nacional,8172,COL1,David,Ospina,David Ospina,2025,8172,david-ospina,Colombia,Medellín  ,Colombia,1988-08-31 00:00:00,Goalkeeper,Goalkeeper,right,183.0,2026-06-30 00:00:00,Alinea,https://img.a.transfermarkt.technology/portrait/header/73396-1722444561.JPG?lm=1,131.0,0.0,3816.0,https://www.transfermarkt.co.uk/david-ospina/profil/spieler/73396,COL1,Atlético Nacional,100000.0,8000000.0,2025,David Soria,ESP-La Liga,2526,Getafe,David Soria,ESP,GK,32,1993,38,38,3420,38.0,38,1.0,154,115,75.3,15,6,17,12,31.6,4,1,2,1,66.7,37.2621492128679,207.0
465682,2025-12-05,900000,Junior FC,11854,COL1,Mauro,Silveira,Mauro Silveira,2025,11854,mauro-silveira,Uruguay,Montevideo  ,Uruguay,2000-05-06 00:00:00,Goalkeeper,Goalkeeper,right,187.0,2028-06-30 00:00:00,JM Agente Deportivo,https://img.a.transfermarkt.technology/portrait/header/465682-1752505115.JPG?lm=1,0.0,0.0,,https://www.transfermarkt.co.uk/mauro-silveira/profil/spieler/465682,COL1,Junior FC,1000000.0,1000000.0,2025,Marco Silvestri,ITA-Serie A,2526,Cremonese,Marco Silvestri,ITA,GK,34,1991,4,4,360,4.0,7,1.75,22,15,68.2,0,3,1,0,0.0,0,0,0,0,,25.582477754962355,938.0
983609,2025-12-05,1200000,Fortaleza CEIF,32041,COL1,Jordan,García,Jordan García,2025,4941,jordan-garcia,Colombia,El Retén  ,Colombia,2005-06-20 00:00:00,Goalkeeper,Goalkeeper,right,186.0,2029-12-31 00:00:00,HIJAR,https://img.a.transfermarkt.technology/portrait/header/983609-1740844253.jpeg?lm=1,19.0,0.0,,https://www.transfermarkt.co.uk/jordan-garcia/profil/spieler/983609,MEX1,Club León FC,2500000.0,2500000.0,2025,Joan García,ESP-La Liga,2526,Barcelona,Joan García,ESP,GK,24,2001,30,30,2700,30.0,21,0.7,95,74,77.9,27,1,2,15,50.0,3,3,0,0,0.0,20.459958932238195,1487.0
72476,2025-12-09,8000000,Fulham FC,931,GB1,Bernd,Leno,Bernd Leno,2025,931,bernd-leno,Germany,Bietigheim-Bissingen  ,Germany,1992-03-04 00:00:00,Goalkeeper,Goalkeeper,right,190.0,2027-06-30 00:00:00,fair-sport GmbH,https://img.a.transfermarkt.technology/portrait/header/72476-1774470314.jpg?lm=1,9.0,0.0,,https://www.transfermarkt.co.uk/bernd-leno/profil/spieler/72476,GB1,Fulham FC,6000000.0,35000000.0,2025,Bernd Leno,ENG-Premier League,2526,Fulham,Bernd Leno,GER,GK,33,1992,38,38,3420,38.0,51,1.34,149,98,65.8,15,7,16,9,23.7,4,3,0,1,0.0,33.765913757700204,568.0
74960,2025-12-09,750000,Burnley FC,1132,GB1,Martin,Dúbravka,Martin Dúbravka,2025,1132,martin-dubravka,CSSR,Žilina  ,Slovakia,1989-01-15 00:00:00,Goalkeeper,Goalkeeper,right,191.0,2027-06-30 00:00:00,1863,https://img.a.transfermarkt.technology/portrait/header/74960-1700237195.jpg?lm=1,60.0,0.0,,https://www.transfermarkt.co.uk/martin-dubravka/profil/spieler/74960,GB1,Burnley FC,500000.0,7500000.0,2025,Martin Dúbravka,ENG-Premier League,2526,Burnley,Martin Dúbravka,SVK,GK,36,1989,35,35,3150,35.0,71,2.03,198,127,64.1,4,8,23,4,11.4,7,6,0,1,0.0,36.89801505817933,568.0
85941,2025-12-09,5000000,Manchester City,281,GB1,Stefan,Ortega,Stefan Ortega,2025,281,stefan-ortega,Germany,Hofgeismar  ,Germany,1992-11-06 00:00:00,Goalkeeper,Goalkeeper,right,185.0,,,https://img.a.transfermarkt.technology/portrait/header/85941-1668065114.jpg?lm=1,0.0,0.0,,https://www.transfermarkt.co.uk/stefan-ortega/profil/spieler/85941,GB1,Manchester City,4000000.0,9000000.0,2025,Stefan Ortega,ENG-Premier League,2526,Nottingham,Stefan Ortega,GER,GK,32,1992,3,3,270,3.0,4,1.33,12,8,66.7,0,1,2,1,33.3,0,0,0,0,,33.08966461327858,0.0
99397,2025-12-09,200000,Leeds United,399,GB1,Karl,Darlow,Karl Darlow,2025,399,karl-darlow,England,Northampton  ,Wales,1990-10-08 00:00:00,Goalkeeper,Goalkeeper,right,190.0,,Unique Sports Group,https://img.a.transfermarkt.technology/portrait/header/99397-1724939153.jpg?lm=1,15.0,0.0,,https://www.transfermarkt.co.uk/karl-darlow/profil/spieler/99397,GB1,Leeds United,200000.0,4500000.0,2025,Karl Darlow,ENG-Premier League,2526,Leeds United,Karl Darlow,WAL,GK,34,1990,22,22,1980,22.0,27,1.23,90,63,70.0,7,8,7,5,22.7,2,2,0,0,0.0,35.17043121149897,0.0
105470,2025-12-09,17000000,Liverpool FC,31,GB1,,Alisson,Alisson,2025,31,alisson,Brazil,Novo Hamburgo  ,Brazil,1992-10-02 00:00:00,Goalkeeper,Goalkeeper,right,193.0,2027-06-30 00:00:00,,https://img.a.transfermarkt.technology/portrait/header/105470-1780389358.jpg?lm=1,83.0,0.0,,https://www.transfermarkt.co.uk/alisson/profil/spieler/105470,GB1,Liverpool FC,15000000.0,90000000.0,2025,Alisson,ENG-Premier League,2526,Liverpool,Alisson,BRA,GK,32,1992,26,26,2340,26.0,31,1.19,88,57,64.8,13,8,5,8,30.8,2,2,0,0,0.0,33.1854893908282,568.0
110864,2025-12-09,5000000,Wolverhampton Wanderers,543,GB1,Sam,Johnstone,Sam Johnstone,2025,543,sam-johnstone,England,Preston  ,England,1993-03-25 00:00:00,Goalkeeper,Goalkeeper,right,193.0,2028-06-30 00:00:00,Unique Sports Group,https://img.a.transfermarkt.technology/portrait/header/110864-1672915792.jpg?lm=1,4.0,0.0,,https://www.transfermarkt.co.uk/sam-johnstone/profil/spieler/110864,GB1,Wolverhampton Wanderers,2000000.0,12000000.0,2025,Sam Johnstone,ENG-Premier League,2526,Wolves,Sam Johnstone,ENG,GK,32,1993,12,12,1080,12.0,24,2.0,63,39,61.9,0,2,10,0,0.0,1,1,0,0,0.0,32.709103353867214,934.0
111873,2025-12-09,15000000,Aston Villa,405,GB1,Emiliano,Martínez,Emiliano Martínez,2025,405,emiliano-martinez,Argentina,Mar del Plata  ,Argentina,1992-09-02 00:00:00,Goalkeeper,Goalkeeper,right,195.0,2029-06-30 00:00:00,Universal Twenty Two,https://img.a.transfermarkt.technology/portrait/header/111873-1668180824.jpg?lm=1,64.0,0.0,,https://www.transfermarkt.co.uk/emiliano-martinez/profil/spieler/111873,GB1,Aston Villa,12000000.0,35000000.0,2025,Emiliano Martínez,ENG-Premier League,2526,Aston Villa,Emiliano Martínez,ARG,GK,32,1992,32,32,2835,31.5,39,1.24,134,95,70.9,16,6,10,8,25.0,1,0,1,0,100.0,33.267624914442166,1299.0
120629,2025-12-09,7000000,West Ham United,379,GB1,Alphonse,Areola,Alphonse Areola,2025,379,alphonse-areola,France,Paris  ,France,1993-02-27 00:00:00,Goalkeeper,Goalkeeper,right,195.0,2027-06-30 00:00:00,Rafaela Pimenta,https://img.a.transfermarkt.technology/portrait/header/120629-1663243036.jpg?lm=1,5.0,0.0,,https://www.transfermarkt.co.uk/alphonse-areola/profil/spieler/120629,GB1,West Ham United,4000000.0,17500000.0,2025,Alphonse Areola,ENG-Premier League,2526,West Ham,Alphonse Areola,FRA,GK,32,1993,20,20,1800,20.0,37,1.85,113,76,67.3,4,5,11,0,0.0,6,5,0,1,0.0,32.780287474332646,568.0
124884,2025-12-09,2500000,Aston Villa,405,GB1,Marco,Bizot,Marco Bizot,2025,405,marco-bizot,Netherlands,Hoorn  ,Netherlands,1991-03-10 00:00:00,Goalkeeper,Goalkeeper,right,193.0,2027-06-30 00:00:00,Key United,https://img.a.transfermarkt.technology/portrait/header/124884-1707302509.jpg?lm=1,1.0,0.0,,https://www.transfermarkt.co.uk/marco-bizot/profil/spieler/124884,GB1,Aston Villa,1500000.0,7000000.0,2025,Marco Bizot,ENG-Premier League,2526,Aston Villa,Marco Bizot,NED,GK,34,1991,7,6,585,6.5,10,1.54,29,19,65.5,3,2,1,2,33.3,1,1,0,0,0.0,34.75154004106776,568.0
127202,2025-12-09,6000000,Nottingham Forest,703,GB1,Matz,Sels,Matz Sels,2025,703,matz-sels,Belgium,Lint  ,Belgium,1992-02-26 00:00:00,Goalkeeper,Goalkeeper,right,188.0,2028-06-30 00:00:00,Cherry Sports,https://img.a.transfermarkt.technology/portrait/header/127202-1665067633.jpg?lm=1,13.0,0.0,,https://www.transfermarkt.co.uk/matz-sels/profil/spieler/127202,GB1,Nottingham Forest,3500000.0,8000000.0,2025,Matz Sels,ENG-Premier League,2526,Nottingham,Matz Sels,BEL,GK,33,1992,31,30,2668,29.6,39,1.32,132,93,70.5,10,10,10,7,23.3,5,4,1,0,20.0,33.78507871321013,934.0
130164,2025-12-09,15000000,Everton FC,29,GB1,Jordan,Pickford,Jordan Pickford,2025,29,jordan-pickford,England,Washington  ,England,1994-03-07 00:00:00,Goalkeeper,Goalkeeper,left,185.0,2029-06-30 00:00:00,CAA Stellar,https://img.a.transfermarkt.technology/portrait/header/130164-1668499964.jpg?lm=1,89.0,0.0,,https://www.transfermarkt.co.uk/jordan-pickford/profil/spieler/130164,GB1,Everton FC,13000000.0,40000000.0,2025,Jordan Pickford,ENG-Premier League,2526,Everton,Jordan Pickford,ENG,GK,31,1994,38,38,3420,38.0,50,1.32,149,99,66.4,13,10,15,11,28.9,4,3,1,0,25.0,31.759069130732374,1299.0
136401,2025-12-09,1000000,Wolverhampton Wanderers,543,GB1,Daniel,Bentley,Daniel Bentley,2025,543,daniel-bentley,England,Basildon  ,England,1993-07-13 00:00:00,Goalkeeper,Goalkeeper,,193.0,2027-06-30 00:00:00,Unique Sports Group,https://img.a.transfermarkt.technology/portrait/header/136401-1700737411.jpg?lm=1,,,,https://www.transfermarkt.co.uk/daniel-bentley/profil/spieler/136401,GB1,Wolverhampton Wanderers,800000.0,4000000.0,2025,Daniel Bentley,ENG-Premier League,2526,Wolves,Daniel Bentley,ENG,GK,32,1993,3,3,270,3.0,7,2.33,14,7,50.0,0,1,2,0,0.0,1,1,0,0,0.0,32.407939767282684,568.0
192080,2025-12-09,7000000,Newcastle United,762,GB1,Nick,Pope,Nick Pope,2025,762,nick-pope,England,Soham  ,England,1992-04-19 00:00:00,Goalkeeper,Goalkeeper,right,198.0,2027-06-30 00:00:00,CAA Stellar,https://img.a.transfermarkt.technology/portrait/header/192080-1663841362.jpg?lm=1,10.0,0.0,,https://www.transfermarkt.co.uk/nick-pope/profil/spieler/192080,GB1,Newcastle United,5000000.0,20000000.0,2025,Nick Pope,ENG-Premier League,2526,Newcastle,Nick Pope,ENG,GK,33,1992,27,27,2416,26.8,38,1.42,127,89,70.1,10,5,12,7,25.9,2,2,0,0,0.0,33.63997262149213,568.0
192279,2025-12-09,7000000,Arsenal FC,11,GB1,Kepa,Arrizabalaga,Kepa Arrizabalaga,2025,11,kepa-arrizabalaga,Spain,Ondarroa  ,Spain,1994-10-03 00:00:00,Goalkeeper,Goalkeeper,right,188.0,2028-06-30 00:00:00,AC Talent,https://img.a.transfermarkt.technology/portrait/header/192279-1661855851.jpg?lm=1,13.0,0.0,,https://www.transfermarkt.co.uk/kepa-arrizabalaga/profil/spieler/192279,GB1,Arsenal FC,5000000.0,60000000.0,2025,Kepa Arrizabalaga,ENG-Premier League,2526,Arsenal,Kepa Arrizabalaga,ESP,GK,30,1994,1,1,90,1.0,1,1.0,3,2,66.7,1,0,0,0,0.0,0,0,0,0,,31.184120465434635,934.0
201574,2025-12-09,1500000,Nottingham Forest,703,GB1,Angus,Gunn,Angus Gunn,2025,703,angus-gunn,England,Norwich  ,Scotland,1996-01-22 00:00:00,Goalkeeper,Goalkeeper,right,196.0,,Triple S Sports,https://img.a.transfermarkt.technology/portrait/header/201574-1716378186.jpg?lm=1,25.0,0.0,,https://www.transfermarkt.co.uk/angus-gunn/profil/spieler/201574,GB1,Nottingham Forest,1000000.0,10000000.0,2025,Angus Gunn,ENG-Premier League,2526,Nottingham,Angus Gunn,SCO,GK,29,1996,1,0,45,0.5,0,0.0,0,0,,0,0,0,0,,0,0,0,0,,29.880903490759753,0.0
226049,2025-12-09,3000000,Liverpool FC,31,GB1,Freddie,Woodman,Freddie Woodman,2025,31,freddie-woodman,England,London  ,England,1997-03-04 00:00:00,Goalkeeper,Goalkeeper,right,188.0,2027-06-30 00:00:00,,https://img.a.transfermarkt.technology/portrait/header/226049-1737883837.jpg?lm=1,6.0,0.0,,https://www.transfermarkt.co.uk/freddie-woodman/profil/spieler/226049,GB1,Liverpool FC,3000000.0,10000000.0,2025,Freddie Woodman,ENG-Premier League,2526,Liverpool,Freddie Woodman,ENG,GK,28,1997,3,2,213,2.4,4,1.69,13,9,69.2,1,0,1,0,0.0,0,0,0,0,,28.76659822039699,568.0
249994,2025-12-09,5000000,Wolverhampton Wanderers,543,GB1,José,Sá,José Sá,2025,543,jose-sa,Portugal,Braga  ,Portugal,1993-01-17 00:00:00,Goalkeeper,Goalkeeper,right,192.0,2027-06-30 00:00:00,Gestifute,https://img.a.transfermarkt.technology/portrait/header/249994-1696600015.jpg?lm=1,5.0,0.0,,https://www.transfermarkt.co.uk/jose-sa/profil/spieler/249994,GB1,Wolverhampton Wanderers,3500000.0,18000000.0,2025,José Sá,ENG-Premier League,2526,Wolves,José Sá,POR,GK,32,1993,23,23,2070,23.0,37,1.61,102,65,63.7,3,8,12,4,17.4,3,3,0,0,0.0,32.89253935660506,568.0
258919,2025-12-09,28000000,Crystal Palace,873,GB1,Dean,Henderson,Dean Henderson,2025,873,dean-henderson,England,Whitehaven  ,England,1997-03-12 00:00:00,Goalkeeper,Goalkeeper,right,188.0,2028-06-30 00:00:00,Unique Sports Group,https://img.a.transfermarkt.technology/portrait/header/258919-1716297478.jpg?lm=1,5.0,0.0,,https://www.transfermarkt.co.uk/dean-henderson/profil/spieler/258919,GB1,Crystal Palace,28000000.0,28000000.0,2025,Dean Henderson,ENG-Premier League,2526,Crystal Palace,Dean Henderson,ENG,GK,28,1997,37,37,3330,37.0,51,1.38,156,104,67.3,11,11,15,11,29.7,6,5,1,0,16.7,28.744695414099933,934.0
262749,2025-12-09,35000000,Arsenal FC,11,GB1,David,Raya,David Raya,2025,11,david-raya,Spain,Barcelona  ,Spain,1995-09-15 00:00:00,Goalkeeper,Goalkeeper,right,186.0,2028-06-30 00:00:00,FUTBOL21 AGENCY,https://img.a.transfermarkt.technology/portrait/header/262749-1780663789.jpg?lm=1,13.0,0.0,,https://www.transfermarkt.co.uk/david-raya/profil/spieler/262749,GB1,Arsenal FC,30000000.0,40000000.0,2025,David Raya,ENG-Premier League,2526,Arsenal,David Raya,ESP,GK,29,1995,37,37,3330,37.0,26,0.7,86,59,69.8,25,7,5,19,51.4,0,0,0,0,,30.234086242299796,934.0
286047,2025-12-09,30000000,Tottenham Hotspur,148,GB1,Guglielmo,Vicario,Guglielmo Vicario,2025,148,guglielmo-vicario,Italy,Udine  ,Italy,1996-10-07 00:00:00,Goalkeeper,Goalkeeper,right,194.0,2028-06-30 00:00:00,THE·TEAM,https://img.a.transfermarkt.technology/portrait/header/286047-1725874745.jpg?lm=1,5.0,0.0,,https://www.transfermarkt.co.uk/guglielmo-vicario/profil/spieler/286047,GB1,Tottenham Hotspur,18000000.0,35000000.0,2025,Guglielmo Vicario,ENG-Premier League,2526,Tottenham,Guglielmo Vicario,ITA,GK,28,1996,31,31,2790,31.0,50,1.61,133,83,62.4,7,9,15,7,22.6,2,2,0,0,0.0,29.17180013689254,934.0
296802,2025-12-09,5000000,Crystal Palace,873,GB1,Walter,Benítez,Walter Benítez,2025,873,walter-benitez,Argentina,General San Martín  ,Argentina,1993-01-19 00:00:00,Goalkeeper,Goalkeeper,right,191.0,2028-06-30 00:00:00,KMB,https://img.a.transfermarkt.technology/portrait/header/296802-1682332928.jpg?lm=1,1.0,0.0,,https://www.transfermarkt.co.uk/walter-benitez/profil/spieler/296802,GB1,Crystal Palace,4000000.0,14000000.0,2025,Walter Benítez,ENG-Premier League,2526,Crystal Palace,Walter Benítez,ARG,GK,32,1993,1,1,90,1.0,0,0.0,3,3,100.0,0,1,0,1,100.0,1,0,0,1,,32.8870636550308,934.0
315858,2025-12-09,45000000,Manchester City,281,GB1,Gianluigi,Donnarumma,Gianluigi Donnarumma,2025,281,gianluigi-donnarumma,Italy,Castellammare di Stabia  ,Italy,1999-02-25 00:00:00,Goalkeeper,Goalkeeper,right,196.0,2030-06-30 00:00:00,Team Raiola,https://img.a.transfermarkt.technology/portrait/header/315858-1761076746.jpg?lm=1,83.0,0.0,,https://www.transfermarkt.co.uk/gianluigi-donnarumma/profil/spieler/315858,GB1,Manchester City,45000000.0,65000000.0,2025,Gianluigi Donnarumma,ENG-Premier League,2526,Manchester City,Gianluigi Donnarumma,ITA,GK,26,1999,34,34,3060,34.0,29,0.85,106,75,72.6,22,9,3,15,44.1,1,0,1,0,100.0,26.78713210130048,1664.0
336077,2025-12-09,7000000,Manchester United,985,GB1,Altay,Bayındır,Altay Bayındır,2025,985,altay-bayindir,Türkiye,Bursa  ,Türkiye,1998-04-14 00:00:00,Goalkeeper,Goalkeeper,right,198.0,2027-06-30 00:00:00,SEFA SEYREK,https://img.a.transfermarkt.technology/portrait/header/336077-1781173656.jpg?lm=1,12.0,0.0,,https://www.transfermarkt.co.uk/altay-bayindir/profil/spieler/336077,GB1,Manchester United,5000000.0,16000000.0,2025,Altay Bayındır,ENG-Premier League,2526,Manchester Utd,Altay Bayındır,TUR,GK,27,1998,6,6,540,6.0,11,1.83,24,13,54.2,2,1,3,0,0.0,0,0,0,0,,27.655030800821354,568.0
340918,2025-12-09,22000000,Brentford FC,1148,GB1,Caoimhín,Kelleher,Caoimhín Kelleher,2025,1148,caoimhin-kelleher,Ireland,Cork  ,Ireland,1998-11-23 00:00:00,Goalkeeper,Goalkeeper,right,188.0,2030-06-30 00:00:00,ROOF,https://img.a.transfermarkt.technology/portrait/header/340918-1708933663.jpg?lm=1,32.0,0.0,,https://www.transfermarkt.co.uk/caoimhin-kelleher/profil/spieler/340918,GB1,Brentford FC,28000000.0,28000000.0,2025,Caoimhín Kelleher,ENG-Premier League,2526,Brentford,Caoimhín Kelleher,IRL,GK,26,1998,37,37,3330,37.0,49,1.32,154,105,68.2,13,11,13,10,27.0,8,5,3,0,37.5,27.044490075290895,1664.0
352041,2025-12-09,16000000,Leeds United,399,GB1,Lucas,Perri,Lucas Perri,2025,399,lucas-perri,Brazil,Valinhos  ,Brazil,1997-12-10 00:00:00,Goalkeeper,Goalkeeper,right,197.0,2029-06-30 00:00:00,LEFT Sports,https://img.a.transfermarkt.technology/portrait/header/352041-1733188777.jpg?lm=1,0.0,0.0,,https://www.transfermarkt.co.uk/lucas-perri/profil/spieler/352041,GB1,Leeds United,10000000.0,16000000.0,2025,Lucas Perri,ENG-Premier League,2526,Leeds United,Lucas Perri,BRA,GK,27,1997,16,16,1440,16.0,29,1.81,67,38,56.7,4,6,6,3,18.8,4,4,0,0,0.0,27.99726214921287,1299.0
400536,2025-12-09,15000000,West Ham United,379,GB1,Mads,Hermansen,Mads Hermansen,2025,379,mads-hermansen,Denmark,Odense  ,Denmark,2000-07-11 00:00:00,Goalkeeper,Goalkeeper,right,187.0,2030-06-30 00:00:00,CAA Stellar,https://img.a.transfermarkt.technology/portrait/header/400536-1707386039.jpg?lm=1,3.0,0.0,,https://www.transfermarkt.co.uk/mads-hermansen/profil/spieler/400536,GB1,West Ham United,15000000.0,18000000.0,2025,Mads Hermansen,ENG-Premier League,2526,West Ham,Mads Hermansen,DEN,GK,25,2000,18,18,1620,18.0,28,1.56,82,53,65.9,6,4,8,7,38.9,1,1,0,0,0.0,25.412731006160165,1664.0
403151,2025-12-09,22000000,Chelsea FC,631,GB1,Robert,Sánchez,Robert Sánchez,2025,631,robert-sanchez,Spain,Cartagena  ,Spain,1997-11-18 00:00:00,Goalkeeper,Goalkeeper,right,197.0,2030-06-30 00:00:00,CAA Stellar,https://img.a.transfermarkt.technology/portrait/header/403151-1695028195.jpg?lm=1,3.0,0.0,,https://www.transfermarkt.co.uk/robert-sanchez/profil/spieler/403151,GB1,Chelsea FC,22000000.0,32000000.0,2025,Robert Sánchez,ENG-Premier League,2526,Chelsea,Robert Sánchez,ESP,GK,27,1997,35,35,3039,33.8,49,1.45,147,97,66.7,13,8,14,9,25.7,2,2,0,0,0.0,28.057494866529773,1664.0
427568,2025-12-09,12000000,Newcastle United,762,GB1,Aaron,Ramsdale,Aaron Ramsdale,2025,762,aaron-ramsdale,England,Stoke-on-Trent  ,England,1998-05-14 00:00:00,Goalkeeper,Goalkeeper,right,190.0,2028-06-30 00:00:00,World in Motion,https://img.a.transfermarkt.technology/portrait/header/427568-1681828000.jpg?lm=1,5.0,0.0,,https://www.transfermarkt.co.uk/aaron-ramsdale/profil/spieler/427568,GB1,Newcastle United,12000000.0,40000000.0,2025,Aaron Ramsdale,ENG-Premier League,2526,Newcastle,Aaron Ramsdale,ENG,GK,27,1998,12,11,1004,11.2,17,1.52,41,24,58.5,4,2,5,1,9.1,3,3,0,0,0.0,27.572895277207394,934.0
488935,2025-12-09,2500000,Brentford FC,1148,GB1,Hákon,Valdimarsson,Hákon Valdimarsson,2025,1148,hakon-valdimarsson,Iceland,Reykjavik  ,Iceland,2001-10-13 00:00:00,Goalkeeper,Goalkeeper,right,195.0,2030-06-30 00:00:00,CAA Stellar,https://img.a.transfermarkt.technology/portrait/header/488935-1689319830.jpg?lm=1,22.0,0.0,,https://www.transfermarkt.co.uk/hakon-valdimarsson/profil/spieler/488935,GB1,Brentford FC,2500000.0,2500000.0,2025,Hákon Valdimarsson,ENG-Premier League,2526,Brentford,Hákon Valdimarsson,ISL,GK,23,2001,1,1,90,1.0,3,3.0,4,1,25.0,1,0,0,0,0.0,0,0,0,0,,24.15605749486653,1664.0
502676,2025-12-09,28000000,Liverpool FC,31,GB1,Giorgi,Mamardashvili,Giorgi Mamardashvili,2025,31,giorgi-mamardashvili,Georgia,Tiflis  ,Georgia,2000-09-29 00:00:00,Goalkeeper,Goalkeeper,left,197.0,2031-06-30 00:00:00,Free Football,https://img.a.transfermarkt.technology/portrait/header/502676-1716542116.jpg?lm=1,38.0,0.0,,https://www.transfermarkt.co.uk/giorgi-mamardashvili/profil/spieler/502676,GB1,Liverpool FC,28000000.0,45000000.0,2025,Giorgi Mamardashvili,ENG-Premier League,2526,Liverpool,Giorgi Mamardashvili,GEO,GK,24,2000,10,10,867,9.6,18,1.87,51,33,64.7,3,1,6,2,20.0,2,1,1,0,50.0,25.193702943189596,2029.0
503883,2025-12-09,25000000,Manchester United,985,GB1,Senne,Lammens,Senne Lammens,2025,1096,senne-lammens,Belgium,Zottegem  ,Belgium,2002-07-07 00:00:00,Goalkeeper,Goalkeeper,right,193.0,2030-06-30 00:00:00,PROFI-MANAGEMENT,https://img.a.transfermarkt.technology/portrait/header/503883-1755675220.jpg?lm=1,3.0,0.0,,https://www.transfermarkt.co.uk/senne-lammens/profil/spieler/503883,BE1,Royal Antwerp FC,35000000.0,35000000.0,2025,Senne Lammens,ENG-Premier League,2526,Manchester Utd,Senne Lammens,BEL,GK,23,2002,32,32,2880,32.0,39,1.22,118,78,66.9,18,10,4,8,25.0,4,4,0,0,0.0,23.42505133470226,1664.0
565093,2025-12-09,35000000,Brighton & Hove Albion,1237,GB1,Bart,Verbruggen,Bart Verbruggen,2025,1237,bart-verbruggen,Netherlands,Zwolle  ,Netherlands,2002-08-18 00:00:00,Goalkeeper,Goalkeeper,right,193.0,2028-06-30 00:00:00,Stirr Associates,https://img.a.transfermarkt.technology/portrait/header/565093-1716990260.jpg?lm=1,33.0,0.0,,https://www.transfermarkt.co.uk/bart-verbruggen/profil/spieler/565093,GB1,Brighton & Hove Albion,40000000.0,40000000.0,2025,Bart Verbruggen,ENG-Premier League,2526,Brighton,Bart Verbruggen,NED,GK,22,2002,38,38,3420,38.0,46,1.21,151,103,69.5,14,11,13,10,26.3,6,5,1,0,16.7,23.310061601642712,934.0
566799,2025-12-09,25000000,Manchester City,281,GB1,James,Trafford,James Trafford,2025,281,james-trafford,England,Greysouthen  ,England,2002-10-10 00:00:00,Goalkeeper,Goalkeeper,right,192.0,2030-06-30 00:00:00,,https://img.a.transfermarkt.technology/portrait/header/566799-1689876147.jpg?lm=1,2.0,0.0,,https://www.transfermarkt.co.uk/james-trafford/profil/spieler/566799,GB1,Manchester City,25000000.0,30000000.0,2025,James Trafford,ENG-Premier League,2526,Manchester City,James Trafford,ENG,GK,22,2002,4,4,360,4.0,6,1.5,20,14,70.0,1,0,3,1,25.0,1,1,0,0,0.0,23.16495550992471,1664.0
585323,2025-12-09,15000000,Chelsea FC,631,GB1,Filip,Jørgensen,Filip Jørgensen,2025,631,filip-jorgensen,Sweden,Lomma  ,Denmark,2002-04-16 00:00:00,Goalkeeper,Goalkeeper,right,192.0,2031-06-30 00:00:00,LIAN Sports Group,https://img.a.transfermarkt.technology/portrait/header/585323-1718280485.jpg?lm=1,2.0,0.0,,https://www.transfermarkt.co.uk/filip-jorgensen/profil/spieler/585323,GB1,Chelsea FC,15000000.0,20000000.0,2025,Filip Jørgensen,ENG-Premier League,2526,Chelsea,Filip Jørgensen,DEN,GK,23,2002,5,3,379,4.2,5,1.19,13,8,61.5,1,2,0,0,0.0,0,0,0,0,,23.64955509924709,2029.0
646991,2025-12-09,18000000,Sunderland AFC,289,GB1,Robin,Roefs,Robin Roefs,2025,289,robin-roefs,Netherlands,Heeswijk  ,Netherlands,2003-01-17 00:00:00,Goalkeeper,Goalkeeper,left,193.0,2030-06-30 00:00:00,SEG,https://img.a.transfermarkt.technology/portrait/header/646991-1723035894.jpg?lm=1,1.0,0.0,,https://www.transfermarkt.co.uk/robin-roefs/profil/spieler/646991,GB1,Sunderland AFC,28000000.0,28000000.0,2025,Robin Roefs,ENG-Premier League,2526,Sunderland,Robin Roefs,NED,GK,22,2003,35,35,3150,35.0,46,1.31,154,108,70.1,12,12,11,10,28.6,3,2,1,0,33.3,22.89390828199863,1664.0
725912,2025-12-09,13000000,Tottenham Hotspur,148,GB1,Antonín,Kinský,Antonín Kinský,2025,148,antonin-kinsky,Czech Republic,Praha  ,Czech Republic,2003-03-13 00:00:00,Goalkeeper,Goalkeeper,right,190.0,2031-06-30 00:00:00,,https://img.a.transfermarkt.technology/portrait/header/725912-1766160431.jpg?lm=1,0.0,0.0,,https://www.transfermarkt.co.uk/antonin-kinsky/profil/spieler/725912,GB1,Tottenham Hotspur,15000000.0,15000000.0,2025,Antonín Kinský,ENG-Premier League,2526,Tottenham,Antonín Kinský,CZE,GK,22,2003,7,7,630,7.0,7,1.0,17,10,58.8,3,2,2,2,28.6,1,1,0,0,0.0,22.743326488706366,2029.0
829299,2025-12-09,4000000,Burnley FC,1132,GB1,Max,Weiß,Max Weiß,2025,1132,max-weiss,Germany,Speyer  ,Germany,2004-06-15 00:00:00,Goalkeeper,Goalkeeper,right,190.0,2029-06-30 00:00:00,,https://img.a.transfermarkt.technology/portrait/header/829299-1721465999.jpg?lm=1,0.0,0.0,,https://www.transfermarkt.co.uk/max-weiss/profil/spieler/829299,GB1,Burnley FC,4000000.0,4000000.0,2025,Max Weiß,ENG-Premier League,2526,Burnley,Max Weiß,GER,GK,21,2004,3,3,270,3.0,4,1.33,14,10,71.4,0,2,1,0,0.0,1,1,0,0,0.0,21.4839151266256,1299.0
168166,2025-12-10,200000,Standard Liège,3057,BE1,Lucas,Pirard,Lucas Pirard,2025,3057,lucas-pirard,Belgium,Sprimont  ,Belgium,1995-03-10 00:00:00,Goalkeeper,Goalkeeper,right,191.0,2028-06-30 00:00:00,,https://img.a.transfermarkt.technology/portrait/header/168166-1706870344.jpg?lm=1,1.0,0.0,,https://www.transfermarkt.co.uk/lucas-pirard/profil/spieler/168166,BE1,Standard Liège,350000.0,1500000.0,2025,Lucas Perri,ENG-Premier League,2526,Leeds United,Lucas Perri,BRA,GK,27,1997,16,16,1440,16.0,29,1.81,67,38,56.7,4,6,6,3,18.8,4,4,0,0,0.0,30.754277891854894,933.0
1193791,2025-12-10,100000,Union Saint-Gilloise,3948,BE1,Giorgi,Kavlashvili,Giorgi Kavlashvili,2025,3948,giorgi-kavlashvili,,,Georgia,2007-01-24 00:00:00,Goalkeeper,Goalkeeper,left,195.0,2028-06-30 00:00:00,GBM Sports Group.bv,https://img.a.transfermarkt.technology/portrait/header/1193791-1772107172.jpg?lm=1,0.0,0.0,,https://www.transfermarkt.co.uk/giorgi-kavlashvili/profil/spieler/1193791,BE1,Union Saint-Gilloise,100000.0,100000.0,2025,Giorgi Mamardashvili,ENG-Premier League,2526,Liverpool,Giorgi Mamardashvili,GEO,GK,24,2000,10,10,867,9.6,18,1.87,51,33,64.7,3,1,6,2,20.0,2,1,1,0,50.0,18.87748117727584,933.0
99617,2025-12-11,150000,Seattle Sounders FC,9636,MLS1,Stefan,Frei,Stefan Frei,2025,9636,stefan-frei,Switzerland,Altstätten  ,United States,1986-04-20 00:00:00,Goalkeeper,Goalkeeper,,195.0,2027-12-31 00:00:00,THE·TEAM,https://img.a.transfermarkt.technology/portrait/header/99617-1771756765.jpg?lm=1,0.0,0.0,,https://www.transfermarkt.co.uk/stefan-frei/profil/spieler/99617,MLS1,Seattle Sounders FC,100000.0,1000000.0,2025,Stefan Ortega,ENG-Premier League,2526,Nottingham,Stefan Ortega,GER,GK,32,1992,3,3,270,3.0,4,1.33,12,8,66.7,0,1,2,1,33.3,0,0,0,0,,39.644079397672826,750.0
126630,2025-12-11,300000,Toronto FC,11141,MLS1,Sean,Johnson,Sean Johnson,2025,2440,sean-johnson,United States,"Lilburn, Georgia  ",United States,1989-05-31 00:00:00,Goalkeeper,Goalkeeper,right,190.0,2027-06-30 00:00:00,,https://img.a.transfermarkt.technology/portrait/header/126630-1771687154.jpg?lm=1,13.0,0.0,,https://www.transfermarkt.co.uk/sean-johnson/profil/spieler/126630,MLS1,D.C. United,300000.0,1800000.0,2025,Sam Johnstone,ENG-Premier League,2526,Wolves,Sam Johnstone,ENG,GK,32,1993,12,12,1080,12.0,24,2.0,63,39,61.9,0,2,10,0,0.0,1,1,0,0,0.0,36.53114305270363,566.0
262105,2025-12-11,400000,FK Javor-Matis Ivanjica,8819,SER1,Nikola,Vasiljevic,Nikola Vasiljevic,2025,8819,nikola-vasiljevic,Yugoslavia (Republic),Niš  ,Serbia,1996-06-24 00:00:00,Goalkeeper,Goalkeeper,right,202.0,2027-06-30 00:00:00,,https://img.a.transfermarkt.technology/portrait/header/262105-1694785419.jpg?lm=1,0.0,0.0,,https://www.transfermarkt.co.uk/nikola-vasiljevic/profil/spieler/262105,SER1,FK Javor-Matis Ivanjica,350000.0,800000.0,2025,Nikola Vasilj,,2526,St Pauli,Nikola Vasilj,BIH,GK,29,1995,34,34,3060,34.0,60,1.76,183,123,67.2,6,8,20,5,14.7,6,3,2,1,40.0,29.464750171115675,566.0
916430,2025-12-11,1200000,AC Reggiana 1919,5621,,Edoardo,Motta,Edoardo Motta,2025,398,edoardo-motta,Italy,Biella  ,Italy,2005-01-13 00:00:00,Goalkeeper,Goalkeeper,right,194.0,2030-06-30 00:00:00,Un1que Football,https://img.a.transfermarkt.technology/portrait/header/916430-1745844405.jpg?lm=1,1.0,0.0,,https://www.transfermarkt.co.uk/edoardo-motta/profil/spieler/916430,IT1,Società Sportiva Lazio S.p.A.,8000000.0,8000000.0,2025,Edoardo Motta,ITA-Serie A,2526,Lazio,Edoardo Motta,ITA,GK,20,2005,9,9,810,9.0,10,1.11,32,22,68.8,5,2,2,3,33.3,1,0,1,0,100.0,20.908966461327857,1662.0
44058,2025-12-12,900000,FC Barcelona,131,ES1,Wojciech,Szczesny,Wojciech Szczesny,2025,131,wojciech-szczesny,Poland,Warszawa  ,Poland,1990-04-18 00:00:00,Goalkeeper,Goalkeeper,right,195.0,2027-06-30 00:00:00,CAA Stellar,https://img.a.transfermarkt.technology/portrait/header/44058-1744278078.jpg?lm=1,84.0,0.0,,https://www.transfermarkt.co.uk/wojciech-szczesny/profil/spieler/44058,ES1,FC Barcelona,800000.0,40000000.0,2025,Wojciech Szczęsny,ESP-La Liga,2526,Barcelona,Wojciech Szczęsny,POL,GK,35,1990,8,8,720,8.0,15,1.87,37,22,59.5,4,0,4,0,0.0,2,1,1,0,50.0,35.65229295003422,565.0
73517,2025-12-12,900000,Sevilla FC,368,ES1,Ørjan,Nyland,Ørjan Nyland,2025,368,orjan-nyland,Norway,Volda  ,Norway,1990-09-10 00:00:00,Goalkeeper,Goalkeeper,right,192.0,,,https://img.a.transfermarkt.technology/portrait/header/73517-1779430891.jpg?lm=1,75.0,0.0,,https://www.transfermarkt.co.uk/orjan-nyland/profil/spieler/73517,ES1,Sevilla FC,800000.0,3000000.0,2025,Ørjan Nyland,ESP-La Liga,2526,Sevilla,Ørjan Nyland,NOR,GK,34,1990,5,5,450,5.0,8,1.6,19,11,57.9,1,1,3,1,20.0,1,1,0,0,0.0,35.25530458590007,0.0
74857,2025-12-12,7000000,FC Barcelona,131,ES1,Marc-André,ter Stegen,Marc-André ter Stegen,2025,131,marc-andre-ter-stegen,Germany,Mönchengladbach  ,Germany,1992-04-30 00:00:00,Goalkeeper,Goalkeeper,right,187.0,2028-06-30 00:00:00,ROOF,https://img.a.transfermarkt.technology/portrait/header/74857-1674465246.jpg?lm=1,44.0,0.0,,https://www.transfermarkt.co.uk/marc-andre-ter-stegen/profil/spieler/74857,ES1,FC Barcelona,3000000.0,90000000.0,2025,Marc-André ter Stegen,ESP-La Liga,2526,Girona,Marc-André ter Stegen,GER,GK,33,1992,2,2,180,2.0,2,1.0,6,4,66.7,0,1,1,0,0.0,0,0,0,0,,33.61806981519507,931.0
94308,2025-12-12,800000,RCD Espanyol Barcelona,714,ES1,Marko,Dmitrovic,Marko Dmitrovic,2025,714,marko-dmitrovic,Jugoslawien (SFR),Subotica  ,Serbia,1992-01-24 00:00:00,Goalkeeper,Goalkeeper,left,189.0,2028-06-30 00:00:00,IDUB GLOBAL,https://img.a.transfermarkt.technology/portrait/header/94308-1669364494.jpg?lm=1,19.0,0.0,,https://www.transfermarkt.co.uk/marko-dmitrovic/profil/spieler/94308,ES1,RCD Espanyol Barcelona,700000.0,12000000.0,2025,Marko Dmitrović,ESP-La Liga,2526,Espanyol,Marko Dmitrović,SRB,GK,33,1992,37,37,3330,37.0,54,1.46,187,133,71.1,12,9,16,10,27.0,5,5,0,0,0.0,33.883641341546884,931.0
108390,2025-12-12,18000000,Real Madrid,418,ES1,Thibaut,Courtois,Thibaut Courtois,2025,418,thibaut-courtois,Belgium,Bree  ,Belgium,1992-05-11 00:00:00,Goalkeeper,Goalkeeper,left,199.0,2027-06-30 00:00:00,RGM,https://img.a.transfermarkt.technology/portrait/header/108390-1717280733.jpg?lm=1,115.0,0.0,,https://www.transfermarkt.co.uk/thibaut-courtois/profil/spieler/108390,ES1,Real Madrid,15000000.0,75000000.0,2025,Thibaut Courtois,ESP-La Liga,2526,Real Madrid,Thibaut Courtois,BEL,GK,33,1992,32,32,2880,32.0,28,0.87,98,70,71.4,24,3,5,13,40.6,4,4,0,0,0.0,33.58795345653662,565.0
118997,2025-12-12,600000,CA Osasuna,331,ES1,Aitor,Fernández,Aitor Fernández,2025,331,aitor-fernandez,Spain,Arrasate  ,Spain,1991-05-03 00:00:00,Goalkeeper,Goalkeeper,right,182.0,2027-06-30 00:00:00,,https://img.a.transfermarkt.technology/portrait/header/118997-1683281584.jpg?lm=1,3.0,0.0,,https://www.transfermarkt.co.uk/aitor-fernandez/profil/spieler/118997,ES1,CA Osasuna,500000.0,10000000.0,2025,Aitor Fernández,ESP-La Liga,2526,Osasuna,Aitor Fernández,ESP,GK,34,1991,2,1,136,1.5,3,1.99,12,9,75.0,0,0,1,0,0.0,1,1,0,0,0.0,34.61190965092403,565.0
121483,2025-12-12,17000000,Atlético de Madrid,13,ES1,Jan,Oblak,Jan Oblak,2025,13,jan-oblak,Slovenia,Škofja Loka  ,Slovenia,1993-01-07 00:00:00,Goalkeeper,Goalkeeper,right,188.0,2028-06-30 00:00:00,Miha Mlakar,https://img.a.transfermarkt.technology/portrait/header/121483-1719350076.jpg?lm=1,84.0,0.0,,https://www.transfermarkt.co.uk/jan-oblak/profil/spieler/121483,ES1,Atlético de Madrid,15000000.0,100000000.0,2025,Jan Oblak,ESP-La Liga,2526,Atlético Madrid,Jan Oblak,SVN,GK,32,1993,30,30,2700,30.0,31,1.03,106,75,70.8,17,6,7,11,36.7,3,2,0,1,0.0,32.92813141683778,931.0
124419,2025-12-12,4000000,Sevilla FC,368,ES1,Odysseas,Vlachodimos,Odysseas Vlachodimos,2025,368,odysseas-vlachodimos,Germany,Stuttgart  ,Greece,1994-04-26 00:00:00,Goalkeeper,Goalkeeper,right,191.0,2027-06-30 00:00:00,fair-sport GmbH,https://img.a.transfermarkt.technology/portrait/header/124419-1706829687.jpg?lm=1,53.0,0.0,,https://www.transfermarkt.co.uk/odysseas-vlachodimos/profil/spieler/124419,ES1,Sevilla FC,3000000.0,18000000.0,2025,Odysseas Vlachodimos,ESP-La Liga,2526,Sevilla,Odysseas Vlachodimos,GRE,GK,31,1994,33,33,2970,33.0,52,1.58,140,88,62.9,11,6,16,5,15.2,10,8,1,1,11.1,31.630390143737166,565.0
128969,2025-12-12,2000000,Levante UD,3368,ES1,Mathew,Ryan,Mathew Ryan,2025,3368,mathew-ryan,Australia,Plumpton  ,Australia,1992-04-08 00:00:00,Goalkeeper,Goalkeeper,right,184.0,,CAA Stellar,https://img.a.transfermarkt.technology/portrait/header/128969-1668505563.jpg?lm=1,105.0,0.0,,https://www.transfermarkt.co.uk/mathew-ryan/profil/spieler/128969,ES1,Levante UD,1800000.0,10000000.0,2025,Mathew Ryan,ESP-La Liga,2526,Levante,Mathew Ryan,AUS,GK,33,1992,36,36,3240,36.0,56,1.56,180,124,68.9,11,9,16,9,25.0,4,3,1,0,25.0,33.67830253251198,0.0
144128,2025-12-12,200000,Elche CF,1531,ES1,Matías,Dituro,Matías Dituro,2025,1531,matias-dituro,Argentina,Bigand  ,Argentina,1987-05-08 00:00:00,Goalkeeper,Goalkeeper,right,191.0,2027-06-30 00:00:00,Vibra Futbol,https://img.a.transfermarkt.technology/portrait/header/144128-1695219400.png?lm=1,,,,https://www.transfermarkt.co.uk/matias-dituro/profil/spieler/144128,ES1,Elche CF,100000.0,1000000.0,2025,Matías Dituro,ESP-La Liga,2526,Elche,Matías Dituro,ARG,GK,38,1987,22,22,1980,22.0,29,1.32,93,64,68.8,7,9,6,4,18.2,5,4,0,1,0.0,38.59822039698837,565.0
165467,2025-12-12,2000000,Valencia CF,1049,ES1,Stole,Dimitrievski,Stole Dimitrievski,2025,1049,stole-dimitrievski,Macedonia,Kumanovo  ,North Macedonia,1993-12-25 00:00:00,Goalkeeper,Goalkeeper,right,188.0,2028-06-30 00:00:00,AS1,https://img.a.transfermarkt.technology/portrait/header/165467-1541150592.jpg?lm=1,90.0,0.0,,https://www.transfermarkt.co.uk/stole-dimitrievski/profil/spieler/165467,ES1,Valencia CF,2000000.0,4000000.0,2025,Stole Dimitrievski,ESP-La Liga,2526,Valencia,Stole Dimitrievski,MKD,GK,31,1993,20,20,1800,20.0,25,1.25,77,52,67.5,10,3,7,5,25.0,4,3,0,1,0.0,31.964407939767284,931.0
195488,2025-12-12,2000000,Girona FC,12321,ES1,Paulo,Gazzaniga,Paulo Gazzaniga,2025,12321,paulo-gazzaniga,Argentina,Murphy  ,Argentina,1992-01-02 00:00:00,Goalkeeper,Goalkeeper,right,195.0,2027-06-30 00:00:00,LGT Football,https://img.a.transfermarkt.technology/portrait/header/195488-1769783747.jpg?lm=1,1.0,0.0,,https://www.transfermarkt.co.uk/paulo-gazzaniga/profil/spieler/195488,ES1,Girona FC,1800000.0,4000000.0,2025,Paulo Gazzaniga,ESP-La Liga,2526,Girona,Paulo Gazzaniga,ARG,GK,33,1992,35,35,3102,34.5,47,1.36,162,115,71.0,9,13,13,6,17.1,5,4,0,1,0.0,33.94387405886379,565.0
212862,2025-12-12,14000000,Real Sociedad,681,ES1,Álex,Remiro,Álex Remiro,2025,681,alex-remiro,Spain,Cascante  ,Spain,1995-03-24 00:00:00,Goalkeeper,Goalkeeper,right,192.0,2027-06-30 00:00:00,Feel Winner,https://img.a.transfermarkt.technology/portrait/header/212862-1694594210.jpg?lm=1,2.0,0.0,,https://www.transfermarkt.co.uk/alex-remiro/profil/spieler/212862,ES1,Real Sociedad,9000000.0,25000000.0,2025,Álex Remiro,ESP-La Liga,2526,Real Sociedad,Álex Remiro,ESP,GK,30,1995,37,37,3330,37.0,60,1.62,159,99,62.3,11,12,14,3,8.1,5,5,0,0,0.0,30.72142368240931,565.0
226012,2025-12-12,3000000,Getafe CF,3709,ES1,David,Soria,David Soria,2025,3709,david-soria,Spain,Madrid  ,Spain,1993-04-04 00:00:00,Goalkeeper,Goalkeeper,right,192.0,2030-06-30 00:00:00,AS1,https://img.a.transfermarkt.technology/portrait/header/226012-1696863038.jpg?lm=1,,,,https://www.transfermarkt.co.uk/david-soria/profil/spieler/226012,ES1,Getafe CF,2800000.0,18000000.0,2025,David Soria,ESP-La Liga,2526,Getafe,David Soria,ESP,GK,32,1993,38,38,3420,38.0,38,1.0,154,115,75.3,15,6,17,12,31.6,4,1,2,1,66.7,32.68993839835729,1661.0
242359,2025-12-12,3000000,Atlético de Madrid,13,ES1,Juan,Musso,Juan Musso,2025,13,juan-musso,Argentina,San Nicolás de los Arroyos  ,Argentina,1994-05-06 00:00:00,Goalkeeper,Goalkeeper,right,193.0,2028-06-30 00:00:00,,https://img.a.transfermarkt.technology/portrait/header/242359-1663583047.jpg?lm=1,4.0,0.0,,https://www.transfermarkt.co.uk/juan-musso/profil/spieler/242359,ES1,Atlético de Madrid,3000000.0,20000000.0,2025,Juan Musso,ESP-La Liga,2526,Atlético Madrid,Juan Musso,ARG,GK,31,1994,8,8,720,8.0,13,1.62,35,22,62.9,4,0,4,3,37.5,3,3,0,0,0.0,31.603011635865844,931.0
248738,2025-12-12,3000000,CA Osasuna,331,ES1,Sergio,Herrera,Sergio Herrera,2025,331,sergio-herrera,Spain,Miranda de Ebro  ,Spain,1993-06-05 00:00:00,Goalkeeper,Goalkeeper,right,192.0,2028-06-30 00:00:00,Gersh,https://img.a.transfermarkt.technology/portrait/header/248738-1732220099.jpg?lm=1,,,,https://www.transfermarkt.co.uk/sergio-herrera/profil/spieler/248738,ES1,CA Osasuna,2800000.0,8000000.0,2025,Sergio Herrera,ESP-La Liga,2526,Osasuna,Sergio Herrera,ESP,GK,32,1993,37,37,3284,36.5,47,1.29,160,113,70.6,11,9,17,7,18.9,8,8,0,0,0.0,32.5201916495551,931.0
262396,2025-12-12,25000000,Athletic Bilbao,621,ES1,Unai,Simón,Unai Simón,2025,621,unai-simon,Spain,Vitoria-Gasteiz  ,Spain,1997-06-11 00:00:00,Goalkeeper,Goalkeeper,right,190.0,2029-06-30 00:00:00,CAA Stellar,https://img.a.transfermarkt.technology/portrait/header/262396-1709674901.png?lm=1,64.0,0.0,,https://www.transfermarkt.co.uk/unai-simon/profil/spieler/262396,ES1,Athletic Bilbao,22000000.0,30000000.0,2025,Unai Simón,ESP-La Liga,2526,Athletic Club,Unai Simón,ESP,GK,28,1997,37,37,3330,37.0,54,1.46,151,97,64.2,13,6,18,6,16.2,6,3,2,1,40.0,28.503764544832308,1296.0
275218,2025-12-12,6000000,Rayo Vallecano,367,ES1,Augusto,Batalla,Augusto Batalla,2025,367,augusto-batalla,Argentina,Hurlingham  ,Argentina,1996-04-30 00:00:00,Goalkeeper,Goalkeeper,right,185.0,2030-06-30 00:00:00,Hernan Berman,https://img.a.transfermarkt.technology/portrait/header/275218-1775761484.jpg?lm=1,13.0,0.0,,https://www.transfermarkt.co.uk/augusto-batalla/profil/spieler/275218,ES1,Rayo Vallecano,6000000.0,6000000.0,2025,Augusto Batalla,ESP-La Liga,2526,Rayo Vallecano,Augusto Batalla,ARG,GK,29,1996,34,34,3060,34.0,37,1.09,128,91,71.1,10,13,11,11,32.4,6,5,1,0,16.7,29.61806981519507,1661.0
283170,2025-12-12,8000000,Elche CF,1531,ES1,Iñaki,Peña,Iñaki Peña,2025,131,inaki-pena,Spain,Alicante  ,Spain,1999-03-02 00:00:00,Goalkeeper,Goalkeeper,right,184.0,2029-06-30 00:00:00,AC Talent,https://img.a.transfermarkt.technology/portrait/header/283170-1702502364.jpg?lm=1,0.0,0.0,,https://www.transfermarkt.co.uk/inaki-pena/profil/spieler/283170,ES1,FC Barcelona,4000000.0,10000000.0,2025,Iñaki Peña,ESP-La Liga,2526,Elche,Iñaki Peña,ESP,GK,26,1999,16,16,1440,16.0,28,1.75,83,55,66.3,3,4,9,4,25.0,2,2,0,0,0.0,26.781656399726216,1296.0
284430,2025-12-12,2000000,Real Oviedo,2497,ES1,Aarón,Escandell,Aarón Escandell,2025,2497,aaron-escandell,Spain,Carcaixent  ,Spain,1995-09-27 00:00:00,Goalkeeper,Goalkeeper,right,186.0,2027-06-30 00:00:00,Goal Management,https://img.a.transfermarkt.technology/portrait/header/284430-1583309348.jpg?lm=1,,,,https://www.transfermarkt.co.uk/aaron-escandell/profil/spieler/284430,ES1,Real Oviedo,3000000.0,3000000.0,2025,Aarón Escandell,ESP-La Liga,2526,Oviedo,Aarón Escandell,ESP,GK,29,1995,36,36,3240,36.0,56,1.56,201,145,72.1,6,11,19,10,27.8,7,5,2,0,28.6,30.209445585215605,565.0
286415,2025-12-12,2500000,Real Betis Balompié,150,ES1,Pau,López,Pau López,2025,150,pau-lopez,Spain,Girona  ,Spain,1994-12-13 00:00:00,Goalkeeper,Goalkeeper,left,189.0,2028-06-30 00:00:00,Goal Management,https://img.a.transfermarkt.technology/portrait/header/286415-1762266591.jpg?lm=1,2.0,0.0,,https://www.transfermarkt.co.uk/pau-lopez/profil/spieler/286415,ES1,Real Betis Balompié,2500000.0,24000000.0,2025,Pau López,ESP-La Liga,2526,Real Betis,Pau López,ESP,GK,30,1994,9,9,810,9.0,11,1.22,40,29,72.5,4,2,3,2,22.2,1,0,1,0,100.0,30.99794661190965,931.0
298197,2025-12-12,6000000,Deportivo Alavés,1108,ES1,Antonio,Sivera,Antonio Sivera,2025,1108,antonio-sivera,Spain,Xàbia  ,Spain,1996-08-11 00:00:00,Goalkeeper,Goalkeeper,right,185.0,2027-06-30 00:00:00,THE·TEAM,https://img.a.transfermarkt.technology/portrait/header/298197-1713856039.jpg?lm=1,10.0,0.0,,https://www.transfermarkt.co.uk/antonio-sivera/profil/spieler/298197,ES1,Deportivo Alavés,6000000.0,6000000.0,2025,Antonio Sivera,ESP-La Liga,2526,Alavés,Antonio Sivera,ESP,GK,28,1996,38,38,3420,38.0,56,1.47,153,97,63.4,11,10,17,5,13.2,5,5,0,0,0.0,29.336071184120467,565.0
303657,2025-12-12,5000000,Celta de Vigo,940,ES1,Ionuț,Radu,Ionuț Radu,2025,940,ionut-radu,Romania,Bucharest  ,Romania,1997-05-28 00:00:00,Goalkeeper,Goalkeeper,right,188.0,2029-06-30 00:00:00,,https://img.a.transfermarkt.technology/portrait/header/303657-1699432718.jpg?lm=1,9.0,0.0,,https://www.transfermarkt.co.uk/ionut-radu/profil/spieler/303657,ES1,Celta de Vigo,9000000.0,15000000.0,2025,Ionuț Radu,ESP-La Liga,2526,Celta Vigo,Ionuț Radu,ROU,GK,28,1997,38,38,3420,38.0,48,1.26,159,111,69.8,14,12,12,10,26.3,11,6,2,3,25.0,28.542094455852155,1296.0
397676,2025-12-12,1800000,Rayo Vallecano,367,ES1,Dani,Cárdenas,Dani Cárdenas,2025,367,dani-cardenas,Spain,Terrassa  ,Spain,1997-03-28 00:00:00,Goalkeeper,Goalkeeper,right,186.0,2027-06-30 00:00:00,,https://img.a.transfermarkt.technology/portrait/header/397676-1663571879.jpg?lm=1,,,,https://www.transfermarkt.co.uk/dani-cardenas/profil/spieler/397676,ES1,Rayo Vallecano,1800000.0,2000000.0,2025,Dani Cárdenas,ESP-La Liga,2526,Rayo Vallecano,Dani Cárdenas,ESP,GK,28,1997,4,4,360,4.0,7,1.75,26,19,73.1,2,1,1,1,25.0,2,1,1,0,50.0,28.709103353867214,565.0
404839,2025-12-12,15000000,Real Madrid,418,ES1,Andriy,Lunin,Andriy Lunin,2025,418,andriy-lunin,Ukraine,"Krasnograd, Kharkiv Oblast  ",Ukraine,1999-02-11 00:00:00,Goalkeeper,Goalkeeper,right,191.0,2030-06-30 00:00:00,Gestifute,https://img.a.transfermarkt.technology/portrait/header/404839-1701294131.jpg?lm=1,16.0,0.0,,https://www.transfermarkt.co.uk/andriy-lunin/profil/spieler/404839,ES1,Real Madrid,12000000.0,25000000.0,2025,Andriy Lunin,ESP-La Liga,2526,Real Madrid,Andriy Lunin,UKR,GK,26,1999,6,6,540,6.0,7,1.17,23,16,69.6,3,2,1,1,16.7,0,0,0,0,,26.833675564681723,1661.0
417913,2025-12-12,2500000,Real Betis Balompié,150,ES1,Álvaro,Valles,Álvaro Valles,2025,150,alvaro-valles,Spain,La Rinconada  ,Spain,1997-07-25 00:00:00,Goalkeeper,Goalkeeper,right,191.0,2030-06-30 00:00:00,Gersh,https://img.a.transfermarkt.technology/portrait/header/417913-1773343747.jpg?lm=1,,,,https://www.transfermarkt.co.uk/alvaro-valles/profil/spieler/417913,ES1,Real Betis Balompié,7000000.0,15000000.0,2025,Álvaro Vallés,ESP-La Liga,2526,Real Betis,Álvaro Vallés,ESP,GK,28,1997,28,28,2520,28.0,36,1.29,123,87,70.7,10,13,5,8,28.6,6,4,1,1,20.0,28.383299110198493,1661.0
466783,2025-12-12,4000000,Villarreal CF,1050,ES1,Arnau,Tenas,Arnau Tenas,2025,1050,arnau-tenas,Spain,Vic  ,Spain,2001-05-30 00:00:00,Goalkeeper,Goalkeeper,right,185.0,2029-06-30 00:00:00,De la Peña & Sostres,https://img.a.transfermarkt.technology/portrait/header/466783-1701444229.jpg?lm=1,0.0,0.0,,https://www.transfermarkt.co.uk/arnau-tenas/profil/spieler/466783,ES1,Villarreal CF,4000000.0,5000000.0,2025,Arnau Tenas,ESP-La Liga,2526,Villarreal,Arnau Tenas,ESP,GK,24,2001,10,10,900,10.0,16,1.6,46,30,65.2,4,3,3,0,0.0,2,2,0,0,0.0,24.536618754277892,1296.0
490606,2025-12-12,1500000,RCD Mallorca,237,ES1,Lucas,Bergström,Lucas Bergström,2025,237,lucas-bergstrom,Finland,Pargas  ,Finland,2002-09-05 00:00:00,Goalkeeper,Goalkeeper,right,205.0,2027-06-30 00:00:00,CAA Stellar,https://img.a.transfermarkt.technology/portrait/header/490606-1639405918.jpg?lm=1,1.0,0.0,,https://www.transfermarkt.co.uk/lucas-bergstrom/profil/spieler/490606,ES1,RCD Mallorca,1400000.0,1500000.0,2025,Lucas Bergström,ESP-La Liga,2526,Mallorca,Lucas Bergström,FIN,GK,22,2002,5,5,450,5.0,7,1.4,22,15,68.2,1,2,2,2,40.0,0,0,0,0,,23.26899383983573,565.0
525438,2025-12-12,2000000,Real Oviedo,2497,ES1,Horațiu,Moldovan,Horațiu Moldovan,2025,2497,horatiu-moldovan,Romania,Cluj-Napoca  ,Romania,1998-01-20 00:00:00,Goalkeeper,Goalkeeper,right,193.0,2027-06-30 00:00:00,,https://img.a.transfermarkt.technology/portrait/header/525438-1718199207.jpg?lm=1,16.0,0.0,,https://www.transfermarkt.co.uk/horatiu-moldovan/profil/spieler/525438,ES1,Real Oviedo,1800000.0,2600000.0,2025,Horaţiu Moldovan,ESP-La Liga,2526,Oviedo,Horaţiu Moldovan,ROU,GK,27,1998,2,2,180,2.0,4,2.0,8,4,50.0,0,0,2,0,0.0,0,0,0,0,,27.89322381930185,565.0
561613,2025-12-12,30000000,FC Barcelona,131,ES1,Joan,García,Joan García,2025,131,joan-garcia,Spain,Sallent de Llobregat  ,Spain,2001-05-04 00:00:00,Goalkeeper,Goalkeeper,right,194.0,2031-06-30 00:00:00,,https://img.a.transfermarkt.technology/portrait/header/561613-1747386081.jpg?lm=1,2.0,0.0,,https://www.transfermarkt.co.uk/joan-garcia/profil/spieler/561613,ES1,FC Barcelona,45000000.0,45000000.0,2025,Joan García,ESP-La Liga,2526,Barcelona,Joan García,ESP,GK,24,2001,30,30,2700,30.0,21,0.7,95,74,77.9,27,1,2,15,50.0,3,3,0,0,0.0,24.607802874743328,2026.0
562742,2025-12-12,5000000,RCD Mallorca,237,ES1,Leo,Román,Leo Román,2025,237,leo-roman,Spain,Ibiza  ,Spain,2000-07-06 00:00:00,Goalkeeper,Goalkeeper,right,189.0,2031-06-30 00:00:00,,https://img.a.transfermarkt.technology/portrait/header/562742-1745395600.jpg?lm=1,1.0,0.0,,https://www.transfermarkt.co.uk/leo-roman/profil/spieler/562742,ES1,RCD Mallorca,6000000.0,6000000.0,2025,Leo Román,ESP-La Liga,2526,Mallorca,Leo Román,ESP,GK,25,2000,33,33,2970,33.0,50,1.52,149,99,66.4,10,7,16,4,12.1,8,6,1,1,14.3,25.43463381245722,2026.0
625014,2025-12-12,15000000,Valencia CF,1049,ES1,Julen,Agirrezabala,Julen Agirrezabala,2025,1049,julen-agirrezabala,Spain,Donostia-San Sebastián  ,Spain,2000-12-26 00:00:00,Goalkeeper,Goalkeeper,left,187.0,2027-06-30 00:00:00,Gersh,https://img.a.transfermarkt.technology/portrait/header/625014-1709674945.png?lm=1,8.0,0.0,,https://www.transfermarkt.co.uk/julen-agirrezabala/profil/spieler/625014,ES1,Valencia CF,9000000.0,15000000.0,2025,Julen Agirrezabala,ESP-La Liga,2526,Valencia,Julen Agirrezabala,ESP,GK,24,2000,18,18,1620,18.0,30,1.67,83,52,63.9,3,7,8,4,22.2,4,3,1,0,25.0,24.960985626283367,565.0
625657,2025-12-12,600000,Real Sociedad,681,ES1,Unai,Marrero,Unai Marrero,2025,681,unai-marrero,Spain,Donostia-San Sebastián  ,Spain,2001-10-09 00:00:00,Goalkeeper,Goalkeeper,right,189.0,2030-06-30 00:00:00,IDUB GLOBAL,https://img.a.transfermarkt.technology/portrait/header/625657-1692370133.jpg?lm=1,,,,https://www.transfermarkt.co.uk/unai-marrero/profil/spieler/625657,ES1,Real Sociedad,1000000.0,1000000.0,2025,Unai Marrero,ESP-La Liga,2526,Real Sociedad,Unai Marrero,ESP,GK,23,2001,1,1,90,1.0,1,1.0,8,7,87.5,0,1,0,0,0.0,0,0,0,0,,24.175222450376456,1661.0
834483,2025-12-12,3000000,Athletic Bilbao,621,ES1,Álex,Padilla,Álex Padilla,2025,621,alex-padilla,Spain,Zarautz  ,Mexico,2003-09-01 00:00:00,Goalkeeper,Goalkeeper,right,190.0,2029-06-30 00:00:00,THE·TEAM,https://img.a.transfermarkt.technology/portrait/header/834483-1709676711.png?lm=1,3.0,0.0,,https://www.transfermarkt.co.uk/alex-padilla/profil/spieler/834483,ES1,Athletic Bilbao,3000000.0,3000000.0,2025,Alex Padilla,ESP-La Liga,2526,Athletic Club,Alex Padilla,ESP,GK,21,2003,1,1,90,1.0,4,4.0,8,4,50.0,0,0,1,0,0.0,0,0,0,0,,22.28062970568104,1296.0
1169436,2025-12-12,400000,Girona FC,12321,ES1,Vladyslav,Krapyvtsov,Vladyslav Krapyvtsov,2025,12321,vladyslav-krapyvtsov,Ukraine,Kharkiv  ,Ukraine,2005-06-25 00:00:00,Goalkeeper,Goalkeeper,right,188.0,2029-06-30 00:00:00,ProStar,https://img.a.transfermarkt.technology/portrait/header/1169436-1692105603.png?lm=1,4.0,0.0,,https://www.transfermarkt.co.uk/vladyslav-krapyvtsov/profil/spieler/1169436,ES1,Girona FC,300000.0,400000.0,2025,Vladyslav Krapyvtsov,ESP-La Liga,2526,Girona,Vladyslav Krapyvtsov,UKR,GK,20,2005,2,1,136,1.5,6,3.97,10,4,40.0,0,0,1,0,0.0,1,1,0,0,0.0,20.465434633812457,1296.0
45672,2025-12-15,2000000,Paris FC,10004,FR1,Kevin,Trapp,Kevin Trapp,2025,10004,kevin-trapp,Germany,Merzig  ,Germany,1990-07-08 00:00:00,Goalkeeper,Goalkeeper,right,189.0,2028-06-30 00:00:00,Sports360 GmbH,https://img.a.transfermarkt.technology/portrait/header/45672-1724772525.jpg?lm=1,9.0,0.0,,https://www.transfermarkt.co.uk/kevin-trapp/profil/spieler/45672,FR1,Paris FC,1800000.0,12000000.0,2025,Kevin Trapp,FRA-Ligue 1,2526,Paris FC,Kevin Trapp,GER,GK,35,1990,22,22,1980,22.0,29,1.32,87,56,66.7,8,8,6,7,31.8,8,6,1,1,14.3,35.43874058863792,928.0
48015,2025-12-15,1800000,AS Monaco,162,FR1,Lukas,Hradecky,Lukas Hradecky,2025,162,lukas-hradecky,CSSR,Bratislava  ,Finland,1989-11-24 00:00:00,Goalkeeper,Goalkeeper,right,192.0,2027-06-30 00:00:00,,https://img.a.transfermarkt.technology/portrait/header/48015-1695367833.jpg?lm=1,105.0,0.0,3443.0,https://www.transfermarkt.co.uk/lukas-hradecky/profil/spieler/48015,FR1,AS Monaco,1500000.0,12000000.0,2025,Lukáš Hrádecký,FRA-Ligue 1,2526,Monaco,Lukáš Hrádecký,FIN,GK,35,1989,17,17,1439,16.0,27,1.69,72,45,62.5,7,2,8,2,11.8,3,2,0,1,0.0,36.05749486652977,562.0
60561,2025-12-15,1000000,FC Nantes,995,FR1,Anthony,Lopes,Anthony Lopes,2025,995,anthony-lopes,France,Givors  ,Portugal,1990-10-01 00:00:00,Goalkeeper,Goalkeeper,left,184.0,2028-06-30 00:00:00,,https://img.a.transfermarkt.technology/portrait/header/60561-1640775949.jpg?lm=1,14.0,0.0,,https://www.transfermarkt.co.uk/anthony-lopes/profil/spieler/60561,FR1,FC Nantes,900000.0,25000000.0,2025,Anthony Lopes,FRA-Ligue 1,2526,Nantes,Anthony Lopes,POR,GK,34,1990,31,31,2788,31.0,50,1.61,147,97,66.0,4,7,20,6,19.4,5,5,0,0,0.0,35.20602327173169,928.0
112822,2025-12-15,250000,RC Strasbourg Alsace,667,FR1,Karl-Johan,Johnsson,Karl-Johan Johnsson,2025,667,karl-johan-johnsson,Sweden,Ränneslöv  ,Sweden,1990-01-28 00:00:00,Goalkeeper,Goalkeeper,right,188.0,,,https://img.a.transfermarkt.technology/portrait/header/112822-1732486706.png?lm=1,9.0,0.0,,https://www.transfermarkt.co.uk/karl-johan-johnsson/profil/spieler/112822,FR1,RC Strasbourg Alsace,200000.0,2500000.0,2025,Karl-Johan Johnsson,FRA-Ligue 1,2526,Strasbourg,Karl-Johan Johnsson,SWE,GK,35,1990,1,1,90,1.0,0,0.0,2,2,100.0,1,0,0,1,100.0,0,0,0,0,,35.879534565366185,0.0
127188,2025-12-15,800000,OGC Nice,417,FR1,Maxime,Dupé,Maxime Dupé,2025,417,maxime-dupe,France,Malestroit  ,France,1993-03-04 00:00:00,Goalkeeper,Goalkeeper,right,188.0,2028-06-30 00:00:00,SVF FOOT,https://img.a.transfermarkt.technology/portrait/header/127188-1756822707.jpg?lm=1,0.0,0.0,,https://www.transfermarkt.co.uk/maxime-dupe/profil/spieler/127188,FR1,OGC Nice,700000.0,2500000.0,2025,Maxime Dupé,FRA-Ligue 1,2526,Nice,Maxime Dupé,FRA,GK,32,1993,8,8,720,8.0,15,1.87,35,20,57.1,1,4,3,1,12.5,3,3,0,0,0.0,32.78302532511978,928.0
147051,2025-12-15,3000000,FC Lorient,1158,FR1,Yvon,Mvogo,Yvon Mvogo,2025,1158,yvon-mvogo,Cameroon,Yaoundé  ,Switzerland,1994-06-06 00:00:00,Goalkeeper,Goalkeeper,right,190.0,2027-06-30 00:00:00,THE·TEAM,https://img.a.transfermarkt.technology/portrait/header/147051-1719215379.jpg?lm=1,13.0,0.0,,https://www.transfermarkt.co.uk/yvon-mvogo/profil/spieler/147051,FR1,FC Lorient,2500000.0,4500000.0,2025,Yvon Mvogo,FRA-Ligue 1,2526,Lorient,Yvon Mvogo,SUI,GK,31,1994,31,31,2790,31.0,43,1.39,119,76,63.9,10,12,9,6,19.4,5,4,0,1,0.0,31.526351813826146,562.0
164904,2025-12-15,1000000,Le Havre AC,738,FR1,Mory,Diaw,Mory Diaw,2025,738,mory-diaw,France,Poissy  ,Senegal,1993-06-22 00:00:00,Goalkeeper,Goalkeeper,right,197.0,2027-06-30 00:00:00,,https://img.a.transfermarkt.technology/portrait/header/164904-1782195360.jpg?lm=1,8.0,0.0,,https://www.transfermarkt.co.uk/mory-diaw/profil/spieler/164904,FR1,Le Havre AC,900000.0,2000000.0,2025,Mory Diaw,FRA-Ligue 1,2526,Le Havre,Mory Diaw,SEN,GK,32,1993,30,30,2655,29.5,41,1.39,121,80,66.1,6,12,12,7,23.3,8,6,2,0,25.0,32.48186173853525,562.0
164915,2025-12-15,400000,Le Havre AC,738,FR1,Lionel,Mpasi-Nzau,Lionel Mpasi-Nzau,2025,738,lionel-mpasi-nzau,France,Meaux  ,DR Congo,1994-08-01 00:00:00,Goalkeeper,Goalkeeper,right,182.0,2027-06-30 00:00:00,ASR SPORT,https://img.a.transfermarkt.technology/portrait/header/164915-1666190720.JPG?lm=1,32.0,0.0,,https://www.transfermarkt.co.uk/lionel-mpasi-nzau/profil/spieler/164915,FR1,Le Havre AC,400000.0,700000.0,2025,Lionel Mpasi,FRA-Ligue 1,2526,Le Havre,Lionel Mpasi,COD,GK,30,1994,4,3,315,3.5,2,0.57,17,15,88.2,0,2,1,1,33.3,0,0,0,0,,31.37303216974675,562.0
170911,2025-12-15,900000,AJ Auxerre,290,FR1,Donovan,Léon,Donovan Léon,2025,290,donovan-leon,French Guiana,Cayenne  ,French Guiana,1992-11-03 00:00:00,Goalkeeper,Goalkeeper,right,187.0,2027-06-30 00:00:00,Trust 360,https://img.a.transfermarkt.technology/portrait/header/170911-1593969267.jpg?lm=1,37.0,0.0,,https://www.transfermarkt.co.uk/donovan-leon/profil/spieler/170911,FR1,AJ Auxerre,800000.0,1200000.0,2025,Donovan Léon,FRA-Ligue 1,2526,Auxerre,Donovan Léon,GUF,GK,32,1992,29,29,2460,27.3,35,1.28,130,95,73.1,7,9,13,9,31.0,3,2,1,0,33.3,33.11430527036276,562.0
190280,2025-12-15,500000,FC Nantes,995,FR1,Patrik,Carlgren,Patrik Carlgren,2025,995,patrik-carlgren,Sweden,Falun  ,Sweden,1992-01-08 00:00:00,Goalkeeper,Goalkeeper,right,189.0,,,https://img.a.transfermarkt.technology/portrait/header/190280-1726237403.jpg?lm=1,1.0,0.0,,https://www.transfermarkt.co.uk/patrik-carlgren/profil/spieler/190280,FR1,FC Nantes,400000.0,1200000.0,2025,Patrik Carlgren,FRA-Ligue 1,2526,Nantes,Patrik Carlgren,SWE,GK,33,1992,3,2,182,2.0,2,0.99,13,11,84.6,1,1,0,1,50.0,0,0,0,0,,33.935660506502394,0.0
191056,2025-12-15,10000000,Stade Rennais FC,273,FR1,Brice,Samba,Brice Samba,2025,273,brice-samba,Congo,Linzolo  ,France,1994-04-25 00:00:00,Goalkeeper,Goalkeeper,left,187.0,2029-06-30 00:00:00,Sport Cover,https://img.a.transfermarkt.technology/portrait/header/191056-1602242038.jpg?lm=1,4.0,0.0,,https://www.transfermarkt.co.uk/brice-samba/profil/spieler/191056,FR1,Stade Rennais FC,7000000.0,15000000.0,2025,Brice Samba,FRA-Ligue 1,2526,Rennes,Brice Samba,FRA,GK,31,1994,32,32,2880,32.0,44,1.37,129,84,65.9,17,8,7,10,31.3,6,4,2,0,33.3,31.641341546885695,1293.0
229604,2025-12-15,9000000,Olympique Marseille,244,FR1,Gerónimo,Rulli,Gerónimo Rulli,2025,244,geronimo-rulli,Argentina,La Plata  ,Argentina,1992-05-20 00:00:00,Goalkeeper,Goalkeeper,right,189.0,2027-06-30 00:00:00,KMB,https://img.a.transfermarkt.technology/portrait/header/229604-1698670758.jpg?lm=1,8.0,0.0,,https://www.transfermarkt.co.uk/geronimo-rulli/profil/spieler/229604,FR1,Olympique Marseille,6000000.0,14000000.0,2025,Gerónimo Rulli,FRA-Ligue 1,2526,Marseille,Gerónimo Rulli,ARG,GK,33,1992,29,29,2610,29.0,34,1.17,110,76,69.1,15,5,9,8,27.6,6,5,0,1,0.0,33.57152635181382,562.0
251322,2025-12-15,4000000,AS Monaco,162,FR1,Philipp,Köhn,Philipp Köhn,2025,162,philipp-kohn,Germany,Dinslaken  ,Switzerland,1998-04-02 00:00:00,Goalkeeper,Goalkeeper,right,190.0,2028-06-30 00:00:00,,https://img.a.transfermarkt.technology/portrait/header/251322-1661531623.png?lm=1,0.0,0.0,,https://www.transfermarkt.co.uk/philipp-kohn/profil/spieler/251322,FR1,AS Monaco,3500000.0,8000000.0,2025,Philipp Köhn,FRA-Ligue 1,2526,Monaco,Philipp Köhn,SUI,GK,27,1998,19,17,1621,18.0,27,1.5,75,48,64.0,9,4,4,5,29.4,2,2,0,0,0.0,27.704312114989733,928.0
282028,2025-12-15,2000000,Olympique Lyon,1041,FR1,Rémy,Descamps,Rémy Descamps,2025,1041,remy-descamps,France,Marcq-en-Barœul  ,France,1996-06-25 00:00:00,Goalkeeper,Goalkeeper,both,196.0,2029-06-30 00:00:00,BESTWAY SOCCER,https://img.a.transfermarkt.technology/portrait/header/282028-1608790532.jpg?lm=1,0.0,0.0,,https://www.transfermarkt.co.uk/remy-descamps/profil/spieler/282028,FR1,Olympique Lyon,1500000.0,2000000.0,2025,Rémy Descamps,FRA-Ligue 1,2526,Lyon,Rémy Descamps,FRA,GK,29,1996,5,5,450,5.0,3,0.6,17,14,82.4,3,1,1,4,80.0,0,0,0,0,,29.472963723477072,1293.0
315253,2025-12-15,2000000,Olympique Marseille,244,FR1,Jeffrey,de Lange,Jeffrey de Lange,2025,244,jeffrey-de-lange,Netherlands,Amstelveen  ,Netherlands,1998-04-01 00:00:00,Goalkeeper,Goalkeeper,right,190.0,2027-06-30 00:00:00,Muy Manero,https://img.a.transfermarkt.technology/portrait/header/315253-1723035184.jpg?lm=1,2.0,0.0,,https://www.transfermarkt.co.uk/jeffrey-de-lange/profil/spieler/315253,FR1,Olympique Marseille,2500000.0,3000000.0,2025,Jeffrey De Lange,FRA-Ligue 1,2526,Marseille,Jeffrey De Lange,NED,GK,27,1998,5,5,450,5.0,11,2.2,24,13,54.2,3,0,2,1,20.0,0,0,0,0,,27.707049965776864,562.0
316884,2025-12-15,8000000,Olympique Lyon,1041,FR1,Dominik,Greif,Dominik Greif,2025,1041,dominik-greif,Slovakia,Bratislava  ,Slovakia,1997-04-06 00:00:00,Goalkeeper,Goalkeeper,right,197.0,2029-06-30 00:00:00,Stars & Friends,https://img.a.transfermarkt.technology/portrait/header/316884-1773950159.jpg?lm=1,5.0,0.0,,https://www.transfermarkt.co.uk/dominik-greif/profil/spieler/316884,FR1,Olympique Lyon,9000000.0,9000000.0,2025,Dominik Greif,FRA-Ligue 1,2526,Lyon,Dominik Greif,SVK,GK,28,1997,29,29,2610,29.0,37,1.28,115,77,67.8,15,5,9,11,37.9,5,2,3,0,60.0,28.692676249144423,1293.0
318470,2025-12-15,15000000,Paris Saint-Germain,583,FR1,Matvey,Safonov,Matvey Safonov,2025,583,matvey-safonov,Russia,Krasnodar  ,Russia,1999-02-25 00:00:00,Goalkeeper,Goalkeeper,right,192.0,2029-06-30 00:00:00,BUILD-UP,https://img.a.transfermarkt.technology/portrait/header/318470-1732658603.jpg?lm=1,18.0,0.0,,https://www.transfermarkt.co.uk/matvey-safonov/profil/spieler/318470,FR1,Paris Saint-Germain,30000000.0,30000000.0,2025,Matvei Safonov,FRA-Ligue 1,2526,Paris SG,Matvei Safonov,RUS,GK,26,1999,15,15,1350,15.0,14,0.93,54,40,74.1,11,0,4,8,53.3,1,0,1,0,100.0,26.803559206023273,1293.0
328770,2025-12-15,500000,FC Toulouse,415,FR1,Kjetil,Haug,Kjetil Haug,2025,415,kjetil-haug,Norway,Halden  ,Norway,1998-06-12 00:00:00,Goalkeeper,Goalkeeper,right,191.0,2029-06-30 00:00:00,Golden Sports Mgmt,https://img.a.transfermarkt.technology/portrait/header/328770-1663671597.jpg?lm=1,5.0,0.0,,https://www.transfermarkt.co.uk/kjetil-haug/profil/spieler/328770,FR1,FC Toulouse,400000.0,600000.0,2025,Kjetil Haug,FRA-Ligue 1,2526,Toulouse,Kjetil Haug,NOR,GK,27,1998,1,0,31,0.3,1,2.9,2,1,50.0,0,0,0,0,,0,0,0,0,,27.509924709103355,1293.0
333175,2025-12-15,700000,FC Lorient,1158,FR1,Bingourou,Kamara,Bingourou Kamara,2025,1158,bingourou-kamara,France,Longjumeau  ,Senegal,1996-10-21 00:00:00,Goalkeeper,Goalkeeper,right,195.0,2027-06-30 00:00:00,B2W,https://img.a.transfermarkt.technology/portrait/header/333175-1525697908.jpg?lm=1,2.0,0.0,,https://www.transfermarkt.co.uk/bingourou-kamara/profil/spieler/333175,FR1,FC Lorient,600000.0,2500000.0,2025,Bingourou Kamara,FRA-Ligue 1,2526,Lorient,Bingourou Kamara,SEN,GK,28,1996,3,3,270,3.0,8,2.67,16,8,50.0,1,0,2,1,33.3,1,0,0,1,,29.149897330595483,562.0
346546,2025-12-15,4000000,Stade Brestois 29,3911,FR1,Radoslaw,Majecki,Radoslaw Majecki,2025,3911,radoslaw-majecki,Poland,Starachowice  ,Poland,1999-11-16 00:00:00,Goalkeeper,Goalkeeper,right,193.0,2028-06-30 00:00:00,ROOF,https://img.a.transfermarkt.technology/portrait/header/346546-1672484869.jpg?lm=1,1.0,0.0,,https://www.transfermarkt.co.uk/radoslaw-majecki/profil/spieler/346546,FR1,Stade Brestois 29,2500000.0,7000000.0,2025,Radosław Majecki,FRA-Ligue 1,2526,Brest,Radosław Majecki,POL,GK,25,1999,10,10,864,9.6,18,1.87,44,26,59.1,1,4,5,3,30.0,1,1,0,0,0.0,26.080766598220396,928.0
361256,2025-12-15,10000000,LOSC Lille,1082,FR1,Berke,Özer,Berke Özer,2025,1082,berke-ozer,Türkiye,İzmir  ,Türkiye,2000-05-25 00:00:00,Goalkeeper,Goalkeeper,right,191.0,2029-06-30 00:00:00,Gold and Foot,https://img.a.transfermarkt.technology/portrait/header/361256-1773343032.jpg?lm=1,2.0,0.0,,https://www.transfermarkt.co.uk/berke-ozer/profil/spieler/361256,FR1,LOSC Lille,10000000.0,10000000.0,2025,Berke Özer,FRA-Ligue 1,2526,Lille,Berke Özer,TUR,GK,25,2000,32,32,2834,31.5,34,1.08,105,70,67.6,18,7,7,13,40.6,3,1,1,1,50.0,25.557837097878167,1293.0
415383,2025-12-15,3000000,Angers SCO,1420,FR1,Hervé,Koffi,Hervé Koffi,2025,1420,herve-koffi,Burkina Faso,Bobo-Dioulasso  ,Burkina Faso,1996-10-16 00:00:00,Goalkeeper,Goalkeeper,right,186.0,2028-06-30 00:00:00,ASR SPORT,https://img.a.transfermarkt.technology/portrait/header/415383-1672499883.jpg?lm=1,70.0,0.0,,https://www.transfermarkt.co.uk/herve-koffi/profil/spieler/415383,FR1,Angers SCO,6000000.0,6000000.0,2025,Hervé Koffi,FRA-Ligue 1,2526,Angers,Hervé Koffi,BFA,GK,28,1996,30,30,2658,29.5,36,1.22,157,120,77.1,9,9,12,10,33.3,6,3,2,1,40.0,29.163586584531142,928.0
417278,2025-12-15,2000000,LOSC Lille,1082,FR1,Arnaud,Bodart,Arnaud Bodart,2025,1082,arnaud-bodart,Belgium,Seraing  ,Belgium,1998-03-11 00:00:00,Goalkeeper,Goalkeeper,right,186.0,2027-06-30 00:00:00,DWMA,https://img.a.transfermarkt.technology/portrait/header/417278-1704961747.jpg?lm=1,0.0,0.0,,https://www.transfermarkt.co.uk/arnaud-bodart/profil/spieler/417278,FR1,LOSC Lille,1500000.0,6500000.0,2025,Arnaud Bodart,FRA-Ligue 1,2526,Lille,Arnaud Bodart,BEL,GK,27,1998,3,2,226,2.5,3,1.19,7,4,57.1,0,0,2,0,0.0,1,1,0,0,0.0,27.76454483230664,562.0
448632,2025-12-15,9000000,OGC Nice,417,FR1,Yehvann,Diouf,Yehvann Diouf,2025,417,yehvann-diouf,France,Montreuil-sous-Bois  ,Senegal,1999-11-16 00:00:00,Goalkeeper,Goalkeeper,right,188.0,2030-06-30 00:00:00,FAIR SPORT MNG,https://img.a.transfermarkt.technology/portrait/header/448632-1756822717.jpg?lm=1,2.0,0.0,,https://www.transfermarkt.co.uk/yehvann-diouf/profil/spieler/448632,FR1,OGC Nice,7000000.0,12000000.0,2025,Yehvann Diouf,FRA-Ligue 1,2526,Nice,Yehvann Diouf,SEN,GK,25,1999,26,26,2340,26.0,45,1.73,136,91,66.9,6,7,13,5,19.2,7,5,1,1,16.7,26.080766598220396,1658.0
463600,2025-12-15,35000000,Paris Saint-Germain,583,FR1,Lucas,Chevalier,Lucas Chevalier,2025,583,lucas-chevalier,France,Calais  ,France,2001-11-06 00:00:00,Goalkeeper,Goalkeeper,right,189.0,2030-06-30 00:00:00,,https://img.a.transfermarkt.technology/portrait/header/463600-1708342501.jpg?lm=1,1.0,0.0,,https://www.transfermarkt.co.uk/lucas-chevalier/profil/spieler/463600,FR1,Paris Saint-Germain,25000000.0,40000000.0,2025,Lucas Chevalier,FRA-Ligue 1,2526,Paris SG,Lucas Chevalier,FRA,GK,23,2001,17,17,1530,17.0,13,0.76,45,32,71.1,12,3,2,9,52.9,3,1,1,1,50.0,24.10677618069815,1658.0
525155,2025-12-15,800000,Stade Brestois 29,3911,FR1,Grégoire,Coudert,Grégoire Coudert,2025,3911,gregoire-coudert,France,Rodez  ,France,1999-04-03 00:00:00,Goalkeeper,Goalkeeper,left,192.0,2027-06-30 00:00:00,Gersh,https://img.a.transfermarkt.technology/portrait/header/525155-1632761084.jpg?lm=1,0.0,0.0,,https://www.transfermarkt.co.uk/gregoire-coudert/profil/spieler/525155,FR1,Stade Brestois 29,4000000.0,4000000.0,2025,Grégoire Coudert,FRA-Ligue 1,2526,Brest,Grégoire Coudert,FRA,GK,26,1999,25,24,2192,24.4,40,1.64,116,76,65.5,9,5,10,6,25.0,4,3,1,0,25.0,26.702258726899384,562.0
542452,2025-12-15,3000000,FC Metz,347,FR1,Jonathan,Fischer,Jonathan Fischer,2025,347,jonathan-fischer,,,Denmark,2001-11-09 00:00:00,Goalkeeper,Goalkeeper,left,198.0,2029-06-30 00:00:00,AS1,https://img.a.transfermarkt.technology/portrait/header/542452-1711581097.jpg?lm=1,2.0,0.0,,https://www.transfermarkt.co.uk/jonathan-fischer/profil/spieler/542452,FR1,FC Metz,2000000.0,3500000.0,2025,Jonathan Fischer,FRA-Ligue 1,2526,Metz,Jonathan Fischer,DEN,GK,23,2001,27,26,2354,26.2,56,2.14,148,92,62.2,3,5,18,5,19.2,7,6,1,0,14.3,24.098562628336754,1293.0
548347,2025-12-15,300000,Angers SCO,1420,FR1,Melvin,Zinga,Melvin Zinga,2025,1420,melvin-zinga,France,Montivilliers  ,France,2002-03-16 00:00:00,Goalkeeper,Goalkeeper,left,187.0,,TEAM REAG CONSULTING,https://img.a.transfermarkt.technology/portrait/header/548347-1750955335.png?lm=1,5.0,0.0,,https://www.transfermarkt.co.uk/melvin-zinga/profil/spieler/548347,FR1,Angers SCO,300000.0,300000.0,2025,Melvin Zinga,FRA-Ligue 1,2526,Angers,Melvin Zinga,CGO,GK,23,2002,3,2,222,2.5,5,2.03,13,8,61.5,0,0,2,0,0.0,0,0,0,0,,23.750855578370977,0.0
549378,2025-12-15,3000000,Rosenborg BK,195,NO1,Sander,Tangvik,Sander Tangvik,2025,41,sander-tangvik,Norway,Trondheim  ,Norway,2002-11-29 00:00:00,Goalkeeper,Goalkeeper,right,193.0,2030-06-30 00:00:00,,https://img.a.transfermarkt.technology/portrait/header/549378-1768895607.jpg?lm=1,0.0,0.0,,https://www.transfermarkt.co.uk/sander-tangvik/profil/spieler/549378,L1,Hamburger SV,3000000.0,3500000.0,2025,Sander Tangvik,,2526,Hamburger SV,Sander Tangvik,NOR,GK,22,2002,1,1,90,1.0,1,1.0,7,6,85.7,0,1,0,0,0.0,1,0,1,0,100.0,23.044490075290895,1658.0
695422,2025-12-15,300000,AJ Auxerre,290,FR1,Théo,De Percin,Théo De Percin,2025,290,theo-de-percin,France,Tarbes  ,France,2001-02-02 00:00:00,Goalkeeper,Goalkeeper,right,185.0,2029-06-30 00:00:00,Kemari,https://img.a.transfermarkt.technology/portrait/header/695422-1672329898.jpg?lm=1,1.0,0.0,,https://www.transfermarkt.co.uk/theo-de-percin/profil/spieler/695422,FR1,AJ Auxerre,400000.0,400000.0,2025,Théo De Percin,FRA-Ligue 1,2526,Auxerre,Théo De Percin,MTQ,GK,24,2001,8,5,598,6.6,9,1.35,24,15,62.5,1,1,3,1,20.0,2,1,1,0,50.0,24.865160848733744,1293.0
709980,2025-12-15,25000,Aarhus GF,678,DK1,Jonathan,Hutters,Jonathan Hutters,2024,678,jonathan-hutters,,,Denmark,2004-02-21 00:00:00,Goalkeeper,Goalkeeper,right,186.0,2026-06-30 00:00:00,CMA Group,https://img.a.transfermarkt.technology/portrait/header/default.jpg?lm=1,2.0,0.0,,https://www.transfermarkt.co.uk/jonathan-hutters/profil/spieler/709980,DK1,Aarhus GF,25000.0,25000.0,2025,Jonathan Fischer,FRA-Ligue 1,2526,Metz,Jonathan Fischer,DEN,GK,23,2001,27,26,2354,26.2,56,2.14,148,92,62.2,3,5,18,5,19.2,7,6,1,0,14.3,21.815195071868583,197.0
743515,2025-12-15,10000000,RC Lens,826,FR1,Robin,Risser,Robin Risser,2025,826,robin-risser,France,Colmar  ,France,2004-12-02 00:00:00,Goalkeeper,Goalkeeper,right,193.0,2030-06-30 00:00:00,Carmenta,https://img.a.transfermarkt.technology/portrait/header/743515-1732575159.png?lm=1,0.0,0.0,,https://www.transfermarkt.co.uk/robin-risser/profil/spieler/743515,FR1,RC Lens,30000000.0,30000000.0,2025,Robin Risser,FRA-Ligue 1,2526,Lens,Robin Risser,FRA,GK,20,2004,33,33,2970,33.0,35,1.06,111,76,68.5,21,4,8,11,33.3,6,3,2,1,40.0,21.034907597535934,1658.0
750878,2025-12-15,6000000,Paris FC,10004,FR1,Obed,Nkambadio,Obed Nkambadio,2025,10004,obed-nkambadio,France,Paris  ,France,2003-02-07 00:00:00,Goalkeeper,Goalkeeper,right,190.0,2027-06-30 00:00:00,Mickael Libong,https://img.a.transfermarkt.technology/portrait/header/750878-1750172738.jpg?lm=1,1.0,0.0,,https://www.transfermarkt.co.uk/obed-nkambadio/profil/spieler/750878,FR1,Paris FC,5000000.0,7000000.0,2025,Obed Nkambadio,FRA-Ligue 1,2526,Paris FC,Obed Nkambadio,FRA,GK,22,2003,12,12,1080,12.0,21,1.75,47,26,55.3,3,3,6,1,8.3,4,2,1,1,33.3,22.85284052019165,562.0
802715,2025-12-15,25000,FC Fredericia,5776,DK1,Mads,Eriksen,Mads Eriksen,2025,5776,mads-eriksen,,,Denmark,2003-10-30 00:00:00,Goalkeeper,Goalkeeper,right,198.0,,Bak Agency,https://img.a.transfermarkt.technology/portrait/header/default.jpg?lm=1,,,,https://www.transfermarkt.co.uk/mads-eriksen/profil/spieler/802715,DK1,FC Fredericia,25000.0,25000.0,2025,Mads Hermansen,ENG-Premier League,2526,West Ham,Mads Hermansen,DEN,GK,25,2000,18,18,1620,18.0,28,1.56,82,53,65.9,6,4,8,7,38.9,1,1,0,0,0.0,22.127310061601644,0.0
834397,2025-12-15,15000000,RC Strasbourg Alsace,667,FR1,Mike,Penders,Mike Penders,2025,667,mike-penders,Belgium,Maasmechelen  ,Belgium,2005-07-31 00:00:00,Goalkeeper,Goalkeeper,left,200.0,2032-06-30 00:00:00,MARTIN RIHA,https://img.a.transfermarkt.technology/portrait/header/834397-1782074650.jpg?lm=1,0.0,0.0,,https://www.transfermarkt.co.uk/mike-penders/profil/spieler/834397,FR1,RC Strasbourg Alsace,25000000.0,25000000.0,2025,Mike Penders,FRA-Ligue 1,2526,Strasbourg,Mike Penders,BEL,GK,20,2005,33,33,2970,33.0,47,1.42,154,107,69.5,14,8,11,8,24.2,5,4,1,0,20.0,20.3750855578371,2389.0
912902,2025-12-15,20000000,FC Toulouse,415,FR1,Guillaume,Restes,Guillaume Restes,2025,415,guillaume-restes,France,Toulouse  ,France,2005-03-11 00:00:00,Goalkeeper,Goalkeeper,left,188.0,2028-06-30 00:00:00,Unique Sports Group,https://img.a.transfermarkt.technology/portrait/header/912902-1676656145.jpg?lm=1,19.0,0.0,,https://www.transfermarkt.co.uk/guillaume-restes/profil/spieler/912902,FR1,FC Toulouse,18000000.0,20000000.0,2025,Guillaume Restes,FRA-Ligue 1,2526,Toulouse,Guillaume Restes,FRA,GK,20,2005,33,33,2939,32.7,45,1.38,129,84,65.1,12,8,13,9,27.3,5,5,0,0,0.0,20.763860369609855,928.0
988275,2025-12-15,50000,Le Havre AC,738,FR1,Paul,Argney,Paul Argney,2025,738,paul-argney,France,Granville  ,France,2006-05-23 00:00:00,Goalkeeper,Goalkeeper,right,186.0,2027-06-30 00:00:00,SEG,https://img.a.transfermarkt.technology/portrait/header/988275-1701165489.jpg?lm=1,6.0,0.0,,https://www.transfermarkt.co.uk/paul-argney/profil/spieler/988275,FR1,Le Havre AC,200000.0,200000.0,2025,Paul Argney,FRA-Ligue 1,2526,Le Havre,Paul Argney,FRA,GK,19,2006,1,1,90,1.0,1,1.0,3,2,66.7,1,0,0,0,0.0,0,0,0,0,,19.564681724845997,562.0
1041614,2025-12-15,500000,Paris Saint-Germain,583,FR1,Renato,Marin,Renato Marin,2025,583,renato-marin,Brazil,São Paulo  ,Italy,2006-07-10 00:00:00,Goalkeeper,Goalkeeper,right,190.0,2027-06-30 00:00:00,,https://img.a.transfermarkt.technology/portrait/header/1041614-1730123074.jpg?lm=1,12.0,0.0,,https://www.transfermarkt.co.uk/renato-marin/profil/spieler/1041614,FR1,Paris Saint-Germain,1000000.0,1000000.0,2025,Renato Marin,FRA-Ligue 1,2526,Paris SG,Renato Marin,ITA,GK,19,2006,2,2,180,2.0,2,1.0,5,3,60.0,1,1,0,1,50.0,0,0,0,0,,19.433264887063654,562.0
112541,2025-12-16,1000000,Dynamo Moscow,121,RU1,Andrey,Lunev,Andrey Lunev,2025,121,andrey-lunev,UdSSR,Moskau  ,Russia,1991-11-13 00:00:00,Goalkeeper,Goalkeeper,right,190.0,2027-06-30 00:00:00,,https://img.a.transfermarkt.technology/portrait/header/112541-1721727463.png?lm=1,9.0,0.0,,https://www.transfermarkt.co.uk/andrey-lunev/profil/spieler/112541,RU1,FK Dinamo Moskva,800000.0,10500000.0,2025,Andriy Lunin,ESP-La Liga,2526,Real Madrid,Andriy Lunin,UKR,GK,26,1999,6,6,540,6.0,7,1.17,23,16,69.6,3,2,1,1,16.7,0,0,0,0,,34.091718001368925,561.0
78570,2025-12-18,1500000,Al-Khaleej FC,6070,SA1,Anthony,Moris,Anthony Moris,2025,6070,anthony-moris,Belgium,Arlon  ,Luxembourg,1990-04-29 00:00:00,Goalkeeper,Goalkeeper,left,186.0,2027-06-30 00:00:00,Soccerprod,https://img.a.transfermarkt.technology/portrait/header/78570-1714467075.png?lm=1,82.0,0.0,,https://www.transfermarkt.co.uk/anthony-moris/profil/spieler/78570,SA1,Al-Khaleej Club (Saihat),1200000.0,2000000.0,2025,Anthony Lopes,FRA-Ligue 1,2526,Nantes,Anthony Lopes,POR,GK,34,1990,31,31,2788,31.0,50,1.61,147,97,66.0,4,7,20,6,19.4,5,5,0,0,0.0,35.63860369609856,559.0
17259,2025-12-19,4000000,Bayern Munich,27,L1,Manuel,Neuer,Manuel Neuer,2025,27,manuel-neuer,Germany,Gelsenkirchen  ,Germany,1986-03-27 00:00:00,Goalkeeper,Goalkeeper,right,193.0,2027-06-30 00:00:00,PRO Profil GmbH,https://img.a.transfermarkt.technology/portrait/header/17259-1762943283.jpg?lm=1,128.0,0.0,,https://www.transfermarkt.co.uk/manuel-neuer/profil/spieler/17259,L1,Bayern Munich,4000000.0,45000000.0,2025,Manuel Neuer,,2526,Bayern Munich,Manuel Neuer,GER,GK,39,1986,22,22,1859,20.7,20,0.97,51,31,60.8,19,3,0,7,31.8,1,1,0,0,0.0,39.73169062286105,558.0
40680,2025-12-19,500000,Bayern Munich,27,L1,Sven,Ulreich,Sven Ulreich,2025,27,sven-ulreich,Germany,Schorndorf  ,Germany,1988-08-03 00:00:00,Goalkeeper,Goalkeeper,right,192.0,2027-06-30 00:00:00,,https://img.a.transfermarkt.technology/portrait/header/40680-1700659982.jpg?lm=1,0.0,0.0,,https://www.transfermarkt.co.uk/sven-ulreich/profil/spieler/40680,L1,Bayern Munich,500000.0,6000000.0,2025,Sven Ulreich,,2526,Bayern Munich,Sven Ulreich,GER,GK,36,1988,1,1,90,1.0,1,1.0,7,6,85.7,0,1,0,0,0.0,0,0,0,0,,37.37713894592745,558.0
55089,2025-12-19,3000000,TSG 1899 Hoffenheim,533,L1,Oliver,Baumann,Oliver Baumann,2025,533,oliver-baumann,Germany,Breisach am Rhein  ,Germany,1990-06-02 00:00:00,Goalkeeper,Goalkeeper,right,187.0,2028-06-30 00:00:00,CN Sports,https://img.a.transfermarkt.technology/portrait/header/55089-1755090197.jpg?lm=1,13.0,0.0,,https://www.transfermarkt.co.uk/oliver-baumann/profil/spieler/55089,L1,TSG 1899 Hoffenheim,2500000.0,10000000.0,2025,Oliver Baumann,,2526,Hoffenheim,Oliver Baumann,GER,GK,35,1990,34,34,3060,34.0,52,1.53,150,98,65.3,18,7,9,7,20.6,7,5,0,2,0.0,35.5482546201232,924.0
57071,2025-12-19,2000000,RB Leipzig,23826,L1,Péter,Gulácsi,Péter Gulácsi,2025,23826,peter-gulacsi,Hungary,Budapest  ,Hungary,1990-05-06 00:00:00,Goalkeeper,Goalkeeper,right,193.0,2027-06-30 00:00:00,,https://img.a.transfermarkt.technology/portrait/header/57071-1719214600.jpg?lm=1,58.0,0.0,,https://www.transfermarkt.co.uk/peter-gulacsi/profil/spieler/57071,L1,RB Leipzig,1000000.0,13000000.0,2025,Péter Gulácsi,,2526,RB Leipzig,Péter Gulácsi,HUN,GK,35,1990,23,23,2008,22.3,32,1.43,85,52,62.4,12,4,7,9,39.1,2,2,0,0,0.0,35.62217659137577,558.0
81173,2025-12-19,700000,Bayer 04 Leverkusen,15,L1,Janis,Blaswich,Janis Blaswich,2025,15,janis-blaswich,Germany,Willich  ,Germany,1991-05-02 00:00:00,Goalkeeper,Goalkeeper,right,193.0,2027-06-30 00:00:00,PRO Profil GmbH,https://img.a.transfermarkt.technology/portrait/header/81173-1758702865.jpg?lm=1,0.0,0.0,,https://www.transfermarkt.co.uk/janis-blaswich/profil/spieler/81173,L1,Bayer 04 Leverkusen,700000.0,4000000.0,2025,Janis Blaswich,,2526,Leverkusen,Janis Blaswich,GER,GK,34,1991,11,10,931,10.3,9,0.87,50,41,82.0,5,4,1,3,30.0,0,0,0,0,,34.63381245722108,558.0
84993,2025-12-19,1200000,Hamburger SV,41,L1,Daniel,Heuer Fernandes,Daniel Heuer Fernandes,2025,41,daniel-heuer-fernandes,Germany,Bochum  ,Portugal,1992-11-13 00:00:00,Goalkeeper,Goalkeeper,right,188.0,2028-06-30 00:00:00,ROOF,https://img.a.transfermarkt.technology/portrait/header/84993-1758189215.jpg?lm=1,6.0,0.0,,https://www.transfermarkt.co.uk/daniel-heuer-fernandes/profil/spieler/84993,L1,Hamburger SV,1200000.0,1250000.0,2025,Daniel Heuer Fernandes,,2526,Hamburger SV,Daniel Heuer Fernandes,POR,GK,32,1992,33,33,2970,33.0,53,1.61,158,105,66.5,9,10,14,6,18.2,10,6,2,2,25.0,33.097878165639976,924.0
90317,2025-12-19,250000,1.FSV Mainz 05,39,L1,Daniel,Batz,Daniel Batz,2025,39,daniel-batz,Germany,Erlangen  ,Germany,1991-01-12 00:00:00,Goalkeeper,Goalkeeper,both,191.0,2026-06-30 00:00:00,Soccer and more,https://img.a.transfermarkt.technology/portrait/header/90317-1722886526.jpg?lm=1,0.0,0.0,,https://www.transfermarkt.co.uk/daniel-batz/profil/spieler/90317,L1,1.FSV Mainz 05,350000.0,350000.0,2025,Daniel Batz,,2526,Mainz 05,Daniel Batz,GER,GK,34,1991,21,21,1890,21.0,27,1.29,97,70,72.2,9,7,5,4,19.0,1,1,0,0,0.0,34.93497604380561,193.0
107775,2025-12-19,2500000,1.FC Union Berlin,89,L1,Frederik,Rönnow,Frederik Rönnow,2025,89,frederik-ronnow,Denmark,Horsens  ,Denmark,1992-08-04 00:00:00,Goalkeeper,Goalkeeper,right,188.0,,BTAM,https://img.a.transfermarkt.technology/portrait/header/107775-1692707378.jpg?lm=1,10.0,0.0,,https://www.transfermarkt.co.uk/frederik-ronnow/profil/spieler/107775,L1,1.FC Union Berlin,2000000.0,5500000.0,2025,Frederik Rønnow,,2526,Union Berlin,Frederik Rønnow,DEN,GK,32,1992,30,30,2640,29.3,54,1.84,131,75,58.8,7,8,15,5,16.7,6,6,0,0,0.0,33.374401095140314,0.0
125714,2025-12-19,8000000,Bayer 04 Leverkusen,15,L1,Mark,Flekken,Mark Flekken,2025,15,mark-flekken,Netherlands,Bocholtz   ,Netherlands,1993-06-13 00:00:00,Goalkeeper,Goalkeeper,both,195.0,2028-06-30 00:00:00,SEG,https://img.a.transfermarkt.technology/portrait/header/125714-1758704276.jpg?lm=1,12.0,0.0,,https://www.transfermarkt.co.uk/mark-flekken/profil/spieler/125714,L1,Bayer 04 Leverkusen,6000000.0,12000000.0,2025,Mark Flekken,,2526,Leverkusen,Mark Flekken,NED,GK,32,1993,24,24,2129,23.7,38,1.61,117,79,67.5,12,4,8,5,20.8,7,7,0,0,0.0,32.51745379876797,924.0
160929,2025-12-19,3000000,1.FC Köln,3,L1,Marvin,Schwäbe,Marvin Schwäbe,2025,3,marvin-schwabe,Germany,Dieburg  ,Germany,1995-04-25 00:00:00,Goalkeeper,Goalkeeper,right,190.0,2027-06-30 00:00:00,,https://img.a.transfermarkt.technology/portrait/header/160929-1721140634.jpg?lm=1,4.0,0.0,,https://www.transfermarkt.co.uk/marvin-schwabe/profil/spieler/160929,L1,1.FC Köln,3000000.0,7000000.0,2025,Marvin Schwäbe,,2526,Köln,Marvin Schwäbe,GER,GK,30,1995,34,34,3060,34.0,63,1.85,155,92,59.4,7,11,16,3,8.8,7,5,2,0,28.6,30.652977412731005,558.0
160963,2025-12-19,3000000,1.FSV Mainz 05,39,L1,Robin,Zentner,Robin Zentner,2025,39,robin-zentner,Germany,Rüdesheim am Rhein  ,Germany,1994-10-28 00:00:00,Goalkeeper,Goalkeeper,right,194.0,2028-06-30 00:00:00,W&K Fairplay,https://img.a.transfermarkt.technology/portrait/header/160963-1676499369.jpg?lm=1,1.0,0.0,,https://www.transfermarkt.co.uk/robin-zentner/profil/spieler/160963,L1,1.FSV Mainz 05,2500000.0,5000000.0,2025,Robin Zentner,,2526,Mainz 05,Robin Zentner,GER,GK,30,1994,10,10,876,9.7,14,1.44,45,31,68.9,1,3,6,0,0.0,0,0,0,0,,31.143052703627653,924.0
161057,2025-12-19,350000,1.FC Union Berlin,89,L1,Carl,Klaus,Carl Klaus,2025,89,carl-klaus,Germany,Stuttgart  ,Germany,1994-01-16 00:00:00,Goalkeeper,Goalkeeper,right,189.0,,,https://img.a.transfermarkt.technology/portrait/header/161057-1755624992.jpg?lm=1,0.0,0.0,,https://www.transfermarkt.co.uk/carl-klaus/profil/spieler/161057,L1,1.FC Union Berlin,350000.0,350000.0,2025,Carl Klaus,,2526,Union Berlin,Carl Klaus,GER,GK,31,1994,4,3,330,3.7,4,1.09,13,9,69.2,2,1,0,1,33.3,0,0,0,0,,31.923340177960302,0.0
168278,2025-12-19,200000,ACSC FC Arges,41278,RO1,David,Lazar,David Lazar,2025,58049,david-lazar,Romania,Oradea  ,Romania,1991-08-08 00:00:00,Goalkeeper,Goalkeeper,,185.0,2028-06-30 00:00:00,,https://img.a.transfermarkt.technology/portrait/header/168278-1676965564.png?lm=1,1.0,0.0,,https://www.transfermarkt.co.uk/david-lazar/profil/spieler/168278,RO1,FC Hermannstadt,175000.0,1200000.0,2025,David Raya,ENG-Premier League,2526,Arsenal,David Raya,ESP,GK,29,1995,37,37,3330,37.0,26,0.7,86,59,69.8,25,7,5,19,51.4,0,0,0,0,,34.365503080082135,924.0
195778,2025-12-19,12000000,VfB Stuttgart,79,L1,Alexander,Nübel,Alexander Nübel,2025,79,alexander-nubel,Germany,Paderborn  ,Germany,1996-09-30 00:00:00,Goalkeeper,Goalkeeper,right,193.0,2029-06-30 00:00:00,Siebert & Backs,https://img.a.transfermarkt.technology/portrait/header/195778-1783582812.png?lm=1,3.0,0.0,,https://www.transfermarkt.co.uk/alexander-nubel/profil/spieler/195778,L1,VfB Stuttgart,12000000.0,16000000.0,2025,Alexander Nübel,,2526,Stuttgart,Alexander Nübel,GER,GK,28,1996,34,34,3060,34.0,49,1.44,157,107,68.8,18,8,8,11,32.4,10,9,1,0,10.0,29.218343600273784,1289.0
196813,2025-12-19,4500000,Eintracht Frankfurt,24,L1,Michael,Zetterer,Michael Zetterer,2025,86,michael-zetterer,Germany,München  ,Germany,1995-07-12 00:00:00,Goalkeeper,Goalkeeper,both,187.0,2029-06-30 00:00:00,Siebert & Backs,https://img.a.transfermarkt.technology/portrait/header/196813-1757598019.jpg?lm=1,1.0,0.0,,https://www.transfermarkt.co.uk/michael-zetterer/profil/spieler/196813,L1,SV Werder Bremen,4000000.0,4500000.0,2025,Michael Zetterer,,2526,Frankfurt,Michael Zetterer,GER,GK,30,1995,22,21,1976,22.0,33,1.5,95,62,65.3,8,7,6,6,28.6,2,2,0,0,0.0,30.439425051334702,1289.0
248454,2025-12-19,4500000,FC St. Pauli,35,L1,Nikola,Vasilj,Nikola Vasilj,2025,35,nikola-vasilj,Bosnia-Herzegovina,Mostar  ,Bosnia-Herzegovina,1995-12-02 00:00:00,Goalkeeper,Goalkeeper,right,193.0,,,https://img.a.transfermarkt.technology/portrait/header/248454-1755032189.jpg?lm=1,30.0,0.0,,https://www.transfermarkt.co.uk/nikola-vasilj/profil/spieler/248454,L1,FC St. Pauli,4500000.0,4500000.0,2025,Nikola Vasilj,,2526,St Pauli,Nikola Vasilj,BIH,GK,29,1995,34,34,3060,34.0,60,1.76,183,123,67.2,6,8,20,5,14.7,6,3,2,1,40.0,30.04791238877481,0.0
251299,2025-12-19,12000000,FC Augsburg,167,L1,Finn,Dahmen,Finn Dahmen,2025,167,finn-dahmen,Germany,Wiesbaden  ,Germany,1998-03-27 00:00:00,Goalkeeper,Goalkeeper,right,186.0,2027-06-30 00:00:00,CN Sports,https://img.a.transfermarkt.technology/portrait/header/251299-1755200500.jpg?lm=1,0.0,0.0,,https://www.transfermarkt.co.uk/finn-dahmen/profil/spieler/251299,L1,FC Augsburg,12000000.0,12000000.0,2025,Finn Dahmen,,2526,Augsburg,Finn Dahmen,GER,GK,27,1998,34,34,3060,34.0,61,1.79,166,105,63.3,12,7,15,5,14.7,7,6,1,0,14.3,27.731690622861056,558.0
257814,2025-12-19,40000000,Borussia Dortmund,16,L1,Gregor,Kobel,Gregor Kobel,2025,16,gregor-kobel,Switzerland,Zürich  ,Switzerland,1997-12-06 00:00:00,Goalkeeper,Goalkeeper,right,196.0,2028-06-30 00:00:00,SBE Management AG,https://img.a.transfermarkt.technology/portrait/header/257814-1709559904.jpg?lm=1,26.0,0.0,,https://www.transfermarkt.co.uk/gregor-kobel/profil/spieler/257814,L1,Borussia Dortmund,40000000.0,40000000.0,2025,Gregor Kobel,,2526,Dortmund,Gregor Kobel,SUI,GK,27,1997,34,34,3060,34.0,34,1.0,122,88,72.1,22,7,5,15,44.1,5,5,0,0,0.0,28.035592060232716,924.0
284270,2025-12-19,5000000,Borussia Mönchengladbach,18,L1,Moritz,Nicolas,Moritz Nicolas,2025,18,moritz-nicolas,Germany,Gladbeck  ,Germany,1997-10-21 00:00:00,Goalkeeper,Goalkeeper,right,193.0,2029-06-30 00:00:00,PORT,https://img.a.transfermarkt.technology/portrait/header/284270-1722945496.jpg?lm=1,1.0,0.0,,https://www.transfermarkt.co.uk/moritz-nicolas/profil/spieler/284270,L1,Borussia Mönchengladbach,8000000.0,8000000.0,2025,Moritz Nicolas,,2526,Gladbach,Moritz Nicolas,GER,GK,27,1997,34,34,3060,34.0,53,1.56,189,136,72.0,9,11,14,13,38.2,5,5,0,0,0.0,28.161533196440793,1289.0
346551,2025-12-19,12000000,VfL Wolfsburg,82,L1,Kamil,Grabara,Kamil Grabara,2025,82,kamil-grabara,Poland,Ruda Śląska  ,Poland,1999-01-08 00:00:00,Goalkeeper,Goalkeeper,right,195.0,2028-06-30 00:00:00,BMG-SPORT,https://img.a.transfermarkt.technology/portrait/header/346551-1724770843.jpg?lm=1,6.0,0.0,,https://www.transfermarkt.co.uk/kamil-grabara/profil/spieler/346551,L1,VfL Wolfsburg,12000000.0,14000000.0,2025,Kamil Grabara,,2526,Wolfsburg,Kamil Grabara,POL,GK,26,1999,34,34,3060,34.0,69,2.03,189,120,63.5,7,8,19,2,5.9,12,7,3,2,30.0,26.94592744695414,924.0
386685,2025-12-19,600000,1.FC Union Berlin,89,L1,Matheo,Raab,Matheo Raab,2025,89,matheo-raab,Germany,Weilburg  ,Germany,1998-12-18 00:00:00,Goalkeeper,Goalkeeper,right,186.0,,Soccer and more,https://img.a.transfermarkt.technology/portrait/header/386685-1755624725.jpg?lm=1,,,,https://www.transfermarkt.co.uk/matheo-raab/profil/spieler/386685,L1,1.FC Union Berlin,600000.0,900000.0,2025,Matheo Raab,,2526,Union Berlin,Matheo Raab,GER,GK,26,1998,1,1,90,1.0,0,0.0,6,6,100.0,1,0,0,1,100.0,0,0,0,0,,27.003422313483917,0.0
448705,2025-12-19,7000000,1.FC Heidenheim 1846,2036,L1,Diant,Ramaj,Diant Ramaj,2025,2036,diant-ramaj,Germany,Stuttgart  ,Germany,2001-09-19 00:00:00,Goalkeeper,Goalkeeper,right,189.0,2029-06-30 00:00:00,,https://img.a.transfermarkt.technology/portrait/header/448705-1755088320.jpg?lm=1,3.0,0.0,,https://www.transfermarkt.co.uk/diant-ramaj/profil/spieler/448705,L1,1. Fußballclub Heidenheim 1846,7000000.0,18000000.0,2025,Diant Ramaj,,2526,Heidenheim,Diant Ramaj,GER,GK,23,2001,31,31,2790,31.0,67,2.16,167,100,59.9,5,8,18,1,3.2,6,5,0,1,0.0,24.249144421629023,1289.0
486046,2025-12-19,8000000,RB Leipzig,23826,L1,Maarten,Vandevoordt,Maarten Vandevoordt,2025,23826,maarten-vandevoordt,Belgium,Sint-Truiden  ,Belgium,2002-02-26 00:00:00,Goalkeeper,Goalkeeper,right,192.0,2030-06-30 00:00:00,THE·TEAM,https://img.a.transfermarkt.technology/portrait/header/486046-1724337345.jpg?lm=1,0.0,0.0,,https://www.transfermarkt.co.uk/maarten-vandevoordt/profil/spieler/486046,L1,RB Leipzig,15000000.0,15000000.0,2025,Maarten Vandevoordt,,2526,RB Leipzig,Maarten Vandevoordt,BEL,GK,23,2002,12,11,1052,11.7,15,1.28,45,30,66.7,8,1,2,2,18.2,1,0,1,0,100.0,23.811088295687885,1654.0
490609,2025-12-19,700000,1.FSV Mainz 05,39,L1,Lasse,Rieß,Lasse Rieß,2025,39,lasse-riess,Germany,Münster  ,Germany,2001-07-27 00:00:00,Goalkeeper,Goalkeeper,right,192.0,2027-06-30 00:00:00,ROOF,https://img.a.transfermarkt.technology/portrait/header/490609-1752587621.jpg?lm=1,,,,https://www.transfermarkt.co.uk/lasse-riess/profil/spieler/490609,L1,1.FSV Mainz 05,500000.0,700000.0,2025,Lasse Rieß,,2526,Mainz 05,Lasse Rieß,GER,GK,24,2001,4,3,292,3.2,12,3.7,27,15,55.6,0,0,3,0,0.0,1,1,0,0,0.0,24.396988364134156,558.0
493513,2025-12-19,3000000,SV Werder Bremen,86,L1,Karl,Hein,Karl Hein,2025,86,karl-hein,Estonia,Põlva  ,Estonia,2002-04-13 00:00:00,Goalkeeper,Goalkeeper,right,193.0,,THE·TEAM,https://img.a.transfermarkt.technology/portrait/header/493513-1758702558.jpg?lm=1,47.0,0.0,,https://www.transfermarkt.co.uk/karl-hein/profil/spieler/493513,L1,SV Werder Bremen,3000000.0,3000000.0,2025,Karl Jakob Hein,,2526,Werder Bremen,Karl Jakob Hein,EST,GK,23,2002,2,2,180,2.0,4,2.0,15,11,73.3,1,0,1,1,50.0,1,1,0,0,0.0,23.685147159479808,0.0
526845,2025-12-19,20000000,SC Freiburg,60,L1,Noah,Atubolu,Noah Atubolu,2025,60,noah-atubolu,Germany,Freiburg im Breisgau  ,Germany,2002-05-25 00:00:00,Goalkeeper,Goalkeeper,right,190.0,2027-06-30 00:00:00,Epic Atubolu,https://img.a.transfermarkt.technology/portrait/header/526845-1753984204.jpg?lm=1,0.0,0.0,,https://www.transfermarkt.co.uk/noah-atubolu/profil/spieler/526845,L1,SC Freiburg,25000000.0,25000000.0,2025,Noah Atubolu,,2526,Freiburg,Noah Atubolu,GER,GK,23,2002,34,34,3060,34.0,57,1.68,157,100,63.7,13,8,13,6,17.6,1,0,1,0,100.0,23.57015742642026,558.0
607720,2025-12-19,12000000,Bayern Munich,27,L1,Jonas,Urbig,Jonas Urbig,2025,27,jonas-urbig,Germany,Euskirchen  ,Germany,2003-08-08 00:00:00,Goalkeeper,Goalkeeper,both,189.0,2029-06-30 00:00:00,ROOF,https://img.a.transfermarkt.technology/portrait/header/607720-1737037032.jpg?lm=1,0.0,0.0,,https://www.transfermarkt.co.uk/jonas-urbig/profil/spieler/607720,L1,Bayern Munich,18000000.0,18000000.0,2025,Jonas Urbig,,2526,Bayern Munich,Jonas Urbig,GER,GK,21,2003,14,11,1111,12.3,15,1.22,47,32,68.1,9,1,1,6,54.5,2,1,0,1,0.0,22.365503080082135,1289.0
620295,2025-12-19,10000000,SV Werder Bremen,86,L1,Mio,Backhaus,Mio Backhaus,2025,86,mio-backhaus,Germany,Mönchengladbach  ,Germany,2004-04-16 00:00:00,Goalkeeper,Goalkeeper,right,194.0,,feel soccer GmbH,https://img.a.transfermarkt.technology/portrait/header/620295-1756027825.jpg?lm=1,5.0,0.0,,https://www.transfermarkt.co.uk/mio-backhaus/profil/spieler/620295,L1,SV Werder Bremen,15000000.0,15000000.0,2025,Mio Backhaus,,2526,Werder Bremen,Mio Backhaus,GER,GK,21,2004,32,32,2880,32.0,56,1.75,156,100,64.1,7,8,17,5,15.6,5,5,0,0,0.0,21.675564681724847,0.0
806948,2025-12-19,500000,1.FC Heidenheim 1846,2036,L1,Frank,Feller,Frank Feller,2025,2036,frank-feller,Germany,Leonberg  ,Germany,2004-01-07 00:00:00,Goalkeeper,Goalkeeper,right,183.0,2029-06-30 00:00:00,SoccerQ GmbH,https://img.a.transfermarkt.technology/portrait/header/806948-1690186659.jpg?lm=1,0.0,0.0,,https://www.transfermarkt.co.uk/frank-feller/profil/spieler/806948,L1,1. Fußballclub Heidenheim 1846,800000.0,800000.0,2025,Frank Feller,,2526,Heidenheim,Frank Feller,GER,GK,21,2004,3,3,270,3.0,5,1.67,20,15,75.0,1,0,2,0,0.0,0,0,0,0,,21.949349760438057,1289.0
997861,2025-12-19,7000000,Eintracht Frankfurt,24,L1,Kauã,Santos,Kauã Santos,2025,24,kaua-santos,Brazil,Vassouras  ,Brazil,2003-04-11 00:00:00,Goalkeeper,Goalkeeper,right,196.0,2030-06-30 00:00:00,,https://img.a.transfermarkt.technology/portrait/header/997861-1696509170.jpg?lm=1,2.0,0.0,,https://www.transfermarkt.co.uk/kaua-santos/profil/spieler/997861,L1,Eintracht Frankfurt,7000000.0,10000000.0,2025,Kauã Santos,,2526,Frankfurt,Kauã Santos,BRA,GK,22,2003,13,13,1084,12.0,32,2.66,69,37,53.6,3,4,6,2,15.4,1,1,0,0,0.0,22.691307323750856,1654.0
471936,2025-12-22,1500000,SK Sturm Graz,122,A1,Oliver,Christensen,Oliver Christensen,2025,122,oliver-christensen,Denmark,Kerteminde  ,Denmark,1999-03-22 00:00:00,Goalkeeper,Goalkeeper,right,190.0,2028-06-30 00:00:00,BTAM,https://img.a.transfermarkt.technology/portrait/header/471936-1688647558.jpg?lm=1,1.0,0.0,,https://www.transfermarkt.co.uk/oliver-christensen/profil/spieler/471936,A1,Sportklub Puntigamer Sturm Graz,1400000.0,4500000.0,2025,Oliver Christensen,ITA-Serie A,2526,Fiorentina,Oliver Christensen,DEN,GK,26,1999,1,1,86,1.0,1,1.05,7,6,85.7,0,1,0,0,0.0,0,0,0,0,,26.754277891854894,921.0
842187,2025-12-22,10000,SV Ried,266,A1,Dominik,Stöger,Dominik Stöger,2025,266,dominik-stoger,,,Austria,2006-09-22 00:00:00,Goalkeeper,Goalkeeper,,200.0,2028-06-30 00:00:00,,https://img.a.transfermarkt.technology/portrait/header/842187-1753368072.png?lm=1,0.0,0.0,,https://www.transfermarkt.co.uk/dominik-stoger/profil/spieler/842187,A1,SV Ried,10000.0,10000.0,2025,Dominik Greif,FRA-Ligue 1,2526,Lyon,Dominik Greif,SVK,GK,28,1997,29,29,2610,29.0,37,1.28,115,77,67.8,15,5,9,11,37.9,5,2,3,0,60.0,19.249828884325805,921.0
27807,2025-12-23,150000,Udinese Calcio,410,IT1,Daniele,Padelli,Daniele Padelli,2025,410,daniele-padelli,Italy,Lecco  ,Italy,1985-10-25 00:00:00,Goalkeeper,Goalkeeper,right,191.0,2027-06-30 00:00:00,Mondial,https://img.a.transfermarkt.technology/portrait/header/27807-1630653305.jpg?lm=1,0.0,0.0,,https://www.transfermarkt.co.uk/daniele-padelli/profil/spieler/27807,IT1,Udinese Calcio,150000.0,2000000.0,2025,Daniele Padelli,ITA-Serie A,2526,Udinese,Daniele Padelli,ITA,GK,39,1985,2,2,180,2.0,2,1.0,5,3,60.0,0,1,1,0,0.0,1,1,0,0,0.0,40.16153319644079,554.0
42205,2025-12-23,2500000,Inter Milan,46,IT1,Yann,Sommer,Yann Sommer,2025,46,yann-sommer,Switzerland,Morges  ,Switzerland,1988-12-17 00:00:00,Goalkeeper,Goalkeeper,right,183.0,,,https://img.a.transfermarkt.technology/portrait/header/42205-1669897427.jpg?lm=1,94.0,0.0,,https://www.transfermarkt.co.uk/yann-sommer/profil/spieler/42205,IT1,Inter Milan,2000000.0,13000000.0,2025,Yann Sommer,ITA-Serie A,2526,Inter,Yann Sommer,SUI,GK,36,1988,33,33,2960,32.9,30,0.91,95,64,68.4,23,5,5,15,45.5,4,4,0,0,0.0,37.01574264202601,0.0
59377,2025-12-23,3500000,ACF Fiorentina,430,IT1,David,de Gea,David de Gea,2025,430,david-de-gea,Spain,Madrid  ,Spain,1990-11-07 00:00:00,Goalkeeper,Goalkeeper,right,192.0,2028-06-30 00:00:00,,https://img.a.transfermarkt.technology/portrait/header/59377-1667548362.jpg?lm=1,45.0,0.0,,https://www.transfermarkt.co.uk/david-de-gea/profil/spieler/59377,IT1,ACF Fiorentina,3500000.0,70000000.0,2025,David de Gea,ITA-Serie A,2526,Fiorentina,David de Gea,ESP,GK,34,1990,37,37,3330,37.0,49,1.32,169,119,71.0,9,14,14,10,27.0,6,5,1,0,16.7,35.12662559890486,920.0
70580,2025-12-23,300000,Inter Milan,46,IT1,Raffaele,Di Gennaro,Raffaele Di Gennaro,2025,46,raffaele-di-gennaro,Italy,Saronno  ,Italy,1993-10-03 00:00:00,Goalkeeper,Goalkeeper,right,188.0,,,https://img.a.transfermarkt.technology/portrait/header/70580-1692961707.jpg?lm=1,3.0,0.0,,https://www.transfermarkt.co.uk/raffaele-di-gennaro/profil/spieler/70580,IT1,Inter Milan,300000.0,3500000.0,2025,Raffaele Di Gennaro,ITA-Serie A,2526,Inter,Raffaele Di Gennaro,ITA,GK,31,1993,1,0,10,0.1,1,9.0,2,1,50.0,0,0,0,0,,0,0,0,0,,32.2217659137577,0.0
85528,2025-12-23,500000,US Cremonese,2239,IT1,Marco,Silvestri,Marco Silvestri,2025,2239,marco-silvestri,Italy,Castelnovo ne' Monti  ,Italy,1991-03-02 00:00:00,Goalkeeper,Goalkeeper,right,191.0,,Team Raiola,https://img.a.transfermarkt.technology/portrait/header/85528-1663664993.jpg?lm=1,0.0,0.0,,https://www.transfermarkt.co.uk/marco-silvestri/profil/spieler/85528,IT1,US Cremonese,500000.0,10000000.0,2025,Marco Silvestri,ITA-Serie A,2526,Cremonese,Marco Silvestri,ITA,GK,34,1991,4,4,360,4.0,7,1.75,22,15,68.2,0,3,1,0,0.0,0,0,0,0,,34.81177275838467,0.0
96254,2025-12-23,1000000,AC Milan,5,IT1,Pietro,Terracciano,Pietro Terracciano,2025,5,pietro-terracciano,Italy,San Felice a Cancello  ,Italy,1990-03-08 00:00:00,Goalkeeper,Goalkeeper,right,193.0,2027-06-30 00:00:00,,https://img.a.transfermarkt.technology/portrait/header/96254-1753403934.jpg?lm=1,,,,https://www.transfermarkt.co.uk/pietro-terracciano/profil/spieler/96254,IT1,AC Milan,900000.0,2500000.0,2025,Pietro Terracciano,ITA-Serie A,2526,Milan,Pietro Terracciano,ITA,GK,35,1990,2,1,125,1.4,0,0.0,4,4,100.0,1,0,0,2,200.0,0,0,0,0,,35.794661190965094,554.0
110923,2025-12-23,2000000,Juventus FC,506,IT1,Mattia,Perin,Mattia Perin,2025,506,mattia-perin,Italy,Latina  ,Italy,1992-11-10 00:00:00,Goalkeeper,Goalkeeper,right,188.0,2027-06-30 00:00:00,World Soccer Agency,https://img.a.transfermarkt.technology/portrait/header/110923-1695107834.jpg?lm=1,2.0,0.0,,https://www.transfermarkt.co.uk/mattia-perin/profil/spieler/110923,IT1,Juventus FC,2000000.0,18000000.0,2025,Mattia Perin,ITA-Serie A,2526,Juventus,Mattia Perin,ITA,GK,32,1992,9,9,765,8.5,9,1.06,22,13,59.1,4,3,2,3,33.3,0,0,0,0,,33.1170431211499,554.0
135747,2025-12-23,350000,ACF Fiorentina,430,IT1,Luca,Lezzerini,Luca Lezzerini,2025,430,luca-lezzerini,Italy,Roma  ,Italy,1995-03-24 00:00:00,Goalkeeper,Goalkeeper,right,195.0,2028-06-30 00:00:00,MM-Management,https://img.a.transfermarkt.technology/portrait/header/135747-1757604338.jpg?lm=1,4.0,0.0,,https://www.transfermarkt.co.uk/luca-lezzerini/profil/spieler/135747,IT1,ACF Fiorentina,350000.0,800000.0,2025,Luca Lezzerini,ITA-Serie A,2526,Fiorentina,Luca Lezzerini,ITA,GK,30,1995,1,0,4,0.0,0,0.0,0,0,,0,0,0,0,,0,0,0,0,,30.751540041067763,920.0
136111,2025-12-23,1500000,Genoa CFC,252,IT1,Nicola,Leali,Nicola Leali,2025,252,nicola-leali,Italy,Castiglione delle Stiviere  ,Italy,1993-02-17 00:00:00,Goalkeeper,Goalkeeper,right,193.0,,GB1,https://img.a.transfermarkt.technology/portrait/header/136111-1692963337.jpg?lm=1,1.0,0.0,,https://www.transfermarkt.co.uk/nicola-leali/profil/spieler/136111,IT1,Genoa CFC,1000000.0,6000000.0,2025,Nicola Leali,ITA-Serie A,2526,Genoa,Nicola Leali,ITA,GK,32,1993,22,21,1847,20.5,28,1.36,86,58,67.4,4,8,9,4,19.0,2,2,0,0,0.0,32.84599589322382,0.0
163048,2025-12-23,1000000,Torino FC,416,IT1,Alberto,Paleari,Alberto Paleari,2025,416,alberto-paleari,Italy,Giussano  ,Italy,1992-08-29 00:00:00,Goalkeeper,Goalkeeper,right,193.0,2027-06-30 00:00:00,Firmani Football,https://img.a.transfermarkt.technology/portrait/header/163048-1753444583.jpg?lm=1,,,,https://www.transfermarkt.co.uk/alberto-paleari/profil/spieler/163048,IT1,Torino FC,1200000.0,1200000.0,2025,Alberto Paleari,ITA-Serie A,2526,Torino,Alberto Paleari,ITA,GK,32,1992,29,29,2610,29.0,45,1.55,127,82,64.6,10,7,12,9,31.0,2,2,0,0,0.0,33.31690622861054,554.0
182906,2025-12-23,25000000,AC Milan,5,IT1,Mike,Maignan,Mike Maignan,2025,5,mike-maignan,French Guiana,Cayenne  ,France,1995-07-03 00:00:00,Goalkeeper,Goalkeeper,right,191.0,2031-06-30 00:00:00,ESN,https://img.a.transfermarkt.technology/portrait/header/182906-1681459155.jpg?lm=1,46.0,0.0,,https://www.transfermarkt.co.uk/mike-maignan/profil/spieler/182906,IT1,AC Milan,20000000.0,45000000.0,2025,Mike Maignan,ITA-Serie A,2526,Milan,Mike Maignan,FRA,GK,30,1995,37,37,3295,36.6,35,0.96,141,106,75.2,19,10,8,14,37.8,8,5,2,1,28.6,30.47501711156742,2015.0
197929,2025-12-23,3000000,SS Lazio,398,IT1,Ivan,Provedel,Ivan Provedel,2025,398,ivan-provedel,Italy,Pordenone  ,Italy,1994-03-17 00:00:00,Goalkeeper,Goalkeeper,right,194.0,2029-06-30 00:00:00,,https://img.a.transfermarkt.technology/portrait/header/197929-1695160944.jpg?lm=1,0.0,0.0,,https://www.transfermarkt.co.uk/ivan-provedel/profil/spieler/197929,IT1,Società Sportiva Lazio S.p.A.,3000000.0,14000000.0,2025,Ivan Provedel,ITA-Serie A,2526,Lazio,Ivan Provedel,ITA,GK,31,1994,27,27,2430,27.0,27,1.0,116,87,76.7,8,10,9,12,44.4,4,3,1,0,25.0,31.770020533880903,1285.0
199976,2025-12-23,1000000,Atalanta BC,800,IT1,Marco,Sportiello,Marco Sportiello,2025,800,marco-sportiello,Italy,Desio  ,Italy,1992-05-10 00:00:00,Goalkeeper,Goalkeeper,right,192.0,2028-06-30 00:00:00,GR Sports,https://img.a.transfermarkt.technology/portrait/header/199976-1661351013.jpg?lm=1,0.0,0.0,,https://www.transfermarkt.co.uk/marco-sportiello/profil/spieler/199976,IT1,Atalanta BC,800000.0,10000000.0,2025,Marco Sportiello,ITA-Serie A,2526,Atalanta,Marco Sportiello,ITA,GK,33,1992,1,1,90,1.0,1,1.0,4,3,75.0,0,1,0,0,0.0,0,0,0,0,,33.620807665982205,920.0
238537,2025-12-23,3500000,US Lecce,1005,IT1,Wladimiro,Falcone,Wladimiro Falcone,2025,1005,wladimiro-falcone,Italy,Roma  ,Italy,1995-04-12 00:00:00,Goalkeeper,Goalkeeper,right,195.0,2028-06-30 00:00:00,LIAN Sports Group,https://img.a.transfermarkt.technology/portrait/header/238537-1693308504.jpg?lm=1,0.0,0.0,,https://www.transfermarkt.co.uk/wladimiro-falcone/profil/spieler/238537,IT1,US Lecce,3500000.0,5000000.0,2025,Wladimiro Falcone,ITA-Serie A,2526,Lecce,Wladimiro Falcone,ITA,GK,30,1995,38,38,3420,38.0,50,1.32,158,108,68.4,10,8,20,10,26.3,6,4,2,0,33.3,30.699520876112253,920.0
238993,2025-12-23,1000000,Pisa Sporting Club,4172,IT1,Simone,Scuffet,Simone Scuffet,2025,4172,simone-scuffet,Italy,Udine  ,Italy,1996-05-31 00:00:00,Goalkeeper,Goalkeeper,right,193.0,2028-06-30 00:00:00,,https://img.a.transfermarkt.technology/portrait/header/238993-1753431413.jpg?lm=1,0.0,0.0,,https://www.transfermarkt.co.uk/simone-scuffet/profil/spieler/238993,IT1,Pisa Sporting Club,900000.0,6000000.0,2025,Simone Scuffet,ITA-Serie A,2526,Pisa,Simone Scuffet,ITA,GK,29,1996,7,7,630,7.0,15,2.14,29,14,48.3,0,3,4,1,14.3,3,3,0,0,0.0,29.56331279945243,920.0
240414,2025-12-23,14000000,SSC Napoli,6195,IT1,Alex,Meret,Alex Meret,2025,6195,alex-meret,Italy,Udine  ,Italy,1997-03-22 00:00:00,Goalkeeper,Goalkeeper,left,190.0,2027-06-30 00:00:00,,https://img.a.transfermarkt.technology/portrait/header/240414-1695025886.jpg?lm=1,3.0,0.0,,https://www.transfermarkt.co.uk/alex-meret/profil/spieler/240414,IT1,SSC Napoli,8000000.0,40000000.0,2025,Alex Meret,ITA-Serie A,2526,Napoli,Alex Meret,ITA,GK,28,1997,11,11,979,10.9,12,1.1,33,21,63.6,9,0,2,4,36.4,2,2,0,0,0.0,28.75564681724846,554.0
240675,2025-12-23,400000,Hellas Verona,276,IT1,Simone,Perilli,Simone Perilli,2025,276,simone-perilli,Italy,Roma  ,Italy,1995-01-07 00:00:00,Goalkeeper,Goalkeeper,right,196.0,,,https://img.a.transfermarkt.technology/portrait/header/240675-1659601467.jpg?lm=1,3.0,0.0,,https://www.transfermarkt.co.uk/simone-perilli/profil/spieler/240675,IT1,Hellas Verona,400000.0,400000.0,2025,Simone Perilli,ITA-Serie A,2526,Hellas Verona,Simone Perilli,ITA,GK,30,1995,3,3,270,3.0,7,2.33,15,8,53.3,0,1,2,1,33.3,0,0,0,0,,30.9596167008898,0.0
241923,2025-12-23,2000000,Hellas Verona,276,IT1,Lorenzo,Montipò,Lorenzo Montipò,2025,276,lorenzo-montipo,Italy,Novara  ,Italy,1996-02-20 00:00:00,Goalkeeper,Goalkeeper,right,191.0,2028-06-30 00:00:00,TMP SOCCER srl,https://img.a.transfermarkt.technology/portrait/header/241923-1724828092.jpg?lm=1,2.0,0.0,,https://www.transfermarkt.co.uk/lorenzo-montipo/profil/spieler/241923,IT1,Hellas Verona,1200000.0,4500000.0,2025,Lorenzo Montipò,ITA-Serie A,2526,Hellas Verona,Lorenzo Montipò,ITA,GK,29,1996,35,35,3150,35.0,54,1.54,142,87,62.0,3,11,21,5,14.3,5,2,3,0,60.0,29.83983572895277,920.0
250683,2025-12-23,400000,SSC Napoli,6195,IT1,Nikita,Contini,Nikita Contini,2025,6195,nikita-contini,Ukraine,Cherkasy  ,Italy,1996-05-21 00:00:00,Goalkeeper,Goalkeeper,right,190.0,2031-06-30 00:00:00,BOVA,https://img.a.transfermarkt.technology/portrait/header/250683-1663679972.jpg?lm=1,,,,https://www.transfermarkt.co.uk/nikita-contini/profil/spieler/250683,IT1,SSC Napoli,400000.0,800000.0,2025,Nikita Contini,ITA-Serie A,2526,Napoli,Nikita Contini,ITA,GK,29,1996,1,0,11,0.1,0,0.0,0,0,,0,0,0,1,,0,0,0,0,,29.590691307323752,2015.0
256339,2025-12-23,3200000,US Cremonese,2239,IT1,Emil,Audero,Emil Audero,2025,2239,emil-audero,Indonesia,Mataram  ,Indonesia,1997-01-18 00:00:00,Goalkeeper,Goalkeeper,right,192.0,2028-06-30 00:00:00,TMP SOCCER srl,https://img.a.transfermarkt.technology/portrait/header/256339-1663679682.jpg?lm=1,6.0,0.0,,https://www.transfermarkt.co.uk/emil-audero/profil/spieler/256339,IT1,US Cremonese,2800000.0,15000000.0,2025,Emil Audero,ITA-Serie A,2526,Cremonese,Emil Audero,IDN,GK,28,1997,34,34,3060,34.0,50,1.47,173,123,71.1,8,7,19,11,32.4,6,4,2,0,33.3,28.928131416837783,920.0
257474,2025-12-23,20000000,SSC Napoli,6195,IT1,Vanja,Milinković-Savić,Vanja Milinković-Savić,2025,6195,vanja-milinkovic-savic,Spain,Ourense  ,Serbia,1997-02-20 00:00:00,Goalkeeper,Goalkeeper,right,202.0,2030-06-30 00:00:00,DOO Magnum,https://img.a.transfermarkt.technology/portrait/header/257474-1730125139.jpg?lm=1,20.0,0.0,,https://www.transfermarkt.co.uk/vanja-milinkovic-savic/profil/spieler/257474,IT1,SSC Napoli,20000000.0,20000000.0,2025,Vanja Milinković-Savić,ITA-Serie A,2526,Napoli,Vanja Milinković-Savić,SRB,GK,28,1997,27,27,2430,27.0,24,0.89,77,52,68.8,14,7,6,11,40.7,8,5,3,0,37.5,28.83778234086242,1650.0
290537,2025-12-23,4500000,Como 1907,1047,IT1,Jean,Butez,Jean Butez,2025,1047,jean-butez,France,Lille  ,France,1995-06-08 00:00:00,Goalkeeper,Goalkeeper,right,189.0,2030-06-30 00:00:00,Gersh,https://img.a.transfermarkt.technology/portrait/header/290537-1704961364.jpg?lm=1,,,,https://www.transfermarkt.co.uk/jean-butez/profil/spieler/290537,IT1,Como 1907,8000000.0,8000000.0,2025,Jean Butez,ITA-Serie A,2526,Como,Jean Butez,FRA,GK,30,1995,38,38,3420,38.0,29,0.76,116,86,75.0,20,11,7,19,50.0,6,5,1,0,16.7,30.543463381245722,1650.0
301238,2025-12-23,18000000,Juventus FC,506,IT1,Michele,Di Gregorio,Michele Di Gregorio,2025,506,michele-di-gregorio,Italy,Milano  ,Italy,1997-07-27 00:00:00,Goalkeeper,Goalkeeper,right,187.0,2029-06-30 00:00:00,,https://img.a.transfermarkt.technology/portrait/header/301238-1730125609.jpg?lm=1,0.0,0.0,,https://www.transfermarkt.co.uk/michele-di-gregorio/profil/spieler/301238,IT1,Juventus FC,10000000.0,18000000.0,2025,Michele Di Gregorio,ITA-Serie A,2526,Juventus,Michele Di Gregorio,ITA,GK,28,1997,30,29,2655,29.5,25,0.85,86,60,70.9,15,9,5,14,48.3,3,1,0,2,0.0,28.407939767282684,1285.0
312773,2025-12-23,100000,Genoa CFC,252,IT1,Daniele,Sommariva,Daniele Sommariva,2025,252,daniele-sommariva,Italy,Genova  ,Italy,1997-07-18 00:00:00,Goalkeeper,Goalkeeper,right,185.0,,,https://img.a.transfermarkt.technology/portrait/header/312773-1692963278.jpg?lm=1,,,,https://www.transfermarkt.co.uk/daniele-sommariva/profil/spieler/312773,IT1,Genoa CFC,100000.0,400000.0,2025,Daniele Sommariva,ITA-Serie A,2526,Genoa,Daniele Sommariva,ITA,GK,28,1997,2,1,176,2.0,4,2.05,12,8,66.7,0,0,1,0,0.0,0,0,0,0,,28.432580424366872,0.0
317057,2025-12-23,3500000,Pisa Sporting Club,4172,IT1,Adrian,Semper,Adrian Semper,2025,4172,adrian-semper,Croatia,Zagreb  ,Croatia,1998-01-12 00:00:00,Goalkeeper,Goalkeeper,right,194.0,2027-06-30 00:00:00,,https://img.a.transfermarkt.technology/portrait/header/317057-1714817983.jpg?lm=1,13.0,0.0,,https://www.transfermarkt.co.uk/adrian-semper/profil/spieler/317057,IT1,Pisa Sporting Club,1800000.0,3500000.0,2025,Adrian Šemper,ITA-Serie A,2526,Pisa,Adrian Šemper,CRO,GK,27,1998,25,25,2250,25.0,42,1.68,124,82,66.1,1,9,15,4,16.0,2,2,0,0,0.0,27.94524298425736,554.0
338670,2025-12-23,35000000,AS Roma,12,IT1,Mile,Svilar,Mile Svilar,2025,12,mile-svilar,Belgium,Antwerpen  ,Serbia,1999-08-27 00:00:00,Goalkeeper,Goalkeeper,right,189.0,2030-06-30 00:00:00,Universal Twenty Two,https://img.a.transfermarkt.technology/portrait/header/338670-1725532174.jpg?lm=1,1.0,0.0,,https://www.transfermarkt.co.uk/mile-svilar/profil/spieler/338670,IT1,Associazione Sportiva Roma,35000000.0,35000000.0,2025,Mile Svilar,ITA-Serie A,2526,Roma,Mile Svilar,SRB,GK,25,1999,38,38,3420,38.0,31,0.82,138,107,77.5,23,4,11,18,47.4,1,1,0,0,0.0,26.324435318275153,1650.0
340353,2025-12-23,8000000,Udinese Calcio,410,IT1,Maduka,Okoye,Maduka Okoye,2025,410,maduka-okoye,Germany,Düsseldorf  ,Nigeria,1999-08-28 00:00:00,Goalkeeper,Goalkeeper,right,198.0,2028-06-30 00:00:00,THE·TEAM,https://img.a.transfermarkt.technology/portrait/header/340353-1729542646.jpg?lm=1,21.0,0.0,,https://www.transfermarkt.co.uk/maduka-okoye/profil/spieler/340353,IT1,Udinese Calcio,10000000.0,10000000.0,2025,Maduka Okoye,ITA-Serie A,2526,Udinese,Maduka Okoye,NGA,GK,25,1999,30,30,2616,29.1,37,1.27,117,80,68.4,12,5,13,10,33.3,6,5,1,0,16.7,26.321697467488022,920.0
371021,2025-12-23,7500000,US Sassuolo,6574,IT1,Arijanet,Murić,Arijanet Murić,2025,6574,arijanet-muric,Switzerland,Schlieren  ,Kosovo,1998-11-07 00:00:00,Goalkeeper,Goalkeeper,right,198.0,,11WINS,https://img.a.transfermarkt.technology/portrait/header/371021-1685718424.jpg?lm=1,51.0,0.0,,https://www.transfermarkt.co.uk/arijanet-muric/profil/spieler/371021,IT1,US Sassuolo,7500000.0,12000000.0,2025,Arijanet Muric,ITA-Serie A,2526,Sassuolo,Arijanet Muric,KVX,GK,26,1998,32,32,2880,32.0,43,1.34,161,118,73.3,12,6,14,6,18.8,6,5,1,0,16.7,27.12662559890486,0.0
388516,2025-12-23,9000000,Inter Milan,46,IT1,Josep,Martínez,Josep Martínez,2025,46,josep-martinez,Spain,Alzira  ,Spain,1998-05-27 00:00:00,Goalkeeper,Goalkeeper,right,191.0,2029-06-30 00:00:00,,https://img.a.transfermarkt.technology/portrait/header/388516-1686153132.jpg?lm=1,1.0,0.0,,https://www.transfermarkt.co.uk/josep-martinez/profil/spieler/388516,IT1,Inter Milan,10000000.0,12000000.0,2025,Josep Martinez,ITA-Serie A,2526,Inter,Josep Martinez,ESP,GK,27,1998,5,5,450,5.0,4,0.8,14,10,71.4,4,1,0,3,60.0,0,0,0,0,,27.575633127994525,1285.0
390304,2025-12-23,2000000,Bologna FC 1909,1025,IT1,Federico,Ravaglia,Federico Ravaglia,2025,1025,federico-ravaglia,Italy,Bologna  ,Italy,1999-11-11 00:00:00,Goalkeeper,Goalkeeper,right,196.0,2028-06-30 00:00:00,BC Group,https://img.a.transfermarkt.technology/portrait/header/390304-1701253429.jpg?lm=1,,,,https://www.transfermarkt.co.uk/federico-ravaglia/profil/spieler/390304,IT1,Bologna Football Club 1909,1800000.0,2000000.0,2025,Federico Ravaglia,ITA-Serie A,2526,Bologna,Federico Ravaglia,ITA,GK,25,1999,17,16,1470,16.3,29,1.78,81,52,64.2,4,3,9,2,12.5,2,2,0,0,0.0,26.116358658453116,920.0
421873,2025-12-23,15000000,Cagliari Calcio,1390,IT1,Elia,Caprile,Elia Caprile,2025,1390,elia-caprile,Italy,Verona  ,Italy,2001-08-25 00:00:00,Goalkeeper,Goalkeeper,right,191.0,2029-06-30 00:00:00,GB1,https://img.a.transfermarkt.technology/portrait/header/421873-1704902651.jpg?lm=1,0.0,0.0,,https://www.transfermarkt.co.uk/elia-caprile/profil/spieler/421873,IT1,Cagliari Calcio,15000000.0,15000000.0,2025,Elia Caprile,ITA-Serie A,2526,Cagliari,Elia Caprile,ITA,GK,23,2001,38,38,3420,38.0,53,1.39,175,121,69.7,11,10,17,8,21.1,2,2,0,0,0.0,24.32854209445585,1285.0
432298,2025-12-23,20000000,Parma Calcio 1913,130,IT1,Zion,Suzuki,Zion Suzuki,2025,130,zion-suzuki,United States,"Newark, New Jersey  ",Japan,2002-08-21 00:00:00,Goalkeeper,Goalkeeper,right,190.0,2029-06-30 00:00:00,,https://img.a.transfermarkt.technology/portrait/header/432298-1780323348.jpg?lm=1,28.0,0.0,,https://www.transfermarkt.co.uk/zion-suzuki/profil/spieler/432298,IT1,Parma Calcio 1913,20000000.0,20000000.0,2025,Zion Suzuki,ITA-Serie A,2526,Parma,Zion Suzuki,JPN,GK,22,2002,20,20,1800,20.0,28,1.4,93,65,69.9,3,7,10,5,25.0,3,2,1,0,33.3,23.340177960301162,1285.0
459763,2025-12-23,25000000,Atalanta BC,800,IT1,Marco,Carnesecchi,Marco Carnesecchi,2025,800,marco-carnesecchi,Italy,Rimini  ,Italy,2000-07-01 00:00:00,Goalkeeper,Goalkeeper,right,191.0,2028-06-30 00:00:00,World Soccer Agency,https://img.a.transfermarkt.technology/portrait/header/459763-1695027944.jpg?lm=1,0.0,0.0,,https://www.transfermarkt.co.uk/marco-carnesecchi/profil/spieler/459763,IT1,Atalanta BC,30000000.0,30000000.0,2025,Marco Carnesecchi,ITA-Serie A,2526,Atalanta,Marco Carnesecchi,ITA,GK,25,2000,37,37,3330,37.0,35,0.95,148,112,76.4,15,13,9,13,35.1,4,2,2,0,50.0,25.478439425051334,920.0
492319,2025-12-23,3800000,Torino FC,416,IT1,Franco,Israel,Franco Israel,2025,416,franco-israel,Uruguay,Nueva Helvecia  ,Uruguay,2000-04-22 00:00:00,Goalkeeper,Goalkeeper,right,190.0,2028-06-30 00:00:00,,https://img.a.transfermarkt.technology/portrait/header/492319-1753680657.jpg?lm=1,2.0,0.0,,https://www.transfermarkt.co.uk/franco-israel/profil/spieler/492319,IT1,Torino FC,2500000.0,7000000.0,2025,Franco Israel,ITA-Serie A,2526,Torino,Franco Israel,URU,GK,25,2000,9,9,810,9.0,18,2.0,42,24,57.1,2,2,5,3,33.3,2,2,0,0,0.0,25.67008898015058,920.0
528181,2025-12-23,700000,Parma Calcio 1913,130,IT1,Edoardo,Corvi,Edoardo Corvi,2025,130,edoardo-corvi,Italy,Parma  ,Italy,2001-03-23 00:00:00,Goalkeeper,Goalkeeper,right,187.0,2029-06-30 00:00:00,,https://img.a.transfermarkt.technology/portrait/header/528181-1712347686.jpg?lm=1,0.0,0.0,,https://www.transfermarkt.co.uk/edoardo-corvi/profil/spieler/528181,IT1,Parma Calcio 1913,1500000.0,1500000.0,2025,Edoardo Corvi,ITA-Serie A,2526,Parma,Edoardo Corvi,ITA,GK,24,2001,17,17,1530,17.0,18,1.06,63,44,71.4,8,4,5,7,41.2,3,3,0,0,0.0,24.752908966461327,1285.0
538079,2025-12-23,50000,SS Lazio,398,IT1,Alessio,Furlanetto,Alessio Furlanetto,2025,398,alessio-furlanetto,Italy,Motta di Livenza  ,Italy,2002-02-07 00:00:00,Goalkeeper,Goalkeeper,right,191.0,2028-06-30 00:00:00,,https://img.a.transfermarkt.technology/portrait/header/538079-1757604115.jpg?lm=1,,,,https://www.transfermarkt.co.uk/alessio-furlanetto/profil/spieler/538079,IT1,Società Sportiva Lazio S.p.A.,350000.0,350000.0,2025,Alessio Furlanetto,ITA-Serie A,2526,Lazio,Alessio Furlanetto,ITA,GK,23,2002,2,2,180,2.0,3,1.5,10,7,70.0,1,0,1,0,0.0,0,0,0,0,,23.874058863791923,920.0
543666,2025-12-23,3000000,US Sassuolo,6574,IT1,Stefano,Turati,Stefano Turati,2025,6574,stefano-turati,Italy,Milano  ,Italy,2001-09-05 00:00:00,Goalkeeper,Goalkeeper,right,188.0,2028-06-30 00:00:00,LP Sport Management,https://img.a.transfermarkt.technology/portrait/header/543666-1686126590.jpg?lm=1,4.0,0.0,,https://www.transfermarkt.co.uk/stefano-turati/profil/spieler/543666,IT1,US Sassuolo,3000000.0,7500000.0,2025,Stefano Turati,ITA-Serie A,2526,Sassuolo,Stefano Turati,ITA,GK,23,2001,6,6,532,5.9,7,1.18,22,15,68.2,2,1,3,2,33.3,0,0,0,0,,24.298425735797398,920.0
568617,2025-12-23,2500000,Udinese Calcio,410,IT1,Răzvan,Sava,Răzvan Sava,2025,410,razvan-sava,Romania,Timișoara  ,Romania,2002-06-21 00:00:00,Goalkeeper,Goalkeeper,right,197.0,2030-06-30 00:00:00,Elevenelite,https://img.a.transfermarkt.technology/portrait/header/568617-1730124399.jpg?lm=1,0.0,0.0,,https://www.transfermarkt.co.uk/razvan-sava/profil/spieler/568617,IT1,Udinese Calcio,2500000.0,2500000.0,2025,Razvan Sava,ITA-Serie A,2526,Udinese,Razvan Sava,ROU,GK,23,2002,7,6,620,6.9,14,2.03,28,14,50.0,2,2,2,1,16.7,0,0,0,0,,23.50718685831622,1650.0
604207,2025-12-23,300000,Parma Calcio 1913,130,IT1,Filippo,Rinaldi,Filippo Rinaldi,2025,130,filippo-rinaldi,Italy,Montecchio Emilia  ,Italy,2002-12-04 00:00:00,Goalkeeper,Goalkeeper,right,188.0,2029-06-30 00:00:00,GLM,https://img.a.transfermarkt.technology/portrait/header/604207-1758687826.jpg?lm=1,2.0,0.0,,https://www.transfermarkt.co.uk/filippo-rinaldi/profil/spieler/604207,IT1,Parma Calcio 1913,600000.0,600000.0,2025,Filippo Rinaldi,ITA-Serie A,2526,Parma,Filippo Rinaldi,ITA,GK,22,2002,1,1,90,1.0,0,0.0,4,4,100.0,0,1,0,1,100.0,0,0,0,0,,23.052703627652292,1285.0
659648,2025-12-23,600000,US Sassuolo,6574,IT1,Gioele,Zacchi,Gioele Zacchi,2025,6574,gioele-zacchi,Italy,Modena  ,Italy,2003-07-10 00:00:00,Goalkeeper,Goalkeeper,right,185.0,,14 ROYAL FOOTBALL,https://img.a.transfermarkt.technology/portrait/header/659648-1757676122.jpg?lm=1,7.0,0.0,,https://www.transfermarkt.co.uk/gioele-zacchi/profil/spieler/659648,IT1,US Sassuolo,600000.0,600000.0,2025,Gioele Zacchi,ITA-Serie A,2526,Sassuolo,Gioele Zacchi,ITA,GK,22,2003,1,0,8,0.1,0,0.0,0,0,,0,0,0,0,,0,0,0,0,,22.455852156057496,0.0
992569,2025-12-23,1000000,Bologna FC 1909,1025,IT1,Massimo,Pessina,Massimo Pessina,2025,1025,massimo-pessina,Italy,Alzano Lombardo  ,Italy,2007-12-25 00:00:00,Goalkeeper,Goalkeeper,right,188.0,2029-06-30 00:00:00,BC Group,https://img.a.transfermarkt.technology/portrait/header/992569-1762757870.jpg?lm=1,12.0,0.0,,https://www.transfermarkt.co.uk/massimo-pessina/profil/spieler/992569,IT1,Bologna Football Club 1909,3500000.0,3500000.0,2025,Massimo Pessina,ITA-Serie A,2526,Bologna,Massimo Pessina,ITA,GK,17,2007,4,3,353,3.9,2,0.51,9,7,77.8,2,1,0,3,100.0,0,0,0,0,,17.9958932238193,1285.0
280379,2025-12-29,250000,CF Monterrey,2407,MEX1,Luis,Cárdenas,Luis Cárdenas,2025,2407,luis-cardenas,Mexico,Los Mochis  ,Mexico,1993-09-15 00:00:00,Goalkeeper,Goalkeeper,right,176.0,2028-06-30 00:00:00,EL C1EL0,https://img.a.transfermarkt.technology/portrait/header/280379-1580827417.png?lm=1,0.0,0.0,,https://www.transfermarkt.co.uk/luis-cardenas/profil/spieler/280379,MEX1,CF Monterrey,200000.0,600000.0,2025,Dani Cárdenas,ESP-La Liga,2526,Rayo Vallecano,Dani Cárdenas,ESP,GK,28,1997,4,4,360,4.0,7,1.75,26,19,73.1,2,1,1,1,25.0,2,1,1,0,50.0,32.28747433264887,914.0
826462,2025-12-29,25000,Tigres UANL,7055,MEX1,Antonio,Carrera,Antonio Carrera,2025,7055,antonio-carrera,Mexico,"Pachuca de Soto, Hidalgo  ",United States,2004-03-15 00:00:00,Goalkeeper,Goalkeeper,right,191.0,,THE·TEAM,https://img.a.transfermarkt.technology/portrait/header/826462-1740506003.jpg?lm=1,3.0,0.0,,https://www.transfermarkt.co.uk/antonio-carrera/profil/spieler/826462,MEX1,Tigres UANL,25000.0,25000.0,2025,Antonio Sivera,ESP-La Liga,2526,Alavés,Antonio Sivera,ESP,GK,28,1996,38,38,3420,38.0,56,1.47,153,97,63.4,11,10,17,5,13.2,5,5,0,0,0.0,21.790554414784395,0.0
1073176,2026-01-15,100000,Angers SCO,1420,FR1,Oumar,Pona,Oumar Pona,2025,1420,oumar-pona,France,Bondy  ,Mali,2006-06-21 00:00:00,Goalkeeper,Goalkeeper,right,195.0,2027-06-30 00:00:00,Concept Sport Agency,https://img.a.transfermarkt.technology/portrait/header/1073176-1750955375.png?lm=1,2.0,0.0,,https://www.transfermarkt.co.uk/oumar-pona/profil/spieler/1073176,FR1,Angers SCO,200000.0,200000.0,2025,Oumar Pona,FRA-Ligue 1,2526,Angers,Oumar Pona,FRA,GK,19,2006,2,2,180,2.0,7,3.5,13,6,46.2,0,0,2,0,0.0,0,0,0,0,,19.57015742642026,531.0
110864,2026-03-09,3000000,Wolverhampton Wanderers,543,GB1,Sam,Johnstone,Sam Johnstone,2025,543,sam-johnstone,England,Preston  ,England,1993-03-25 00:00:00,Goalkeeper,Goalkeeper,right,193.0,2028-06-30 00:00:00,Unique Sports Group,https://img.a.transfermarkt.technology/portrait/header/110864-1672915792.jpg?lm=1,4.0,0.0,,https://www.transfermarkt.co.uk/sam-johnstone/profil/spieler/110864,GB1,Wolverhampton Wanderers,2000000.0,12000000.0,2025,Sam Johnstone,ENG-Premier League,2526,Wolves,Sam Johnstone,ENG,GK,32,1993,12,12,1080,12.0,24,2.0,63,39,61.9,0,2,10,0,0.0,1,1,0,0,0.0,32.955509924709105,844.0
120629,2026-03-09,5000000,West Ham United,379,GB1,Alphonse,Areola,Alphonse Areola,2025,379,alphonse-areola,France,Paris  ,France,1993-02-27 00:00:00,Goalkeeper,Goalkeeper,right,195.0,2027-06-30 00:00:00,Rafaela Pimenta,https://img.a.transfermarkt.technology/portrait/header/120629-1663243036.jpg?lm=1,5.0,0.0,,https://www.transfermarkt.co.uk/alphonse-areola/profil/spieler/120629,GB1,West Ham United,4000000.0,17500000.0,2025,Alphonse Areola,ENG-Premier League,2526,West Ham,Alphonse Areola,FRA,GK,32,1993,20,20,1800,20.0,37,1.85,113,76,67.3,4,5,11,0,0.0,6,5,0,1,0.0,33.02669404517454,478.0
127202,2026-03-09,4000000,Nottingham Forest,703,GB1,Matz,Sels,Matz Sels,2025,703,matz-sels,Belgium,Lint  ,Belgium,1992-02-26 00:00:00,Goalkeeper,Goalkeeper,right,188.0,2028-06-30 00:00:00,Cherry Sports,https://img.a.transfermarkt.technology/portrait/header/127202-1665067633.jpg?lm=1,13.0,0.0,,https://www.transfermarkt.co.uk/matz-sels/profil/spieler/127202,GB1,Nottingham Forest,3500000.0,8000000.0,2025,Matz Sels,ENG-Premier League,2526,Nottingham,Matz Sels,BEL,GK,33,1992,31,30,2668,29.6,39,1.32,132,93,70.5,10,10,10,7,23.3,5,4,1,0,20.0,34.03148528405202,844.0
286047,2026-03-09,23000000,Tottenham Hotspur,148,GB1,Guglielmo,Vicario,Guglielmo Vicario,2025,148,guglielmo-vicario,Italy,Udine  ,Italy,1996-10-07 00:00:00,Goalkeeper,Goalkeeper,right,194.0,2028-06-30 00:00:00,THE·TEAM,https://img.a.transfermarkt.technology/portrait/header/286047-1725874745.jpg?lm=1,5.0,0.0,,https://www.transfermarkt.co.uk/guglielmo-vicario/profil/spieler/286047,GB1,Tottenham Hotspur,18000000.0,35000000.0,2025,Guglielmo Vicario,ENG-Premier League,2526,Tottenham,Guglielmo Vicario,ITA,GK,28,1996,31,31,2790,31.0,50,1.61,133,83,62.4,7,9,15,7,22.6,2,2,0,0,0.0,29.418206707734427,844.0
340918,2026-03-09,25000000,Brentford FC,1148,GB1,Caoimhín,Kelleher,Caoimhín Kelleher,2025,1148,caoimhin-kelleher,Ireland,Cork  ,Ireland,1998-11-23 00:00:00,Goalkeeper,Goalkeeper,right,188.0,2030-06-30 00:00:00,ROOF,https://img.a.transfermarkt.technology/portrait/header/340918-1708933663.jpg?lm=1,32.0,0.0,,https://www.transfermarkt.co.uk/caoimhin-kelleher/profil/spieler/340918,GB1,Brentford FC,28000000.0,28000000.0,2025,Caoimhín Kelleher,ENG-Premier League,2526,Brentford,Caoimhín Kelleher,IRL,GK,26,1998,37,37,3330,37.0,49,1.32,154,105,68.2,13,11,13,10,27.0,8,5,3,0,37.5,27.290896646132786,1574.0
352041,2026-03-09,13000000,Leeds United,399,GB1,Lucas,Perri,Lucas Perri,2025,399,lucas-perri,Brazil,Valinhos  ,Brazil,1997-12-10 00:00:00,Goalkeeper,Goalkeeper,right,197.0,2029-06-30 00:00:00,LEFT Sports,https://img.a.transfermarkt.technology/portrait/header/352041-1733188777.jpg?lm=1,0.0,0.0,,https://www.transfermarkt.co.uk/lucas-perri/profil/spieler/352041,GB1,Leeds United,10000000.0,16000000.0,2025,Lucas Perri,ENG-Premier League,2526,Leeds United,Lucas Perri,BRA,GK,27,1997,16,16,1440,16.0,29,1.81,67,38,56.7,4,6,6,3,18.8,4,4,0,0,0.0,28.243668720054757,1209.0
503883,2026-03-09,30000000,Manchester United,985,GB1,Senne,Lammens,Senne Lammens,2025,1096,senne-lammens,Belgium,Zottegem  ,Belgium,2002-07-07 00:00:00,Goalkeeper,Goalkeeper,right,193.0,2030-06-30 00:00:00,PROFI-MANAGEMENT,https://img.a.transfermarkt.technology/portrait/header/503883-1755675220.jpg?lm=1,3.0,0.0,,https://www.transfermarkt.co.uk/senne-lammens/profil/spieler/503883,BE1,Royal Antwerp FC,35000000.0,35000000.0,2025,Senne Lammens,ENG-Premier League,2526,Manchester Utd,Senne Lammens,BEL,GK,23,2002,32,32,2880,32.0,39,1.22,118,78,66.9,18,10,4,8,25.0,4,4,0,0,0.0,23.67145790554415,1574.0
565093,2026-03-09,40000000,Brighton & Hove Albion,1237,GB1,Bart,Verbruggen,Bart Verbruggen,2025,1237,bart-verbruggen,Netherlands,Zwolle  ,Netherlands,2002-08-18 00:00:00,Goalkeeper,Goalkeeper,right,193.0,2028-06-30 00:00:00,Stirr Associates,https://img.a.transfermarkt.technology/portrait/header/565093-1716990260.jpg?lm=1,33.0,0.0,,https://www.transfermarkt.co.uk/bart-verbruggen/profil/spieler/565093,GB1,Brighton & Hove Albion,40000000.0,40000000.0,2025,Bart Verbruggen,ENG-Premier League,2526,Brighton,Bart Verbruggen,NED,GK,22,2002,38,38,3420,38.0,46,1.21,151,103,69.5,14,11,13,10,26.3,6,5,1,0,16.7,23.5564681724846,844.0
605426,2026-03-09,3000000,Sunderland AFC,289,GB1,Melker,Ellborg,Melker Ellborg,2025,289,melker-ellborg,Sweden,Kalmar  ,Sweden,2003-05-22 00:00:00,Goalkeeper,Goalkeeper,right,191.0,2030-06-30 00:00:00,MD Management,https://img.a.transfermarkt.technology/portrait/header/605426-1740563649.jpg?lm=1,0.0,0.0,,https://www.transfermarkt.co.uk/melker-ellborg/profil/spieler/605426,GB1,Sunderland AFC,3000000.0,3000000.0,2025,Melker Ellborg,ENG-Premier League,2526,Sunderland,Melker Ellborg,SWE,GK,22,2003,3,3,270,3.0,2,0.67,12,10,83.3,2,0,1,1,33.3,0,0,0,0,,22.798083504449007,1574.0
646991,2026-03-09,25000000,Sunderland AFC,289,GB1,Robin,Roefs,Robin Roefs,2025,289,robin-roefs,Netherlands,Heeswijk  ,Netherlands,2003-01-17 00:00:00,Goalkeeper,Goalkeeper,left,193.0,2030-06-30 00:00:00,SEG,https://img.a.transfermarkt.technology/portrait/header/646991-1723035894.jpg?lm=1,1.0,0.0,,https://www.transfermarkt.co.uk/robin-roefs/profil/spieler/646991,GB1,Sunderland AFC,28000000.0,28000000.0,2025,Robin Roefs,ENG-Premier League,2526,Sunderland,Robin Roefs,NED,GK,22,2003,35,35,3150,35.0,46,1.31,154,108,70.1,12,12,11,10,28.6,3,2,1,0,33.3,23.140314852840522,1574.0
74857,2026-03-16,4000000,Girona FC,12321,ES1,Marc-André,ter Stegen,Marc-André ter Stegen,2025,131,marc-andre-ter-stegen,Germany,Mönchengladbach  ,Germany,1992-04-30 00:00:00,Goalkeeper,Goalkeeper,right,187.0,2028-06-30 00:00:00,ROOF,https://img.a.transfermarkt.technology/portrait/header/74857-1674465246.jpg?lm=1,44.0,0.0,,https://www.transfermarkt.co.uk/marc-andre-ter-stegen/profil/spieler/74857,ES1,FC Barcelona,3000000.0,90000000.0,2025,Marc-André ter Stegen,ESP-La Liga,2526,Girona,Marc-André ter Stegen,GER,GK,33,1992,2,2,180,2.0,2,1.0,6,4,66.7,0,1,1,0,0.0,0,0,0,0,,33.87542778918549,837.0
283170,2026-03-16,5000000,Elche CF,1531,ES1,Iñaki,Peña,Iñaki Peña,2025,131,inaki-pena,Spain,Alicante  ,Spain,1999-03-02 00:00:00,Goalkeeper,Goalkeeper,right,184.0,2029-06-30 00:00:00,AC Talent,https://img.a.transfermarkt.technology/portrait/header/283170-1702502364.jpg?lm=1,0.0,0.0,,https://www.transfermarkt.co.uk/inaki-pena/profil/spieler/283170,ES1,FC Barcelona,4000000.0,10000000.0,2025,Iñaki Peña,ESP-La Liga,2526,Elche,Iñaki Peña,ESP,GK,26,1999,16,16,1440,16.0,28,1.75,83,55,66.3,3,4,9,4,25.0,2,2,0,0,0.0,27.039014373716633,1202.0
284430,2026-03-16,3000000,Real Oviedo,2497,ES1,Aarón,Escandell,Aarón Escandell,2025,2497,aaron-escandell,Spain,Carcaixent  ,Spain,1995-09-27 00:00:00,Goalkeeper,Goalkeeper,right,186.0,2027-06-30 00:00:00,Goal Management,https://img.a.transfermarkt.technology/portrait/header/284430-1583309348.jpg?lm=1,,,,https://www.transfermarkt.co.uk/aaron-escandell/profil/spieler/284430,ES1,Real Oviedo,3000000.0,3000000.0,2025,Aarón Escandell,ESP-La Liga,2526,Oviedo,Aarón Escandell,ESP,GK,29,1995,36,36,3240,36.0,56,1.56,201,145,72.1,6,11,19,10,27.8,7,5,2,0,28.6,30.466803559206024,471.0
303657,2026-03-16,8000000,Celta de Vigo,940,ES1,Ionuț,Radu,Ionuț Radu,2025,940,ionut-radu,Romania,Bucharest  ,Romania,1997-05-28 00:00:00,Goalkeeper,Goalkeeper,right,188.0,2029-06-30 00:00:00,,https://img.a.transfermarkt.technology/portrait/header/303657-1699432718.jpg?lm=1,9.0,0.0,,https://www.transfermarkt.co.uk/ionut-radu/profil/spieler/303657,ES1,Celta de Vigo,9000000.0,15000000.0,2025,Ionuț Radu,ESP-La Liga,2526,Celta Vigo,Ionuț Radu,ROU,GK,28,1997,38,38,3420,38.0,48,1.26,159,111,69.8,14,12,12,10,26.3,11,6,2,3,25.0,28.799452429842574,1202.0
417913,2026-03-16,6000000,Real Betis Balompié,150,ES1,Álvaro,Valles,Álvaro Valles,2025,150,alvaro-valles,Spain,La Rinconada  ,Spain,1997-07-25 00:00:00,Goalkeeper,Goalkeeper,right,191.0,2030-06-30 00:00:00,Gersh,https://img.a.transfermarkt.technology/portrait/header/417913-1773343747.jpg?lm=1,,,,https://www.transfermarkt.co.uk/alvaro-valles/profil/spieler/417913,ES1,Real Betis Balompié,7000000.0,15000000.0,2025,Álvaro Vallés,ESP-La Liga,2526,Real Betis,Álvaro Vallés,ESP,GK,28,1997,28,28,2520,28.0,36,1.29,123,87,70.7,10,13,5,8,28.6,6,4,1,1,20.0,28.640657084188913,1567.0
561613,2026-03-16,40000000,FC Barcelona,131,ES1,Joan,García,Joan García,2025,131,joan-garcia,Spain,Sallent de Llobregat  ,Spain,2001-05-04 00:00:00,Goalkeeper,Goalkeeper,right,194.0,2031-06-30 00:00:00,,https://img.a.transfermarkt.technology/portrait/header/561613-1747386081.jpg?lm=1,2.0,0.0,,https://www.transfermarkt.co.uk/joan-garcia/profil/spieler/561613,ES1,FC Barcelona,45000000.0,45000000.0,2025,Joan García,ESP-La Liga,2526,Barcelona,Joan García,ESP,GK,24,2001,30,30,2700,30.0,21,0.7,95,74,77.9,27,1,2,15,50.0,3,3,0,0,0.0,24.865160848733744,1932.0
562742,2026-03-16,6000000,RCD Mallorca,237,ES1,Leo,Román,Leo Román,2025,237,leo-roman,Spain,Ibiza  ,Spain,2000-07-06 00:00:00,Goalkeeper,Goalkeeper,right,189.0,2031-06-30 00:00:00,,https://img.a.transfermarkt.technology/portrait/header/562742-1745395600.jpg?lm=1,1.0,0.0,,https://www.transfermarkt.co.uk/leo-roman/profil/spieler/562742,ES1,RCD Mallorca,6000000.0,6000000.0,2025,Leo Román,ESP-La Liga,2526,Mallorca,Leo Román,ESP,GK,25,2000,33,33,2970,33.0,50,1.52,149,99,66.4,10,7,16,4,12.1,8,6,1,1,14.3,25.691991786447637,1932.0
1283879,2026-03-17,150000,Deportivo Pereira,9811,COL1,Jorge,Martínez,Jorge Martínez,2025,9811,jorge-martinez,Colombia,Carepa  ,Colombia,2006-04-29 00:00:00,Goalkeeper,Goalkeeper,right,185.0,,,https://img.a.transfermarkt.technology/portrait/header/1283879-1768616448.JPG?lm=1,,,,https://www.transfermarkt.co.uk/jorge-martinez/profil/spieler/1283879,COL1,Deportivo Pereira,150000.0,150000.0,2025,Josep Martinez,ITA-Serie A,2526,Inter,Josep Martinez,ESP,GK,27,1998,5,5,450,5.0,4,0.8,14,10,71.4,4,1,0,3,60.0,0,0,0,0,,19.88227241615332,0.0
90317,2026-03-20,350000,1.FSV Mainz 05,39,L1,Daniel,Batz,Daniel Batz,2025,39,daniel-batz,Germany,Erlangen  ,Germany,1991-01-12 00:00:00,Goalkeeper,Goalkeeper,both,191.0,2026-06-30 00:00:00,Soccer and more,https://img.a.transfermarkt.technology/portrait/header/90317-1722886526.jpg?lm=1,0.0,0.0,,https://www.transfermarkt.co.uk/daniel-batz/profil/spieler/90317,L1,1.FSV Mainz 05,350000.0,350000.0,2025,Daniel Batz,,2526,Mainz 05,Daniel Batz,GER,GK,34,1991,21,21,1890,21.0,27,1.29,97,70,72.2,9,7,5,4,19.0,1,1,0,0,0.0,35.18412046543463,102.0
284270,2026-03-20,6000000,Borussia Mönchengladbach,18,L1,Moritz,Nicolas,Moritz Nicolas,2025,18,moritz-nicolas,Germany,Gladbeck  ,Germany,1997-10-21 00:00:00,Goalkeeper,Goalkeeper,right,193.0,2029-06-30 00:00:00,PORT,https://img.a.transfermarkt.technology/portrait/header/284270-1722945496.jpg?lm=1,1.0,0.0,,https://www.transfermarkt.co.uk/moritz-nicolas/profil/spieler/284270,L1,Borussia Mönchengladbach,8000000.0,8000000.0,2025,Moritz Nicolas,,2526,Gladbach,Moritz Nicolas,GER,GK,27,1997,34,34,3060,34.0,53,1.56,189,136,72.0,9,11,14,13,38.2,5,5,0,0,0.0,28.410677618069816,1198.0
490609,2026-03-20,500000,1.FSV Mainz 05,39,L1,Lasse,Rieß,Lasse Rieß,2025,39,lasse-riess,Germany,Münster  ,Germany,2001-07-27 00:00:00,Goalkeeper,Goalkeeper,right,192.0,2027-06-30 00:00:00,ROOF,https://img.a.transfermarkt.technology/portrait/header/490609-1752587621.jpg?lm=1,,,,https://www.transfermarkt.co.uk/lasse-riess/profil/spieler/490609,L1,1.FSV Mainz 05,500000.0,700000.0,2025,Lasse Rieß,,2526,Mainz 05,Lasse Rieß,GER,GK,24,2001,4,3,292,3.2,12,3.7,27,15,55.6,0,0,3,0,0.0,1,1,0,0,0.0,24.646132785763175,467.0
607720,2026-03-20,15000000,Bayern Munich,27,L1,Jonas,Urbig,Jonas Urbig,2025,27,jonas-urbig,Germany,Euskirchen  ,Germany,2003-08-08 00:00:00,Goalkeeper,Goalkeeper,both,189.0,2029-06-30 00:00:00,ROOF,https://img.a.transfermarkt.technology/portrait/header/607720-1737037032.jpg?lm=1,0.0,0.0,,https://www.transfermarkt.co.uk/jonas-urbig/profil/spieler/607720,L1,Bayern Munich,18000000.0,18000000.0,2025,Jonas Urbig,,2526,Bayern Munich,Jonas Urbig,GER,GK,21,2003,14,11,1111,12.3,15,1.22,47,32,68.1,9,1,1,6,54.5,2,1,0,1,0.0,22.614647501711158,1198.0
620295,2026-03-20,12000000,SV Werder Bremen,86,L1,Mio,Backhaus,Mio Backhaus,2025,86,mio-backhaus,Germany,Mönchengladbach  ,Germany,2004-04-16 00:00:00,Goalkeeper,Goalkeeper,right,194.0,,feel soccer GmbH,https://img.a.transfermarkt.technology/portrait/header/620295-1756027825.jpg?lm=1,5.0,0.0,,https://www.transfermarkt.co.uk/mio-backhaus/profil/spieler/620295,L1,SV Werder Bremen,15000000.0,15000000.0,2025,Mio Backhaus,,2526,Werder Bremen,Mio Backhaus,GER,GK,21,2004,32,32,2880,32.0,56,1.75,156,100,64.1,7,8,17,5,15.6,5,5,0,0,0.0,21.924709103353866,0.0
241923,2026-03-24,1300000,Hellas Verona,276,IT1,Lorenzo,Montipò,Lorenzo Montipò,2025,276,lorenzo-montipo,Italy,Novara  ,Italy,1996-02-20 00:00:00,Goalkeeper,Goalkeeper,right,191.0,2028-06-30 00:00:00,TMP SOCCER srl,https://img.a.transfermarkt.technology/portrait/header/241923-1724828092.jpg?lm=1,2.0,0.0,,https://www.transfermarkt.co.uk/lorenzo-montipo/profil/spieler/241923,IT1,Hellas Verona,1200000.0,4500000.0,2025,Lorenzo Montipò,ITA-Serie A,2526,Hellas Verona,Lorenzo Montipò,ITA,GK,29,1996,35,35,3150,35.0,54,1.54,142,87,62.0,3,11,21,5,14.3,5,2,3,0,60.0,30.088980150581794,829.0
290537,2026-03-24,8000000,Como 1907,1047,IT1,Jean,Butez,Jean Butez,2025,1047,jean-butez,France,Lille  ,France,1995-06-08 00:00:00,Goalkeeper,Goalkeeper,right,189.0,2030-06-30 00:00:00,Gersh,https://img.a.transfermarkt.technology/portrait/header/290537-1704961364.jpg?lm=1,,,,https://www.transfermarkt.co.uk/jean-butez/profil/spieler/290537,IT1,Como 1907,8000000.0,8000000.0,2025,Jean Butez,ITA-Serie A,2526,Como,Jean Butez,FRA,GK,30,1995,38,38,3420,38.0,29,0.76,116,86,75.0,20,11,7,19,50.0,6,5,1,0,16.7,30.792607802874745,1559.0
301238,2026-03-24,14000000,Juventus FC,506,IT1,Michele,Di Gregorio,Michele Di Gregorio,2025,506,michele-di-gregorio,Italy,Milano  ,Italy,1997-07-27 00:00:00,Goalkeeper,Goalkeeper,right,187.0,2029-06-30 00:00:00,,https://img.a.transfermarkt.technology/portrait/header/301238-1730125609.jpg?lm=1,0.0,0.0,,https://www.transfermarkt.co.uk/michele-di-gregorio/profil/spieler/301238,IT1,Juventus FC,10000000.0,18000000.0,2025,Michele Di Gregorio,ITA-Serie A,2526,Juventus,Michele Di Gregorio,ITA,GK,28,1997,30,29,2655,29.5,25,0.85,86,60,70.9,15,9,5,14,48.3,3,1,0,2,0.0,28.657084188911703,1194.0
317057,2026-03-24,2000000,Pisa Sporting Club,4172,IT1,Adrian,Semper,Adrian Semper,2025,4172,adrian-semper,Croatia,Zagreb  ,Croatia,1998-01-12 00:00:00,Goalkeeper,Goalkeeper,right,194.0,2027-06-30 00:00:00,,https://img.a.transfermarkt.technology/portrait/header/317057-1714817983.jpg?lm=1,13.0,0.0,,https://www.transfermarkt.co.uk/adrian-semper/profil/spieler/317057,IT1,Pisa Sporting Club,1800000.0,3500000.0,2025,Adrian Šemper,ITA-Serie A,2526,Pisa,Adrian Šemper,CRO,GK,27,1998,25,25,2250,25.0,42,1.68,124,82,66.1,1,9,15,4,16.0,2,2,0,0,0.0,28.194387405886378,463.0
340353,2026-03-24,10000000,Udinese Calcio,410,IT1,Maduka,Okoye,Maduka Okoye,2025,410,maduka-okoye,Germany,Düsseldorf  ,Nigeria,1999-08-28 00:00:00,Goalkeeper,Goalkeeper,right,198.0,2028-06-30 00:00:00,THE·TEAM,https://img.a.transfermarkt.technology/portrait/header/340353-1729542646.jpg?lm=1,21.0,0.0,,https://www.transfermarkt.co.uk/maduka-okoye/profil/spieler/340353,IT1,Udinese Calcio,10000000.0,10000000.0,2025,Maduka Okoye,ITA-Serie A,2526,Udinese,Maduka Okoye,NGA,GK,25,1999,30,30,2616,29.1,37,1.27,117,80,68.4,12,5,13,10,33.3,6,5,1,0,16.7,26.570841889117045,829.0
388516,2026-03-24,7500000,Inter Milan,46,IT1,Josep,Martínez,Josep Martínez,2025,46,josep-martinez,Spain,Alzira  ,Spain,1998-05-27 00:00:00,Goalkeeper,Goalkeeper,right,191.0,2029-06-30 00:00:00,,https://img.a.transfermarkt.technology/portrait/header/388516-1686153132.jpg?lm=1,1.0,0.0,,https://www.transfermarkt.co.uk/josep-martinez/profil/spieler/388516,IT1,Inter Milan,10000000.0,12000000.0,2025,Josep Martinez,ITA-Serie A,2526,Inter,Josep Martinez,ESP,GK,27,1998,5,5,450,5.0,4,0.8,14,10,71.4,4,1,0,3,60.0,0,0,0,0,,27.824777549623544,1194.0
492319,2026-03-24,3000000,Torino FC,416,IT1,Franco,Israel,Franco Israel,2025,416,franco-israel,Uruguay,Nueva Helvecia  ,Uruguay,2000-04-22 00:00:00,Goalkeeper,Goalkeeper,right,190.0,2028-06-30 00:00:00,,https://img.a.transfermarkt.technology/portrait/header/492319-1753680657.jpg?lm=1,2.0,0.0,,https://www.transfermarkt.co.uk/franco-israel/profil/spieler/492319,IT1,Torino FC,2500000.0,7000000.0,2025,Franco Israel,ITA-Serie A,2526,Torino,Franco Israel,URU,GK,25,2000,9,9,810,9.0,18,2.0,42,24,57.1,2,2,5,3,33.3,2,2,0,0,0.0,25.919233401779604,829.0
528181,2026-03-24,1500000,Parma Calcio 1913,130,IT1,Edoardo,Corvi,Edoardo Corvi,2025,130,edoardo-corvi,Italy,Parma  ,Italy,2001-03-23 00:00:00,Goalkeeper,Goalkeeper,right,187.0,2029-06-30 00:00:00,,https://img.a.transfermarkt.technology/portrait/header/528181-1712347686.jpg?lm=1,0.0,0.0,,https://www.transfermarkt.co.uk/edoardo-corvi/profil/spieler/528181,IT1,Parma Calcio 1913,1500000.0,1500000.0,2025,Edoardo Corvi,ITA-Serie A,2526,Parma,Edoardo Corvi,ITA,GK,24,2001,17,17,1530,17.0,18,1.06,63,44,71.4,8,4,5,7,41.2,3,3,0,0,0.0,25.00205338809035,1194.0
604207,2026-03-24,600000,Parma Calcio 1913,130,IT1,Filippo,Rinaldi,Filippo Rinaldi,2025,130,filippo-rinaldi,Italy,Montecchio Emilia  ,Italy,2002-12-04 00:00:00,Goalkeeper,Goalkeeper,right,188.0,2029-06-30 00:00:00,GLM,https://img.a.transfermarkt.technology/portrait/header/604207-1758687826.jpg?lm=1,2.0,0.0,,https://www.transfermarkt.co.uk/filippo-rinaldi/profil/spieler/604207,IT1,Parma Calcio 1913,600000.0,600000.0,2025,Filippo Rinaldi,ITA-Serie A,2526,Parma,Filippo Rinaldi,ITA,GK,22,2002,1,1,90,1.0,0,0.0,4,4,100.0,0,1,0,1,100.0,0,0,0,0,,23.301848049281315,1194.0
916430,2026-03-24,4000000,SS Lazio,398,IT1,Edoardo,Motta,Edoardo Motta,2025,398,edoardo-motta,Italy,Biella  ,Italy,2005-01-13 00:00:00,Goalkeeper,Goalkeeper,right,194.0,2030-06-30 00:00:00,Un1que Football,https://img.a.transfermarkt.technology/portrait/header/916430-1745844405.jpg?lm=1,1.0,0.0,,https://www.transfermarkt.co.uk/edoardo-motta/profil/spieler/916430,IT1,Società Sportiva Lazio S.p.A.,8000000.0,8000000.0,2025,Edoardo Motta,ITA-Serie A,2526,Lazio,Edoardo Motta,ITA,GK,20,2005,9,9,810,9.0,10,1.11,32,22,68.8,5,2,2,3,33.3,1,0,1,0,100.0,21.190965092402465,1559.0
983609,2026-03-26,2500000,Club León FC,4941,MEX1,Jordan,García,Jordan García,2025,4941,jordan-garcia,Colombia,El Retén  ,Colombia,2005-06-20 00:00:00,Goalkeeper,Goalkeeper,right,186.0,2029-12-31 00:00:00,HIJAR,https://img.a.transfermarkt.technology/portrait/header/983609-1740844253.jpeg?lm=1,19.0,0.0,,https://www.transfermarkt.co.uk/jordan-garcia/profil/spieler/983609,MEX1,Club León FC,2500000.0,2500000.0,2025,Joan García,ESP-La Liga,2526,Barcelona,Joan García,ESP,GK,24,2001,30,30,2700,30.0,21,0.7,95,74,77.9,27,1,2,15,50.0,3,3,0,0,0.0,20.763860369609855,1376.0
191056,2026-03-27,8000000,Stade Rennais FC,273,FR1,Brice,Samba,Brice Samba,2025,273,brice-samba,Congo,Linzolo  ,France,1994-04-25 00:00:00,Goalkeeper,Goalkeeper,left,187.0,2029-06-30 00:00:00,Sport Cover,https://img.a.transfermarkt.technology/portrait/header/191056-1602242038.jpg?lm=1,4.0,0.0,,https://www.transfermarkt.co.uk/brice-samba/profil/spieler/191056,FR1,Stade Rennais FC,7000000.0,15000000.0,2025,Brice Samba,FRA-Ligue 1,2526,Rennes,Brice Samba,FRA,GK,31,1994,32,32,2880,32.0,44,1.37,129,84,65.9,17,8,7,10,31.3,6,4,2,0,33.3,31.920602327173167,1191.0
229604,2026-03-27,8000000,Olympique Marseille,244,FR1,Gerónimo,Rulli,Gerónimo Rulli,2025,244,geronimo-rulli,Argentina,La Plata  ,Argentina,1992-05-20 00:00:00,Goalkeeper,Goalkeeper,right,189.0,2027-06-30 00:00:00,KMB,https://img.a.transfermarkt.technology/portrait/header/229604-1698670758.jpg?lm=1,8.0,0.0,,https://www.transfermarkt.co.uk/geronimo-rulli/profil/spieler/229604,FR1,Olympique Marseille,6000000.0,14000000.0,2025,Gerónimo Rulli,FRA-Ligue 1,2526,Marseille,Gerónimo Rulli,ARG,GK,33,1992,29,29,2610,29.0,34,1.17,110,76,69.1,15,5,9,8,27.6,6,5,0,1,0.0,33.8507871321013,460.0
315253,2026-03-27,3000000,Olympique Marseille,244,FR1,Jeffrey,de Lange,Jeffrey de Lange,2025,244,jeffrey-de-lange,Netherlands,Amstelveen  ,Netherlands,1998-04-01 00:00:00,Goalkeeper,Goalkeeper,right,190.0,2027-06-30 00:00:00,Muy Manero,https://img.a.transfermarkt.technology/portrait/header/315253-1723035184.jpg?lm=1,2.0,0.0,,https://www.transfermarkt.co.uk/jeffrey-de-lange/profil/spieler/315253,FR1,Olympique Marseille,2500000.0,3000000.0,2025,Jeffrey De Lange,FRA-Ligue 1,2526,Marseille,Jeffrey De Lange,NED,GK,27,1998,5,5,450,5.0,11,2.2,24,13,54.2,3,0,2,1,20.0,0,0,0,0,,27.98631074606434,460.0
318470,2026-03-27,22000000,Paris Saint-Germain,583,FR1,Matvey,Safonov,Matvey Safonov,2025,583,matvey-safonov,Russia,Krasnodar  ,Russia,1999-02-25 00:00:00,Goalkeeper,Goalkeeper,right,192.0,2029-06-30 00:00:00,BUILD-UP,https://img.a.transfermarkt.technology/portrait/header/318470-1732658603.jpg?lm=1,18.0,0.0,,https://www.transfermarkt.co.uk/matvey-safonov/profil/spieler/318470,FR1,Paris Saint-Germain,30000000.0,30000000.0,2025,Matvei Safonov,FRA-Ligue 1,2526,Paris SG,Matvei Safonov,RUS,GK,26,1999,15,15,1350,15.0,14,0.93,54,40,74.1,11,0,4,8,53.3,1,0,1,0,100.0,27.082819986310746,1191.0
346546,2026-03-27,3000000,Stade Brestois 29,3911,FR1,Radoslaw,Majecki,Radoslaw Majecki,2025,3911,radoslaw-majecki,Poland,Starachowice  ,Poland,1999-11-16 00:00:00,Goalkeeper,Goalkeeper,right,193.0,2028-06-30 00:00:00,ROOF,https://img.a.transfermarkt.technology/portrait/header/346546-1672484869.jpg?lm=1,1.0,0.0,,https://www.transfermarkt.co.uk/radoslaw-majecki/profil/spieler/346546,FR1,Stade Brestois 29,2500000.0,7000000.0,2025,Radosław Majecki,FRA-Ligue 1,2526,Brest,Radosław Majecki,POL,GK,25,1999,10,10,864,9.6,18,1.87,44,26,59.1,1,4,5,3,30.0,1,1,0,0,0.0,26.360027378507873,826.0
415383,2026-03-27,5000000,Angers SCO,1420,FR1,Hervé,Koffi,Hervé Koffi,2025,1420,herve-koffi,Burkina Faso,Bobo-Dioulasso  ,Burkina Faso,1996-10-16 00:00:00,Goalkeeper,Goalkeeper,right,186.0,2028-06-30 00:00:00,ASR SPORT,https://img.a.transfermarkt.technology/portrait/header/415383-1672499883.jpg?lm=1,70.0,0.0,,https://www.transfermarkt.co.uk/herve-koffi/profil/spieler/415383,FR1,Angers SCO,6000000.0,6000000.0,2025,Hervé Koffi,FRA-Ligue 1,2526,Angers,Hervé Koffi,BFA,GK,28,1996,30,30,2658,29.5,36,1.22,157,120,77.1,9,9,12,10,33.3,6,3,2,1,40.0,29.44284736481862,826.0
448632,2026-03-27,7000000,OGC Nice,417,FR1,Yehvann,Diouf,Yehvann Diouf,2025,417,yehvann-diouf,France,Montreuil-sous-Bois  ,Senegal,1999-11-16 00:00:00,Goalkeeper,Goalkeeper,right,188.0,2030-06-30 00:00:00,FAIR SPORT MNG,https://img.a.transfermarkt.technology/portrait/header/448632-1756822717.jpg?lm=1,2.0,0.0,,https://www.transfermarkt.co.uk/yehvann-diouf/profil/spieler/448632,FR1,OGC Nice,7000000.0,12000000.0,2025,Yehvann Diouf,FRA-Ligue 1,2526,Nice,Yehvann Diouf,SEN,GK,25,1999,26,26,2340,26.0,45,1.73,136,91,66.9,6,7,13,5,19.2,7,5,1,1,16.7,26.360027378507873,1556.0
463600,2026-03-27,30000000,Paris Saint-Germain,583,FR1,Lucas,Chevalier,Lucas Chevalier,2025,583,lucas-chevalier,France,Calais  ,France,2001-11-06 00:00:00,Goalkeeper,Goalkeeper,right,189.0,2030-06-30 00:00:00,,https://img.a.transfermarkt.technology/portrait/header/463600-1708342501.jpg?lm=1,1.0,0.0,,https://www.transfermarkt.co.uk/lucas-chevalier/profil/spieler/463600,FR1,Paris Saint-Germain,25000000.0,40000000.0,2025,Lucas Chevalier,FRA-Ligue 1,2526,Paris SG,Lucas Chevalier,FRA,GK,23,2001,17,17,1530,17.0,13,0.76,45,32,71.1,12,3,2,9,52.9,3,1,1,1,50.0,24.386036960985628,1556.0
525155,2026-03-27,3000000,Stade Brestois 29,3911,FR1,Grégoire,Coudert,Grégoire Coudert,2025,3911,gregoire-coudert,France,Rodez  ,France,1999-04-03 00:00:00,Goalkeeper,Goalkeeper,left,192.0,2027-06-30 00:00:00,Gersh,https://img.a.transfermarkt.technology/portrait/header/525155-1632761084.jpg?lm=1,0.0,0.0,,https://www.transfermarkt.co.uk/gregoire-coudert/profil/spieler/525155,FR1,Stade Brestois 29,4000000.0,4000000.0,2025,Grégoire Coudert,FRA-Ligue 1,2526,Brest,Grégoire Coudert,FRA,GK,26,1999,25,24,2192,24.4,40,1.64,116,76,65.5,9,5,10,6,25.0,4,3,1,0,25.0,26.981519507186857,460.0
743515,2026-03-27,25000000,RC Lens,826,FR1,Robin,Risser,Robin Risser,2025,826,robin-risser,France,Colmar  ,France,2004-12-02 00:00:00,Goalkeeper,Goalkeeper,right,193.0,2030-06-30 00:00:00,Carmenta,https://img.a.transfermarkt.technology/portrait/header/743515-1732575159.png?lm=1,0.0,0.0,,https://www.transfermarkt.co.uk/robin-risser/profil/spieler/743515,FR1,RC Lens,30000000.0,30000000.0,2025,Robin Risser,FRA-Ligue 1,2526,Lens,Robin Risser,FRA,GK,20,2004,33,33,2970,33.0,35,1.06,111,76,68.5,21,4,8,11,33.3,6,3,2,1,40.0,21.31416837782341,1556.0
834397,2026-03-27,22000000,RC Strasbourg Alsace,667,FR1,Mike,Penders,Mike Penders,2025,667,mike-penders,Belgium,Maasmechelen  ,Belgium,2005-07-31 00:00:00,Goalkeeper,Goalkeeper,left,200.0,2032-06-30 00:00:00,MARTIN RIHA,https://img.a.transfermarkt.technology/portrait/header/834397-1782074650.jpg?lm=1,0.0,0.0,,https://www.transfermarkt.co.uk/mike-penders/profil/spieler/834397,FR1,RC Strasbourg Alsace,25000000.0,25000000.0,2025,Mike Penders,FRA-Ligue 1,2526,Strasbourg,Mike Penders,BEL,GK,20,2005,33,33,2970,33.0,47,1.42,154,107,69.5,14,8,11,8,24.2,5,4,1,0,20.0,20.654346338124572,2287.0
912902,2026-03-27,18000000,FC Toulouse,415,FR1,Guillaume,Restes,Guillaume Restes,2025,415,guillaume-restes,France,Toulouse  ,France,2005-03-11 00:00:00,Goalkeeper,Goalkeeper,left,188.0,2028-06-30 00:00:00,Unique Sports Group,https://img.a.transfermarkt.technology/portrait/header/912902-1676656145.jpg?lm=1,19.0,0.0,,https://www.transfermarkt.co.uk/guillaume-restes/profil/spieler/912902,FR1,FC Toulouse,18000000.0,20000000.0,2025,Guillaume Restes,FRA-Ligue 1,2526,Toulouse,Guillaume Restes,FRA,GK,20,2005,33,33,2939,32.7,45,1.38,129,84,65.1,12,8,13,9,27.3,5,5,0,0,0.0,21.04312114989733,826.0
979761,2026-03-27,200000,Stade Rennais FC,273,FR1,Mathys,Silistrie,Mathys Silistrie,2025,273,mathys-silistrie,France,Drancy  ,France,2005-09-16 00:00:00,Goalkeeper,Goalkeeper,right,188.0,2027-06-30 00:00:00,HEWGO SPORT,https://img.a.transfermarkt.technology/portrait/header/979761-1770737381.jpg?lm=1,,,,https://www.transfermarkt.co.uk/mathys-silistrie/profil/spieler/979761,FR1,Stade Rennais FC,200000.0,200000.0,2025,Mathys Silestrie,FRA-Ligue 1,2526,Rennes,Mathys Silestrie,FRA,GK,19,2005,2,2,180,2.0,6,3.0,14,8,57.1,0,0,2,0,0.0,0,0,0,0,,20.525667351129364,460.0
988275,2026-03-27,200000,Le Havre AC,738,FR1,Paul,Argney,Paul Argney,2025,738,paul-argney,France,Granville  ,France,2006-05-23 00:00:00,Goalkeeper,Goalkeeper,right,186.0,2027-06-30 00:00:00,SEG,https://img.a.transfermarkt.technology/portrait/header/988275-1701165489.jpg?lm=1,6.0,0.0,,https://www.transfermarkt.co.uk/paul-argney/profil/spieler/988275,FR1,Le Havre AC,200000.0,200000.0,2025,Paul Argney,FRA-Ligue 1,2526,Le Havre,Paul Argney,FRA,GK,19,2006,1,1,90,1.0,1,1.0,3,2,66.7,1,0,0,0,0.0,0,0,0,0,,19.84394250513347,460.0
1415191,2026-05-12,50000,Unión Magdalena,14680,COL1,David,Mojica,David Mojica,2025,14680,david-mojica,,,Colombia,2006-10-31 00:00:00,Goalkeeper,Goalkeeper,,,2027-12-31 00:00:00,,https://img.a.transfermarkt.technology/portrait/header/1415191-1758641440.JPG?lm=1,,,,https://www.transfermarkt.co.uk/david-mojica/profil/spieler/1415191,COL1,Unión Magdalena,50000.0,50000.0,2025,David Soria,ESP-La Liga,2526,Getafe,David Soria,ESP,GK,32,1993,38,38,3420,38.0,38,1.0,154,115,75.3,15,6,17,12,31.6,4,1,2,1,66.7,19.529089664613277,598.0
280379,2026-05-20,200000,CF Monterrey,2407,MEX1,Luis,Cárdenas,Luis Cárdenas,2025,2407,luis-cardenas,Mexico,Los Mochis  ,Mexico,1993-09-15 00:00:00,Goalkeeper,Goalkeeper,right,176.0,2028-06-30 00:00:00,EL C1EL0,https://img.a.transfermarkt.technology/portrait/header/280379-1580827417.png?lm=1,0.0,0.0,,https://www.transfermarkt.co.uk/luis-cardenas/profil/spieler/280379,MEX1,CF Monterrey,200000.0,600000.0,2025,Dani Cárdenas,ESP-La Liga,2526,Rayo Vallecano,Dani Cárdenas,ESP,GK,28,1997,4,4,360,4.0,7,1.75,26,19,73.1,2,1,1,1,25.0,2,1,1,0,50.0,32.67624914442163,772.0
826462,2026-05-20,25000,Tigres UANL,7055,MEX1,Antonio,Carrera,Antonio Carrera,2025,7055,antonio-carrera,Mexico,"Pachuca de Soto, Hidalgo  ",United States,2004-03-15 00:00:00,Goalkeeper,Goalkeeper,right,191.0,,THE·TEAM,https://img.a.transfermarkt.technology/portrait/header/826462-1740506003.jpg?lm=1,3.0,0.0,,https://www.transfermarkt.co.uk/antonio-carrera/profil/spieler/826462,MEX1,Tigres UANL,25000.0,25000.0,2025,Antonio Sivera,ESP-La Liga,2526,Alavés,Antonio Sivera,ESP,GK,28,1996,38,38,3420,38.0,56,1.47,153,97,63.4,11,10,17,5,13.2,5,5,0,0,0.0,22.17932922655715,0.0
983609,2026-05-20,2500000,Club León FC,4941,MEX1,Jordan,García,Jordan García,2025,4941,jordan-garcia,Colombia,El Retén  ,Colombia,2005-06-20 00:00:00,Goalkeeper,Goalkeeper,right,186.0,2029-12-31 00:00:00,HIJAR,https://img.a.transfermarkt.technology/portrait/header/983609-1740844253.jpeg?lm=1,19.0,0.0,,https://www.transfermarkt.co.uk/jordan-garcia/profil/spieler/983609,MEX1,Club León FC,2500000.0,2500000.0,2025,Joan García,ESP-La Liga,2526,Barcelona,Joan García,ESP,GK,24,2001,30,30,2700,30.0,21,0.7,95,74,77.9,27,1,2,15,50.0,3,3,0,0,0.0,20.914442162902123,1321.0
802715,2026-05-25,25000,FC Fredericia,5776,DK1,Mads,Eriksen,Mads Eriksen,2025,5776,mads-eriksen,,,Denmark,2003-10-30 00:00:00,Goalkeeper,Goalkeeper,right,198.0,,Bak Agency,https://img.a.transfermarkt.technology/portrait/header/default.jpg?lm=1,,,,https://www.transfermarkt.co.uk/mads-eriksen/profil/spieler/802715,DK1,FC Fredericia,25000.0,25000.0,2025,Mads Hermansen,ENG-Premier League,2526,West Ham,Mads Hermansen,DEN,GK,25,2000,18,18,1620,18.0,28,1.56,82,53,65.9,6,4,8,7,38.9,1,1,0,0,0.0,22.56810403832991,0.0
112541,2026-05-26,800000,Dynamo Moscow,121,RU1,Andrey,Lunev,Andrey Lunev,2025,121,andrey-lunev,UdSSR,Moskau  ,Russia,1991-11-13 00:00:00,Goalkeeper,Goalkeeper,right,190.0,2027-06-30 00:00:00,,https://img.a.transfermarkt.technology/portrait/header/112541-1721727463.png?lm=1,9.0,0.0,,https://www.transfermarkt.co.uk/andrey-lunev/profil/spieler/112541,RU1,FK Dinamo Moskva,800000.0,10500000.0,2025,Andriy Lunin,ESP-La Liga,2526,Real Madrid,Andriy Lunin,UKR,GK,26,1999,6,6,540,6.0,7,1.17,23,16,69.6,3,2,1,1,16.7,0,0,0,0,,34.53251197809719,400.0
140811,2026-05-26,400000,Club Athletico Paranaense,679,BRA1,,Santos,Santos,2025,679,santos,Brazil,Campina Grande  ,Brazil,1990-03-17 00:00:00,Goalkeeper,Goalkeeper,right,188.0,2026-12-31 00:00:00,Lipatin Sports,https://img.a.transfermarkt.technology/portrait/header/140811-1554731294.jpg?lm=1,0.0,0.0,,https://www.transfermarkt.co.uk/santos/profil/spieler/140811,BRA1,Clube Atlético Paranaense,400000.0,3500000.0,2025,Kauã Santos,,2526,Frankfurt,Kauã Santos,BRA,GK,22,2003,13,13,1084,12.0,32,2.66,69,37,53.6,3,4,6,2,15.4,1,1,0,0,0.0,36.19164955509925,219.0
842187,2026-05-26,10000,SV Ried,266,A1,Dominik,Stöger,Dominik Stöger,2025,266,dominik-stoger,,,Austria,2006-09-22 00:00:00,Goalkeeper,Goalkeeper,,200.0,2028-06-30 00:00:00,,https://img.a.transfermarkt.technology/portrait/header/842187-1753368072.png?lm=1,0.0,0.0,,https://www.transfermarkt.co.uk/dominik-stoger/profil/spieler/842187,A1,SV Ried,10000.0,10000.0,2025,Dominik Greif,FRA-Ligue 1,2526,Lyon,Dominik Greif,SVK,GK,28,1997,29,29,2610,29.0,37,1.28,115,77,67.8,15,5,9,11,37.9,5,2,3,0,60.0,19.67419575633128,766.0
17259,2026-05-27,4000000,Bayern Munich,27,L1,Manuel,Neuer,Manuel Neuer,2025,27,manuel-neuer,Germany,Gelsenkirchen  ,Germany,1986-03-27 00:00:00,Goalkeeper,Goalkeeper,right,193.0,2027-06-30 00:00:00,PRO Profil GmbH,https://img.a.transfermarkt.technology/portrait/header/17259-1762943283.jpg?lm=1,128.0,0.0,,https://www.transfermarkt.co.uk/manuel-neuer/profil/spieler/17259,L1,Bayern Munich,4000000.0,45000000.0,2025,Manuel Neuer,,2526,Bayern Munich,Manuel Neuer,GER,GK,39,1986,22,22,1859,20.7,20,0.97,51,31,60.8,19,3,0,7,31.8,1,1,0,0,0.0,40.167008898015055,399.0
40680,2026-05-27,500000,Bayern Munich,27,L1,Sven,Ulreich,Sven Ulreich,2025,27,sven-ulreich,Germany,Schorndorf  ,Germany,1988-08-03 00:00:00,Goalkeeper,Goalkeeper,right,192.0,2027-06-30 00:00:00,,https://img.a.transfermarkt.technology/portrait/header/40680-1700659982.jpg?lm=1,0.0,0.0,,https://www.transfermarkt.co.uk/sven-ulreich/profil/spieler/40680,L1,Bayern Munich,500000.0,6000000.0,2025,Sven Ulreich,,2526,Bayern Munich,Sven Ulreich,GER,GK,36,1988,1,1,90,1.0,1,1.0,7,6,85.7,0,1,0,0,0.0,0,0,0,0,,37.81245722108145,399.0
55089,2026-05-27,2500000,TSG 1899 Hoffenheim,533,L1,Oliver,Baumann,Oliver Baumann,2025,533,oliver-baumann,Germany,Breisach am Rhein  ,Germany,1990-06-02 00:00:00,Goalkeeper,Goalkeeper,right,187.0,2028-06-30 00:00:00,CN Sports,https://img.a.transfermarkt.technology/portrait/header/55089-1755090197.jpg?lm=1,13.0,0.0,,https://www.transfermarkt.co.uk/oliver-baumann/profil/spieler/55089,L1,TSG 1899 Hoffenheim,2500000.0,10000000.0,2025,Oliver Baumann,,2526,Hoffenheim,Oliver Baumann,GER,GK,35,1990,34,34,3060,34.0,52,1.53,150,98,65.3,18,7,9,7,20.6,7,5,0,2,0.0,35.983572895277206,765.0
57071,2026-05-27,1000000,RB Leipzig,23826,L1,Péter,Gulácsi,Péter Gulácsi,2025,23826,peter-gulacsi,Hungary,Budapest  ,Hungary,1990-05-06 00:00:00,Goalkeeper,Goalkeeper,right,193.0,2027-06-30 00:00:00,,https://img.a.transfermarkt.technology/portrait/header/57071-1719214600.jpg?lm=1,58.0,0.0,,https://www.transfermarkt.co.uk/peter-gulacsi/profil/spieler/57071,L1,RB Leipzig,1000000.0,13000000.0,2025,Péter Gulácsi,,2526,RB Leipzig,Péter Gulácsi,HUN,GK,35,1990,23,23,2008,22.3,32,1.43,85,52,62.4,12,4,7,9,39.1,2,2,0,0,0.0,36.05749486652977,399.0
81173,2026-05-27,700000,Bayer 04 Leverkusen,15,L1,Janis,Blaswich,Janis Blaswich,2025,15,janis-blaswich,Germany,Willich  ,Germany,1991-05-02 00:00:00,Goalkeeper,Goalkeeper,right,193.0,2027-06-30 00:00:00,PRO Profil GmbH,https://img.a.transfermarkt.technology/portrait/header/81173-1758702865.jpg?lm=1,0.0,0.0,,https://www.transfermarkt.co.uk/janis-blaswich/profil/spieler/81173,L1,Bayer 04 Leverkusen,700000.0,4000000.0,2025,Janis Blaswich,,2526,Leverkusen,Janis Blaswich,GER,GK,34,1991,11,10,931,10.3,9,0.87,50,41,82.0,5,4,1,3,30.0,0,0,0,0,,35.069130732375086,399.0
84993,2026-05-27,1200000,Hamburger SV,41,L1,Daniel,Heuer Fernandes,Daniel Heuer Fernandes,2025,41,daniel-heuer-fernandes,Germany,Bochum  ,Portugal,1992-11-13 00:00:00,Goalkeeper,Goalkeeper,right,188.0,2028-06-30 00:00:00,ROOF,https://img.a.transfermarkt.technology/portrait/header/84993-1758189215.jpg?lm=1,6.0,0.0,,https://www.transfermarkt.co.uk/daniel-heuer-fernandes/profil/spieler/84993,L1,Hamburger SV,1200000.0,1250000.0,2025,Daniel Heuer Fernandes,,2526,Hamburger SV,Daniel Heuer Fernandes,POR,GK,32,1992,33,33,2970,33.0,53,1.61,158,105,66.5,9,10,14,6,18.2,10,6,2,2,25.0,33.53319644079398,765.0
90317,2026-05-27,350000,1.FSV Mainz 05,39,L1,Daniel,Batz,Daniel Batz,2025,39,daniel-batz,Germany,Erlangen  ,Germany,1991-01-12 00:00:00,Goalkeeper,Goalkeeper,both,191.0,2026-06-30 00:00:00,Soccer and more,https://img.a.transfermarkt.technology/portrait/header/90317-1722886526.jpg?lm=1,0.0,0.0,,https://www.transfermarkt.co.uk/daniel-batz/profil/spieler/90317,L1,1.FSV Mainz 05,350000.0,350000.0,2025,Daniel Batz,,2526,Mainz 05,Daniel Batz,GER,GK,34,1991,21,21,1890,21.0,27,1.29,97,70,72.2,9,7,5,4,19.0,1,1,0,0,0.0,35.370294318959616,34.0
107775,2026-05-27,2000000,1.FC Union Berlin,89,L1,Frederik,Rönnow,Frederik Rönnow,2025,89,frederik-ronnow,Denmark,Horsens  ,Denmark,1992-08-04 00:00:00,Goalkeeper,Goalkeeper,right,188.0,,BTAM,https://img.a.transfermarkt.technology/portrait/header/107775-1692707378.jpg?lm=1,10.0,0.0,,https://www.transfermarkt.co.uk/frederik-ronnow/profil/spieler/107775,L1,1.FC Union Berlin,2000000.0,5500000.0,2025,Frederik Rønnow,,2526,Union Berlin,Frederik Rønnow,DEN,GK,32,1992,30,30,2640,29.3,54,1.84,131,75,58.8,7,8,15,5,16.7,6,6,0,0,0.0,33.80971937029432,0.0
125714,2026-05-27,6000000,Bayer 04 Leverkusen,15,L1,Mark,Flekken,Mark Flekken,2025,15,mark-flekken,Netherlands,Bocholtz   ,Netherlands,1993-06-13 00:00:00,Goalkeeper,Goalkeeper,both,195.0,2028-06-30 00:00:00,SEG,https://img.a.transfermarkt.technology/portrait/header/125714-1758704276.jpg?lm=1,12.0,0.0,,https://www.transfermarkt.co.uk/mark-flekken/profil/spieler/125714,L1,Bayer 04 Leverkusen,6000000.0,12000000.0,2025,Mark Flekken,,2526,Leverkusen,Mark Flekken,NED,GK,32,1993,24,24,2129,23.7,38,1.61,117,79,67.5,12,4,8,5,20.8,7,7,0,0,0.0,32.95277207392197,765.0
160929,2026-05-27,3000000,1.FC Köln,3,L1,Marvin,Schwäbe,Marvin Schwäbe,2025,3,marvin-schwabe,Germany,Dieburg  ,Germany,1995-04-25 00:00:00,Goalkeeper,Goalkeeper,right,190.0,2027-06-30 00:00:00,,https://img.a.transfermarkt.technology/portrait/header/160929-1721140634.jpg?lm=1,4.0,0.0,,https://www.transfermarkt.co.uk/marvin-schwabe/profil/spieler/160929,L1,1.FC Köln,3000000.0,7000000.0,2025,Marvin Schwäbe,,2526,Köln,Marvin Schwäbe,GER,GK,30,1995,34,34,3060,34.0,63,1.85,155,92,59.4,7,11,16,3,8.8,7,5,2,0,28.6,31.08829568788501,399.0
160963,2026-05-27,2500000,1.FSV Mainz 05,39,L1,Robin,Zentner,Robin Zentner,2025,39,robin-zentner,Germany,Rüdesheim am Rhein  ,Germany,1994-10-28 00:00:00,Goalkeeper,Goalkeeper,right,194.0,2028-06-30 00:00:00,W&K Fairplay,https://img.a.transfermarkt.technology/portrait/header/160963-1676499369.jpg?lm=1,1.0,0.0,,https://www.transfermarkt.co.uk/robin-zentner/profil/spieler/160963,L1,1.FSV Mainz 05,2500000.0,5000000.0,2025,Robin Zentner,,2526,Mainz 05,Robin Zentner,GER,GK,30,1994,10,10,876,9.7,14,1.44,45,31,68.9,1,3,6,0,0.0,0,0,0,0,,31.578370978781656,765.0
161057,2026-05-27,350000,1.FC Union Berlin,89,L1,Carl,Klaus,Carl Klaus,2025,89,carl-klaus,Germany,Stuttgart  ,Germany,1994-01-16 00:00:00,Goalkeeper,Goalkeeper,right,189.0,,,https://img.a.transfermarkt.technology/portrait/header/161057-1755624992.jpg?lm=1,0.0,0.0,,https://www.transfermarkt.co.uk/carl-klaus/profil/spieler/161057,L1,1.FC Union Berlin,350000.0,350000.0,2025,Carl Klaus,,2526,Union Berlin,Carl Klaus,GER,GK,31,1994,4,3,330,3.7,4,1.09,13,9,69.2,2,1,0,1,33.3,0,0,0,0,,32.3586584531143,0.0
195778,2026-05-27,12000000,VfB Stuttgart,79,L1,Alexander,Nübel,Alexander Nübel,2025,79,alexander-nubel,Germany,Paderborn  ,Germany,1996-09-30 00:00:00,Goalkeeper,Goalkeeper,right,193.0,2029-06-30 00:00:00,Siebert & Backs,https://img.a.transfermarkt.technology/portrait/header/195778-1783582812.png?lm=1,3.0,0.0,,https://www.transfermarkt.co.uk/alexander-nubel/profil/spieler/195778,L1,VfB Stuttgart,12000000.0,16000000.0,2025,Alexander Nübel,,2526,Stuttgart,Alexander Nübel,GER,GK,28,1996,34,34,3060,34.0,49,1.44,157,107,68.8,18,8,8,11,32.4,10,9,1,0,10.0,29.65366187542779,1130.0
196813,2026-05-27,4000000,Eintracht Frankfurt,24,L1,Michael,Zetterer,Michael Zetterer,2025,86,michael-zetterer,Germany,München  ,Germany,1995-07-12 00:00:00,Goalkeeper,Goalkeeper,both,187.0,2029-06-30 00:00:00,Siebert & Backs,https://img.a.transfermarkt.technology/portrait/header/196813-1757598019.jpg?lm=1,1.0,0.0,,https://www.transfermarkt.co.uk/michael-zetterer/profil/spieler/196813,L1,SV Werder Bremen,4000000.0,4500000.0,2025,Michael Zetterer,,2526,Frankfurt,Michael Zetterer,GER,GK,30,1995,22,21,1976,22.0,33,1.5,95,62,65.3,8,7,6,6,28.6,2,2,0,0,0.0,30.874743326488705,1130.0
248454,2026-05-27,4500000,FC St. Pauli,35,L1,Nikola,Vasilj,Nikola Vasilj,2025,35,nikola-vasilj,Bosnia-Herzegovina,Mostar  ,Bosnia-Herzegovina,1995-12-02 00:00:00,Goalkeeper,Goalkeeper,right,193.0,,,https://img.a.transfermarkt.technology/portrait/header/248454-1755032189.jpg?lm=1,30.0,0.0,,https://www.transfermarkt.co.uk/nikola-vasilj/profil/spieler/248454,L1,FC St. Pauli,4500000.0,4500000.0,2025,Nikola Vasilj,,2526,St Pauli,Nikola Vasilj,BIH,GK,29,1995,34,34,3060,34.0,60,1.76,183,123,67.2,6,8,20,5,14.7,6,3,2,1,40.0,30.483230663928815,0.0
251299,2026-05-27,12000000,FC Augsburg,167,L1,Finn,Dahmen,Finn Dahmen,2025,167,finn-dahmen,Germany,Wiesbaden  ,Germany,1998-03-27 00:00:00,Goalkeeper,Goalkeeper,right,186.0,2027-06-30 00:00:00,CN Sports,https://img.a.transfermarkt.technology/portrait/header/251299-1755200500.jpg?lm=1,0.0,0.0,,https://www.transfermarkt.co.uk/finn-dahmen/profil/spieler/251299,L1,FC Augsburg,12000000.0,12000000.0,2025,Finn Dahmen,,2526,Augsburg,Finn Dahmen,GER,GK,27,1998,34,34,3060,34.0,61,1.79,166,105,63.3,12,7,15,5,14.7,7,6,1,0,14.3,28.16700889801506,399.0
257814,2026-05-27,40000000,Borussia Dortmund,16,L1,Gregor,Kobel,Gregor Kobel,2025,16,gregor-kobel,Switzerland,Zürich  ,Switzerland,1997-12-06 00:00:00,Goalkeeper,Goalkeeper,right,196.0,2028-06-30 00:00:00,SBE Management AG,https://img.a.transfermarkt.technology/portrait/header/257814-1709559904.jpg?lm=1,26.0,0.0,,https://www.transfermarkt.co.uk/gregor-kobel/profil/spieler/257814,L1,Borussia Dortmund,40000000.0,40000000.0,2025,Gregor Kobel,,2526,Dortmund,Gregor Kobel,SUI,GK,27,1997,34,34,3060,34.0,34,1.0,122,88,72.1,22,7,5,15,44.1,5,5,0,0,0.0,28.470910335386723,765.0
284270,2026-05-27,8000000,Borussia Mönchengladbach,18,L1,Moritz,Nicolas,Moritz Nicolas,2025,18,moritz-nicolas,Germany,Gladbeck  ,Germany,1997-10-21 00:00:00,Goalkeeper,Goalkeeper,right,193.0,2029-06-30 00:00:00,PORT,https://img.a.transfermarkt.technology/portrait/header/284270-1722945496.jpg?lm=1,1.0,0.0,,https://www.transfermarkt.co.uk/moritz-nicolas/profil/spieler/284270,L1,Borussia Mönchengladbach,8000000.0,8000000.0,2025,Moritz Nicolas,,2526,Gladbach,Moritz Nicolas,GER,GK,27,1997,34,34,3060,34.0,53,1.56,189,136,72.0,9,11,14,13,38.2,5,5,0,0,0.0,28.5968514715948,1130.0
346551,2026-05-27,12000000,VfL Wolfsburg,82,L1,Kamil,Grabara,Kamil Grabara,2025,82,kamil-grabara,Poland,Ruda Śląska  ,Poland,1999-01-08 00:00:00,Goalkeeper,Goalkeeper,right,195.0,2028-06-30 00:00:00,BMG-SPORT,https://img.a.transfermarkt.technology/portrait/header/346551-1724770843.jpg?lm=1,6.0,0.0,,https://www.transfermarkt.co.uk/kamil-grabara/profil/spieler/346551,L1,VfL Wolfsburg,12000000.0,14000000.0,2025,Kamil Grabara,,2526,Wolfsburg,Kamil Grabara,POL,GK,26,1999,34,34,3060,34.0,69,2.03,189,120,63.5,7,8,19,2,5.9,12,7,3,2,30.0,27.381245722108144,765.0
386685,2026-05-27,600000,1.FC Union Berlin,89,L1,Matheo,Raab,Matheo Raab,2025,89,matheo-raab,Germany,Weilburg  ,Germany,1998-12-18 00:00:00,Goalkeeper,Goalkeeper,right,186.0,,Soccer and more,https://img.a.transfermarkt.technology/portrait/header/386685-1755624725.jpg?lm=1,,,,https://www.transfermarkt.co.uk/matheo-raab/profil/spieler/386685,L1,1.FC Union Berlin,600000.0,900000.0,2025,Matheo Raab,,2526,Union Berlin,Matheo Raab,GER,GK,26,1998,1,1,90,1.0,0,0.0,6,6,100.0,1,0,0,1,100.0,0,0,0,0,,27.43874058863792,0.0
448705,2026-05-27,7000000,1.FC Heidenheim 1846,2036,L1,Diant,Ramaj,Diant Ramaj,2025,2036,diant-ramaj,Germany,Stuttgart  ,Germany,2001-09-19 00:00:00,Goalkeeper,Goalkeeper,right,189.0,2029-06-30 00:00:00,,https://img.a.transfermarkt.technology/portrait/header/448705-1755088320.jpg?lm=1,3.0,0.0,,https://www.transfermarkt.co.uk/diant-ramaj/profil/spieler/448705,L1,1. Fußballclub Heidenheim 1846,7000000.0,18000000.0,2025,Diant Ramaj,,2526,Heidenheim,Diant Ramaj,GER,GK,23,2001,31,31,2790,31.0,67,2.16,167,100,59.9,5,8,18,1,3.2,6,5,0,1,0.0,24.684462696783026,1130.0
486046,2026-05-27,15000000,RB Leipzig,23826,L1,Maarten,Vandevoordt,Maarten Vandevoordt,2025,23826,maarten-vandevoordt,Belgium,Sint-Truiden  ,Belgium,2002-02-26 00:00:00,Goalkeeper,Goalkeeper,right,192.0,2030-06-30 00:00:00,THE·TEAM,https://img.a.transfermarkt.technology/portrait/header/486046-1724337345.jpg?lm=1,0.0,0.0,,https://www.transfermarkt.co.uk/maarten-vandevoordt/profil/spieler/486046,L1,RB Leipzig,15000000.0,15000000.0,2025,Maarten Vandevoordt,,2526,RB Leipzig,Maarten Vandevoordt,BEL,GK,23,2002,12,11,1052,11.7,15,1.28,45,30,66.7,8,1,2,2,18.2,1,0,1,0,100.0,24.246406570841888,1495.0
490609,2026-05-27,500000,1.FSV Mainz 05,39,L1,Lasse,Rieß,Lasse Rieß,2025,39,lasse-riess,Germany,Münster  ,Germany,2001-07-27 00:00:00,Goalkeeper,Goalkeeper,right,192.0,2027-06-30 00:00:00,ROOF,https://img.a.transfermarkt.technology/portrait/header/490609-1752587621.jpg?lm=1,,,,https://www.transfermarkt.co.uk/lasse-riess/profil/spieler/490609,L1,1.FSV Mainz 05,500000.0,700000.0,2025,Lasse Rieß,,2526,Mainz 05,Lasse Rieß,GER,GK,24,2001,4,3,292,3.2,12,3.7,27,15,55.6,0,0,3,0,0.0,1,1,0,0,0.0,24.83230663928816,399.0
493513,2026-05-27,3000000,SV Werder Bremen,86,L1,Karl,Hein,Karl Hein,2025,86,karl-hein,Estonia,Põlva  ,Estonia,2002-04-13 00:00:00,Goalkeeper,Goalkeeper,right,193.0,,THE·TEAM,https://img.a.transfermarkt.technology/portrait/header/493513-1758702558.jpg?lm=1,47.0,0.0,,https://www.transfermarkt.co.uk/karl-hein/profil/spieler/493513,L1,SV Werder Bremen,3000000.0,3000000.0,2025,Karl Jakob Hein,,2526,Werder Bremen,Karl Jakob Hein,EST,GK,23,2002,2,2,180,2.0,4,2.0,15,11,73.3,1,0,1,1,50.0,1,1,0,0,0.0,24.12046543463381,0.0
526845,2026-05-27,25000000,SC Freiburg,60,L1,Noah,Atubolu,Noah Atubolu,2025,60,noah-atubolu,Germany,Freiburg im Breisgau  ,Germany,2002-05-25 00:00:00,Goalkeeper,Goalkeeper,right,190.0,2027-06-30 00:00:00,Epic Atubolu,https://img.a.transfermarkt.technology/portrait/header/526845-1753984204.jpg?lm=1,0.0,0.0,,https://www.transfermarkt.co.uk/noah-atubolu/profil/spieler/526845,L1,SC Freiburg,25000000.0,25000000.0,2025,Noah Atubolu,,2526,Freiburg,Noah Atubolu,GER,GK,23,2002,34,34,3060,34.0,57,1.68,157,100,63.7,13,8,13,6,17.6,1,0,1,0,100.0,24.005475701574266,399.0
549378,2026-05-27,3000000,Hamburger SV,41,L1,Sander,Tangvik,Sander Tangvik,2025,41,sander-tangvik,Norway,Trondheim  ,Norway,2002-11-29 00:00:00,Goalkeeper,Goalkeeper,right,193.0,2030-06-30 00:00:00,,https://img.a.transfermarkt.technology/portrait/header/549378-1768895607.jpg?lm=1,0.0,0.0,,https://www.transfermarkt.co.uk/sander-tangvik/profil/spieler/549378,L1,Hamburger SV,3000000.0,3500000.0,2025,Sander Tangvik,,2526,Hamburger SV,Sander Tangvik,NOR,GK,22,2002,1,1,90,1.0,1,1.0,7,6,85.7,0,1,0,0,0.0,1,0,1,0,100.0,23.49075975359343,1495.0
607720,2026-05-27,18000000,Bayern Munich,27,L1,Jonas,Urbig,Jonas Urbig,2025,27,jonas-urbig,Germany,Euskirchen  ,Germany,2003-08-08 00:00:00,Goalkeeper,Goalkeeper,both,189.0,2029-06-30 00:00:00,ROOF,https://img.a.transfermarkt.technology/portrait/header/607720-1737037032.jpg?lm=1,0.0,0.0,,https://www.transfermarkt.co.uk/jonas-urbig/profil/spieler/607720,L1,Bayern Munich,18000000.0,18000000.0,2025,Jonas Urbig,,2526,Bayern Munich,Jonas Urbig,GER,GK,21,2003,14,11,1111,12.3,15,1.22,47,32,68.1,9,1,1,6,54.5,2,1,0,1,0.0,22.80082135523614,1130.0
620295,2026-05-27,15000000,SV Werder Bremen,86,L1,Mio,Backhaus,Mio Backhaus,2025,86,mio-backhaus,Germany,Mönchengladbach  ,Germany,2004-04-16 00:00:00,Goalkeeper,Goalkeeper,right,194.0,,feel soccer GmbH,https://img.a.transfermarkt.technology/portrait/header/620295-1756027825.jpg?lm=1,5.0,0.0,,https://www.transfermarkt.co.uk/mio-backhaus/profil/spieler/620295,L1,SV Werder Bremen,15000000.0,15000000.0,2025,Mio Backhaus,,2526,Werder Bremen,Mio Backhaus,GER,GK,21,2004,32,32,2880,32.0,56,1.75,156,100,64.1,7,8,17,5,15.6,5,5,0,0,0.0,22.11088295687885,0.0
806948,2026-05-27,800000,1.FC Heidenheim 1846,2036,L1,Frank,Feller,Frank Feller,2025,2036,frank-feller,Germany,Leonberg  ,Germany,2004-01-07 00:00:00,Goalkeeper,Goalkeeper,right,183.0,2029-06-30 00:00:00,SoccerQ GmbH,https://img.a.transfermarkt.technology/portrait/header/806948-1690186659.jpg?lm=1,0.0,0.0,,https://www.transfermarkt.co.uk/frank-feller/profil/spieler/806948,L1,1. Fußballclub Heidenheim 1846,800000.0,800000.0,2025,Frank Feller,,2526,Heidenheim,Frank Feller,GER,GK,21,2004,3,3,270,3.0,5,1.67,20,15,75.0,1,0,2,0,0.0,0,0,0,0,,22.38466803559206,1130.0
997861,2026-05-27,7000000,Eintracht Frankfurt,24,L1,Kauã,Santos,Kauã Santos,2025,24,kaua-santos,Brazil,Vassouras  ,Brazil,2003-04-11 00:00:00,Goalkeeper,Goalkeeper,right,196.0,2030-06-30 00:00:00,,https://img.a.transfermarkt.technology/portrait/header/997861-1696509170.jpg?lm=1,2.0,0.0,,https://www.transfermarkt.co.uk/kaua-santos/profil/spieler/997861,L1,Eintracht Frankfurt,7000000.0,10000000.0,2025,Kauã Santos,,2526,Frankfurt,Kauã Santos,BRA,GK,22,2003,13,13,1084,12.0,32,2.66,69,37,53.6,3,4,6,2,15.4,1,1,0,0,0.0,23.12662559890486,1495.0
27807,2026-05-29,150000,Udinese Calcio,410,IT1,Daniele,Padelli,Daniele Padelli,2025,410,daniele-padelli,Italy,Lecco  ,Italy,1985-10-25 00:00:00,Goalkeeper,Goalkeeper,right,191.0,2027-06-30 00:00:00,Mondial,https://img.a.transfermarkt.technology/portrait/header/27807-1630653305.jpg?lm=1,0.0,0.0,,https://www.transfermarkt.co.uk/daniele-padelli/profil/spieler/27807,IT1,Udinese Calcio,150000.0,2000000.0,2025,Daniele Padelli,ITA-Serie A,2526,Udinese,Daniele Padelli,ITA,GK,39,1985,2,2,180,2.0,2,1.0,5,3,60.0,0,1,1,0,0.0,1,1,0,0,0.0,40.591375770020534,397.0
42205,2026-05-29,2000000,Inter Milan,46,IT1,Yann,Sommer,Yann Sommer,2025,46,yann-sommer,Switzerland,Morges  ,Switzerland,1988-12-17 00:00:00,Goalkeeper,Goalkeeper,right,183.0,,,https://img.a.transfermarkt.technology/portrait/header/42205-1669897427.jpg?lm=1,94.0,0.0,,https://www.transfermarkt.co.uk/yann-sommer/profil/spieler/42205,IT1,Inter Milan,2000000.0,13000000.0,2025,Yann Sommer,ITA-Serie A,2526,Inter,Yann Sommer,SUI,GK,36,1988,33,33,2960,32.9,30,0.91,95,64,68.4,23,5,5,15,45.5,4,4,0,0,0.0,37.445585215605746,0.0
59377,2026-05-29,3500000,ACF Fiorentina,430,IT1,David,de Gea,David de Gea,2025,430,david-de-gea,Spain,Madrid  ,Spain,1990-11-07 00:00:00,Goalkeeper,Goalkeeper,right,192.0,2028-06-30 00:00:00,,https://img.a.transfermarkt.technology/portrait/header/59377-1667548362.jpg?lm=1,45.0,0.0,,https://www.transfermarkt.co.uk/david-de-gea/profil/spieler/59377,IT1,ACF Fiorentina,3500000.0,70000000.0,2025,David de Gea,ITA-Serie A,2526,Fiorentina,David de Gea,ESP,GK,34,1990,37,37,3330,37.0,49,1.32,169,119,71.0,9,14,14,10,27.0,6,5,1,0,16.7,35.5564681724846,763.0
70580,2026-05-29,300000,Inter Milan,46,IT1,Raffaele,Di Gennaro,Raffaele Di Gennaro,2025,46,raffaele-di-gennaro,Italy,Saronno  ,Italy,1993-10-03 00:00:00,Goalkeeper,Goalkeeper,right,188.0,,,https://img.a.transfermarkt.technology/portrait/header/70580-1692961707.jpg?lm=1,3.0,0.0,,https://www.transfermarkt.co.uk/raffaele-di-gennaro/profil/spieler/70580,IT1,Inter Milan,300000.0,3500000.0,2025,Raffaele Di Gennaro,ITA-Serie A,2526,Inter,Raffaele Di Gennaro,ITA,GK,31,1993,1,0,10,0.1,1,9.0,2,1,50.0,0,0,0,0,,0,0,0,0,,32.65160848733744,0.0
85528,2026-05-29,500000,US Cremonese,2239,IT1,Marco,Silvestri,Marco Silvestri,2025,2239,marco-silvestri,Italy,Castelnovo ne' Monti  ,Italy,1991-03-02 00:00:00,Goalkeeper,Goalkeeper,right,191.0,,Team Raiola,https://img.a.transfermarkt.technology/portrait/header/85528-1663664993.jpg?lm=1,0.0,0.0,,https://www.transfermarkt.co.uk/marco-silvestri/profil/spieler/85528,IT1,US Cremonese,500000.0,10000000.0,2025,Marco Silvestri,ITA-Serie A,2526,Cremonese,Marco Silvestri,ITA,GK,34,1991,4,4,360,4.0,7,1.75,22,15,68.2,0,3,1,0,0.0,0,0,0,0,,35.24161533196441,0.0
96254,2026-05-29,900000,AC Milan,5,IT1,Pietro,Terracciano,Pietro Terracciano,2025,5,pietro-terracciano,Italy,San Felice a Cancello  ,Italy,1990-03-08 00:00:00,Goalkeeper,Goalkeeper,right,193.0,2027-06-30 00:00:00,,https://img.a.transfermarkt.technology/portrait/header/96254-1753403934.jpg?lm=1,,,,https://www.transfermarkt.co.uk/pietro-terracciano/profil/spieler/96254,IT1,AC Milan,900000.0,2500000.0,2025,Pietro Terracciano,ITA-Serie A,2526,Milan,Pietro Terracciano,ITA,GK,35,1990,2,1,125,1.4,0,0.0,4,4,100.0,1,0,0,2,200.0,0,0,0,0,,36.224503764544835,397.0
110923,2026-05-29,2000000,Juventus FC,506,IT1,Mattia,Perin,Mattia Perin,2025,506,mattia-perin,Italy,Latina  ,Italy,1992-11-10 00:00:00,Goalkeeper,Goalkeeper,right,188.0,2027-06-30 00:00:00,World Soccer Agency,https://img.a.transfermarkt.technology/portrait/header/110923-1695107834.jpg?lm=1,2.0,0.0,,https://www.transfermarkt.co.uk/mattia-perin/profil/spieler/110923,IT1,Juventus FC,2000000.0,18000000.0,2025,Mattia Perin,ITA-Serie A,2526,Juventus,Mattia Perin,ITA,GK,32,1992,9,9,765,8.5,9,1.06,22,13,59.1,4,3,2,3,33.3,0,0,0,0,,33.54688569472964,397.0
135747,2026-05-29,350000,ACF Fiorentina,430,IT1,Luca,Lezzerini,Luca Lezzerini,2025,430,luca-lezzerini,Italy,Roma  ,Italy,1995-03-24 00:00:00,Goalkeeper,Goalkeeper,right,195.0,2028-06-30 00:00:00,MM-Management,https://img.a.transfermarkt.technology/portrait/header/135747-1757604338.jpg?lm=1,4.0,0.0,,https://www.transfermarkt.co.uk/luca-lezzerini/profil/spieler/135747,IT1,ACF Fiorentina,350000.0,800000.0,2025,Luca Lezzerini,ITA-Serie A,2526,Fiorentina,Luca Lezzerini,ITA,GK,30,1995,1,0,4,0.0,0,0.0,0,0,,0,0,0,0,,0,0,0,0,,31.1813826146475,763.0
136111,2026-05-29,1000000,Genoa CFC,252,IT1,Nicola,Leali,Nicola Leali,2025,252,nicola-leali,Italy,Castiglione delle Stiviere  ,Italy,1993-02-17 00:00:00,Goalkeeper,Goalkeeper,right,193.0,,GB1,https://img.a.transfermarkt.technology/portrait/header/136111-1692963337.jpg?lm=1,1.0,0.0,,https://www.transfermarkt.co.uk/nicola-leali/profil/spieler/136111,IT1,Genoa CFC,1000000.0,6000000.0,2025,Nicola Leali,ITA-Serie A,2526,Genoa,Nicola Leali,ITA,GK,32,1993,22,21,1847,20.5,28,1.36,86,58,67.4,4,8,9,4,19.0,2,2,0,0,0.0,33.275838466803556,0.0
163048,2026-05-29,1200000,Torino FC,416,IT1,Alberto,Paleari,Alberto Paleari,2025,416,alberto-paleari,Italy,Giussano  ,Italy,1992-08-29 00:00:00,Goalkeeper,Goalkeeper,right,193.0,2027-06-30 00:00:00,Firmani Football,https://img.a.transfermarkt.technology/portrait/header/163048-1753444583.jpg?lm=1,,,,https://www.transfermarkt.co.uk/alberto-paleari/profil/spieler/163048,IT1,Torino FC,1200000.0,1200000.0,2025,Alberto Paleari,ITA-Serie A,2526,Torino,Alberto Paleari,ITA,GK,32,1992,29,29,2610,29.0,45,1.55,127,82,64.6,10,7,12,9,31.0,2,2,0,0,0.0,33.74674880219028,397.0
182906,2026-05-29,20000000,AC Milan,5,IT1,Mike,Maignan,Mike Maignan,2025,5,mike-maignan,French Guiana,Cayenne  ,France,1995-07-03 00:00:00,Goalkeeper,Goalkeeper,right,191.0,2031-06-30 00:00:00,ESN,https://img.a.transfermarkt.technology/portrait/header/182906-1681459155.jpg?lm=1,46.0,0.0,,https://www.transfermarkt.co.uk/mike-maignan/profil/spieler/182906,IT1,AC Milan,20000000.0,45000000.0,2025,Mike Maignan,ITA-Serie A,2526,Milan,Mike Maignan,FRA,GK,30,1995,37,37,3295,36.6,35,0.96,141,106,75.2,19,10,8,14,37.8,8,5,2,1,28.6,30.90485968514716,1858.0
197929,2026-05-29,3000000,SS Lazio,398,IT1,Ivan,Provedel,Ivan Provedel,2025,398,ivan-provedel,Italy,Pordenone  ,Italy,1994-03-17 00:00:00,Goalkeeper,Goalkeeper,right,194.0,2029-06-30 00:00:00,,https://img.a.transfermarkt.technology/portrait/header/197929-1695160944.jpg?lm=1,0.0,0.0,,https://www.transfermarkt.co.uk/ivan-provedel/profil/spieler/197929,IT1,Società Sportiva Lazio S.p.A.,3000000.0,14000000.0,2025,Ivan Provedel,ITA-Serie A,2526,Lazio,Ivan Provedel,ITA,GK,31,1994,27,27,2430,27.0,27,1.0,116,87,76.7,8,10,9,12,44.4,4,3,1,0,25.0,32.199863107460644,1128.0
199976,2026-05-29,800000,Atalanta BC,800,IT1,Marco,Sportiello,Marco Sportiello,2025,800,marco-sportiello,Italy,Desio  ,Italy,1992-05-10 00:00:00,Goalkeeper,Goalkeeper,right,192.0,2028-06-30 00:00:00,GR Sports,https://img.a.transfermarkt.technology/portrait/header/199976-1661351013.jpg?lm=1,0.0,0.0,,https://www.transfermarkt.co.uk/marco-sportiello/profil/spieler/199976,IT1,Atalanta BC,800000.0,10000000.0,2025,Marco Sportiello,ITA-Serie A,2526,Atalanta,Marco Sportiello,ITA,GK,33,1992,1,1,90,1.0,1,1.0,4,3,75.0,0,1,0,0,0.0,0,0,0,0,,34.050650239561946,763.0
238537,2026-05-29,3500000,US Lecce,1005,IT1,Wladimiro,Falcone,Wladimiro Falcone,2025,1005,wladimiro-falcone,Italy,Roma  ,Italy,1995-04-12 00:00:00,Goalkeeper,Goalkeeper,right,195.0,2028-06-30 00:00:00,LIAN Sports Group,https://img.a.transfermarkt.technology/portrait/header/238537-1693308504.jpg?lm=1,0.0,0.0,,https://www.transfermarkt.co.uk/wladimiro-falcone/profil/spieler/238537,IT1,US Lecce,3500000.0,5000000.0,2025,Wladimiro Falcone,ITA-Serie A,2526,Lecce,Wladimiro Falcone,ITA,GK,30,1995,38,38,3420,38.0,50,1.32,158,108,68.4,10,8,20,10,26.3,6,4,2,0,33.3,31.129363449691994,763.0
238993,2026-05-29,900000,Pisa Sporting Club,4172,IT1,Simone,Scuffet,Simone Scuffet,2025,4172,simone-scuffet,Italy,Udine  ,Italy,1996-05-31 00:00:00,Goalkeeper,Goalkeeper,right,193.0,2028-06-30 00:00:00,,https://img.a.transfermarkt.technology/portrait/header/238993-1753431413.jpg?lm=1,0.0,0.0,,https://www.transfermarkt.co.uk/simone-scuffet/profil/spieler/238993,IT1,Pisa Sporting Club,900000.0,6000000.0,2025,Simone Scuffet,ITA-Serie A,2526,Pisa,Simone Scuffet,ITA,GK,29,1996,7,7,630,7.0,15,2.14,29,14,48.3,0,3,4,1,14.3,3,3,0,0,0.0,29.99315537303217,763.0
240414,2026-05-29,8000000,SSC Napoli,6195,IT1,Alex,Meret,Alex Meret,2025,6195,alex-meret,Italy,Udine  ,Italy,1997-03-22 00:00:00,Goalkeeper,Goalkeeper,left,190.0,2027-06-30 00:00:00,,https://img.a.transfermarkt.technology/portrait/header/240414-1695025886.jpg?lm=1,3.0,0.0,,https://www.transfermarkt.co.uk/alex-meret/profil/spieler/240414,IT1,SSC Napoli,8000000.0,40000000.0,2025,Alex Meret,ITA-Serie A,2526,Napoli,Alex Meret,ITA,GK,28,1997,11,11,979,10.9,12,1.1,33,21,63.6,9,0,2,4,36.4,2,2,0,0,0.0,29.1854893908282,397.0
240675,2026-05-29,400000,Hellas Verona,276,IT1,Simone,Perilli,Simone Perilli,2025,276,simone-perilli,Italy,Roma  ,Italy,1995-01-07 00:00:00,Goalkeeper,Goalkeeper,right,196.0,,,https://img.a.transfermarkt.technology/portrait/header/240675-1659601467.jpg?lm=1,3.0,0.0,,https://www.transfermarkt.co.uk/simone-perilli/profil/spieler/240675,IT1,Hellas Verona,400000.0,400000.0,2025,Simone Perilli,ITA-Serie A,2526,Hellas Verona,Simone Perilli,ITA,GK,30,1995,3,3,270,3.0,7,2.33,15,8,53.3,0,1,2,1,33.3,0,0,0,0,,31.38945927446954,0.0
241923,2026-05-29,1200000,Hellas Verona,276,IT1,Lorenzo,Montipò,Lorenzo Montipò,2025,276,lorenzo-montipo,Italy,Novara  ,Italy,1996-02-20 00:00:00,Goalkeeper,Goalkeeper,right,191.0,2028-06-30 00:00:00,TMP SOCCER srl,https://img.a.transfermarkt.technology/portrait/header/241923-1724828092.jpg?lm=1,2.0,0.0,,https://www.transfermarkt.co.uk/lorenzo-montipo/profil/spieler/241923,IT1,Hellas Verona,1200000.0,4500000.0,2025,Lorenzo Montipò,ITA-Serie A,2526,Hellas Verona,Lorenzo Montipò,ITA,GK,29,1996,35,35,3150,35.0,54,1.54,142,87,62.0,3,11,21,5,14.3,5,2,3,0,60.0,30.269678302532512,763.0
250683,2026-05-29,400000,SSC Napoli,6195,IT1,Nikita,Contini,Nikita Contini,2025,6195,nikita-contini,Ukraine,Cherkasy  ,Italy,1996-05-21 00:00:00,Goalkeeper,Goalkeeper,right,190.0,2031-06-30 00:00:00,BOVA,https://img.a.transfermarkt.technology/portrait/header/250683-1663679972.jpg?lm=1,,,,https://www.transfermarkt.co.uk/nikita-contini/profil/spieler/250683,IT1,SSC Napoli,400000.0,800000.0,2025,Nikita Contini,ITA-Serie A,2526,Napoli,Nikita Contini,ITA,GK,29,1996,1,0,11,0.1,0,0.0,0,0,,0,0,0,1,,0,0,0,0,,30.02053388090349,1858.0
256339,2026-05-29,2800000,US Cremonese,2239,IT1,Emil,Audero,Emil Audero,2025,2239,emil-audero,Indonesia,Mataram  ,Indonesia,1997-01-18 00:00:00,Goalkeeper,Goalkeeper,right,192.0,2028-06-30 00:00:00,TMP SOCCER srl,https://img.a.transfermarkt.technology/portrait/header/256339-1663679682.jpg?lm=1,6.0,0.0,,https://www.transfermarkt.co.uk/emil-audero/profil/spieler/256339,IT1,US Cremonese,2800000.0,15000000.0,2025,Emil Audero,ITA-Serie A,2526,Cremonese,Emil Audero,IDN,GK,28,1997,34,34,3060,34.0,50,1.47,173,123,71.1,8,7,19,11,32.4,6,4,2,0,33.3,29.357973990417523,763.0
257474,2026-05-29,20000000,SSC Napoli,6195,IT1,Vanja,Milinković-Savić,Vanja Milinković-Savić,2025,6195,vanja-milinkovic-savic,Spain,Ourense  ,Serbia,1997-02-20 00:00:00,Goalkeeper,Goalkeeper,right,202.0,2030-06-30 00:00:00,DOO Magnum,https://img.a.transfermarkt.technology/portrait/header/257474-1730125139.jpg?lm=1,20.0,0.0,,https://www.transfermarkt.co.uk/vanja-milinkovic-savic/profil/spieler/257474,IT1,SSC Napoli,20000000.0,20000000.0,2025,Vanja Milinković-Savić,ITA-Serie A,2526,Napoli,Vanja Milinković-Savić,SRB,GK,28,1997,27,27,2430,27.0,24,0.89,77,52,68.8,14,7,6,11,40.7,8,5,3,0,37.5,29.267624914442163,1493.0
290537,2026-05-29,8000000,Como 1907,1047,IT1,Jean,Butez,Jean Butez,2025,1047,jean-butez,France,Lille  ,France,1995-06-08 00:00:00,Goalkeeper,Goalkeeper,right,189.0,2030-06-30 00:00:00,Gersh,https://img.a.transfermarkt.technology/portrait/header/290537-1704961364.jpg?lm=1,,,,https://www.transfermarkt.co.uk/jean-butez/profil/spieler/290537,IT1,Como 1907,8000000.0,8000000.0,2025,Jean Butez,ITA-Serie A,2526,Como,Jean Butez,FRA,GK,30,1995,38,38,3420,38.0,29,0.76,116,86,75.0,20,11,7,19,50.0,6,5,1,0,16.7,30.973305954825463,1493.0
301238,2026-05-29,10000000,Juventus FC,506,IT1,Michele,Di Gregorio,Michele Di Gregorio,2025,506,michele-di-gregorio,Italy,Milano  ,Italy,1997-07-27 00:00:00,Goalkeeper,Goalkeeper,right,187.0,2029-06-30 00:00:00,,https://img.a.transfermarkt.technology/portrait/header/301238-1730125609.jpg?lm=1,0.0,0.0,,https://www.transfermarkt.co.uk/michele-di-gregorio/profil/spieler/301238,IT1,Juventus FC,10000000.0,18000000.0,2025,Michele Di Gregorio,ITA-Serie A,2526,Juventus,Michele Di Gregorio,ITA,GK,28,1997,30,29,2655,29.5,25,0.85,86,60,70.9,15,9,5,14,48.3,3,1,0,2,0.0,28.83778234086242,1128.0
312773,2026-05-29,100000,Genoa CFC,252,IT1,Daniele,Sommariva,Daniele Sommariva,2025,252,daniele-sommariva,Italy,Genova  ,Italy,1997-07-18 00:00:00,Goalkeeper,Goalkeeper,right,185.0,,,https://img.a.transfermarkt.technology/portrait/header/312773-1692963278.jpg?lm=1,,,,https://www.transfermarkt.co.uk/daniele-sommariva/profil/spieler/312773,IT1,Genoa CFC,100000.0,400000.0,2025,Daniele Sommariva,ITA-Serie A,2526,Genoa,Daniele Sommariva,ITA,GK,28,1997,2,1,176,2.0,4,2.05,12,8,66.7,0,0,1,0,0.0,0,0,0,0,,28.862422997946613,0.0
315121,2026-05-29,4000000,Genoa CFC,252,IT1,Justin,Bijlow,Justin Bijlow,2025,234,justin-bijlow,Netherlands,Rotterdam  ,Netherlands,1998-01-22 00:00:00,Goalkeeper,Goalkeeper,right,188.0,2029-06-30 00:00:00,SEG,https://img.a.transfermarkt.technology/portrait/header/315121-1676465549.jpg?lm=1,8.0,0.0,,https://www.transfermarkt.co.uk/justin-bijlow/profil/spieler/315121,NL1,Feyenoord Rotterdam,4000000.0,15000000.0,2025,Justin Bijlow,ITA-Serie A,2526,Genoa,Justin Bijlow,NED,GK,27,1998,16,16,1395,15.5,20,1.29,65,45,69.2,6,3,7,5,31.3,5,5,0,0,0.0,28.347707049965777,1128.0
317057,2026-05-29,1800000,Pisa Sporting Club,4172,IT1,Adrian,Semper,Adrian Semper,2025,4172,adrian-semper,Croatia,Zagreb  ,Croatia,1998-01-12 00:00:00,Goalkeeper,Goalkeeper,right,194.0,2027-06-30 00:00:00,,https://img.a.transfermarkt.technology/portrait/header/317057-1714817983.jpg?lm=1,13.0,0.0,,https://www.transfermarkt.co.uk/adrian-semper/profil/spieler/317057,IT1,Pisa Sporting Club,1800000.0,3500000.0,2025,Adrian Šemper,ITA-Serie A,2526,Pisa,Adrian Šemper,CRO,GK,27,1998,25,25,2250,25.0,42,1.68,124,82,66.1,1,9,15,4,16.0,2,2,0,0,0.0,28.3750855578371,397.0
338670,2026-05-29,35000000,AS Roma,12,IT1,Mile,Svilar,Mile Svilar,2025,12,mile-svilar,Belgium,Antwerpen  ,Serbia,1999-08-27 00:00:00,Goalkeeper,Goalkeeper,right,189.0,2030-06-30 00:00:00,Universal Twenty Two,https://img.a.transfermarkt.technology/portrait/header/338670-1725532174.jpg?lm=1,1.0,0.0,,https://www.transfermarkt.co.uk/mile-svilar/profil/spieler/338670,IT1,Associazione Sportiva Roma,35000000.0,35000000.0,2025,Mile Svilar,ITA-Serie A,2526,Roma,Mile Svilar,SRB,GK,25,1999,38,38,3420,38.0,31,0.82,138,107,77.5,23,4,11,18,47.4,1,1,0,0,0.0,26.754277891854894,1493.0
340353,2026-05-29,10000000,Udinese Calcio,410,IT1,Maduka,Okoye,Maduka Okoye,2025,410,maduka-okoye,Germany,Düsseldorf  ,Nigeria,1999-08-28 00:00:00,Goalkeeper,Goalkeeper,right,198.0,2028-06-30 00:00:00,THE·TEAM,https://img.a.transfermarkt.technology/portrait/header/340353-1729542646.jpg?lm=1,21.0,0.0,,https://www.transfermarkt.co.uk/maduka-okoye/profil/spieler/340353,IT1,Udinese Calcio,10000000.0,10000000.0,2025,Maduka Okoye,ITA-Serie A,2526,Udinese,Maduka Okoye,NGA,GK,25,1999,30,30,2616,29.1,37,1.27,117,80,68.4,12,5,13,10,33.3,6,5,1,0,16.7,26.751540041067763,763.0
371021,2026-05-29,7500000,US Sassuolo,6574,IT1,Arijanet,Murić,Arijanet Murić,2025,6574,arijanet-muric,Switzerland,Schlieren  ,Kosovo,1998-11-07 00:00:00,Goalkeeper,Goalkeeper,right,198.0,,11WINS,https://img.a.transfermarkt.technology/portrait/header/371021-1685718424.jpg?lm=1,51.0,0.0,,https://www.transfermarkt.co.uk/arijanet-muric/profil/spieler/371021,IT1,US Sassuolo,7500000.0,12000000.0,2025,Arijanet Muric,ITA-Serie A,2526,Sassuolo,Arijanet Muric,KVX,GK,26,1998,32,32,2880,32.0,43,1.34,161,118,73.3,12,6,14,6,18.8,6,5,1,0,16.7,27.5564681724846,0.0
388516,2026-05-29,10000000,Inter Milan,46,IT1,Josep,Martínez,Josep Martínez,2025,46,josep-martinez,Spain,Alzira  ,Spain,1998-05-27 00:00:00,Goalkeeper,Goalkeeper,right,191.0,2029-06-30 00:00:00,,https://img.a.transfermarkt.technology/portrait/header/388516-1686153132.jpg?lm=1,1.0,0.0,,https://www.transfermarkt.co.uk/josep-martinez/profil/spieler/388516,IT1,Inter Milan,10000000.0,12000000.0,2025,Josep Martinez,ITA-Serie A,2526,Inter,Josep Martinez,ESP,GK,27,1998,5,5,450,5.0,4,0.8,14,10,71.4,4,1,0,3,60.0,0,0,0,0,,28.005475701574266,1128.0
390304,2026-05-29,1800000,Bologna FC 1909,1025,IT1,Federico,Ravaglia,Federico Ravaglia,2025,1025,federico-ravaglia,Italy,Bologna  ,Italy,1999-11-11 00:00:00,Goalkeeper,Goalkeeper,right,196.0,2028-06-30 00:00:00,BC Group,https://img.a.transfermarkt.technology/portrait/header/390304-1701253429.jpg?lm=1,,,,https://www.transfermarkt.co.uk/federico-ravaglia/profil/spieler/390304,IT1,Bologna Football Club 1909,1800000.0,2000000.0,2025,Federico Ravaglia,ITA-Serie A,2526,Bologna,Federico Ravaglia,ITA,GK,25,1999,17,16,1470,16.3,29,1.78,81,52,64.2,4,3,9,2,12.5,2,2,0,0,0.0,26.546201232032853,763.0
421873,2026-05-29,15000000,Cagliari Calcio,1390,IT1,Elia,Caprile,Elia Caprile,2025,1390,elia-caprile,Italy,Verona  ,Italy,2001-08-25 00:00:00,Goalkeeper,Goalkeeper,right,191.0,2029-06-30 00:00:00,GB1,https://img.a.transfermarkt.technology/portrait/header/421873-1704902651.jpg?lm=1,0.0,0.0,,https://www.transfermarkt.co.uk/elia-caprile/profil/spieler/421873,IT1,Cagliari Calcio,15000000.0,15000000.0,2025,Elia Caprile,ITA-Serie A,2526,Cagliari,Elia Caprile,ITA,GK,23,2001,38,38,3420,38.0,53,1.39,175,121,69.7,11,10,17,8,21.1,2,2,0,0,0.0,24.758384668035593,1128.0
432298,2026-05-29,20000000,Parma Calcio 1913,130,IT1,Zion,Suzuki,Zion Suzuki,2025,130,zion-suzuki,United States,"Newark, New Jersey  ",Japan,2002-08-21 00:00:00,Goalkeeper,Goalkeeper,right,190.0,2029-06-30 00:00:00,,https://img.a.transfermarkt.technology/portrait/header/432298-1780323348.jpg?lm=1,28.0,0.0,,https://www.transfermarkt.co.uk/zion-suzuki/profil/spieler/432298,IT1,Parma Calcio 1913,20000000.0,20000000.0,2025,Zion Suzuki,ITA-Serie A,2526,Parma,Zion Suzuki,JPN,GK,22,2002,20,20,1800,20.0,28,1.4,93,65,69.9,3,7,10,5,25.0,3,2,1,0,33.3,23.770020533880903,1128.0
459763,2026-05-29,30000000,Atalanta BC,800,IT1,Marco,Carnesecchi,Marco Carnesecchi,2025,800,marco-carnesecchi,Italy,Rimini  ,Italy,2000-07-01 00:00:00,Goalkeeper,Goalkeeper,right,191.0,2028-06-30 00:00:00,World Soccer Agency,https://img.a.transfermarkt.technology/portrait/header/459763-1695027944.jpg?lm=1,0.0,0.0,,https://www.transfermarkt.co.uk/marco-carnesecchi/profil/spieler/459763,IT1,Atalanta BC,30000000.0,30000000.0,2025,Marco Carnesecchi,ITA-Serie A,2526,Atalanta,Marco Carnesecchi,ITA,GK,25,2000,37,37,3330,37.0,35,0.95,148,112,76.4,15,13,9,13,35.1,4,2,2,0,50.0,25.908281998631075,763.0
471936,2026-05-29,1400000,ACF Fiorentina,430,IT1,Oliver,Christensen,Oliver Christensen,2025,122,oliver-christensen,Denmark,Kerteminde  ,Denmark,1999-03-22 00:00:00,Goalkeeper,Goalkeeper,right,190.0,2028-06-30 00:00:00,BTAM,https://img.a.transfermarkt.technology/portrait/header/471936-1688647558.jpg?lm=1,1.0,0.0,,https://www.transfermarkt.co.uk/oliver-christensen/profil/spieler/471936,A1,Sportklub Puntigamer Sturm Graz,1400000.0,4500000.0,2025,Oliver Christensen,ITA-Serie A,2526,Fiorentina,Oliver Christensen,DEN,GK,26,1999,1,1,86,1.0,1,1.05,7,6,85.7,0,1,0,0,0.0,0,0,0,0,,27.186858316221766,763.0
492319,2026-05-29,2500000,Torino FC,416,IT1,Franco,Israel,Franco Israel,2025,416,franco-israel,Uruguay,Nueva Helvecia  ,Uruguay,2000-04-22 00:00:00,Goalkeeper,Goalkeeper,right,190.0,2028-06-30 00:00:00,,https://img.a.transfermarkt.technology/portrait/header/492319-1753680657.jpg?lm=1,2.0,0.0,,https://www.transfermarkt.co.uk/franco-israel/profil/spieler/492319,IT1,Torino FC,2500000.0,7000000.0,2025,Franco Israel,ITA-Serie A,2526,Torino,Franco Israel,URU,GK,25,2000,9,9,810,9.0,18,2.0,42,24,57.1,2,2,5,3,33.3,2,2,0,0,0.0,26.099931553730322,763.0
528181,2026-05-29,1500000,Parma Calcio 1913,130,IT1,Edoardo,Corvi,Edoardo Corvi,2025,130,edoardo-corvi,Italy,Parma  ,Italy,2001-03-23 00:00:00,Goalkeeper,Goalkeeper,right,187.0,2029-06-30 00:00:00,,https://img.a.transfermarkt.technology/portrait/header/528181-1712347686.jpg?lm=1,0.0,0.0,,https://www.transfermarkt.co.uk/edoardo-corvi/profil/spieler/528181,IT1,Parma Calcio 1913,1500000.0,1500000.0,2025,Edoardo Corvi,ITA-Serie A,2526,Parma,Edoardo Corvi,ITA,GK,24,2001,17,17,1530,17.0,18,1.06,63,44,71.4,8,4,5,7,41.2,3,3,0,0,0.0,25.182751540041068,1128.0
538079,2026-05-29,350000,SS Lazio,398,IT1,Alessio,Furlanetto,Alessio Furlanetto,2025,398,alessio-furlanetto,Italy,Motta di Livenza  ,Italy,2002-02-07 00:00:00,Goalkeeper,Goalkeeper,right,191.0,2028-06-30 00:00:00,,https://img.a.transfermarkt.technology/portrait/header/538079-1757604115.jpg?lm=1,,,,https://www.transfermarkt.co.uk/alessio-furlanetto/profil/spieler/538079,IT1,Società Sportiva Lazio S.p.A.,350000.0,350000.0,2025,Alessio Furlanetto,ITA-Serie A,2526,Lazio,Alessio Furlanetto,ITA,GK,23,2002,2,2,180,2.0,3,1.5,10,7,70.0,1,0,1,0,0.0,0,0,0,0,,24.303901437371664,763.0
543666,2026-05-29,3000000,US Sassuolo,6574,IT1,Stefano,Turati,Stefano Turati,2025,6574,stefano-turati,Italy,Milano  ,Italy,2001-09-05 00:00:00,Goalkeeper,Goalkeeper,right,188.0,2028-06-30 00:00:00,LP Sport Management,https://img.a.transfermarkt.technology/portrait/header/543666-1686126590.jpg?lm=1,4.0,0.0,,https://www.transfermarkt.co.uk/stefano-turati/profil/spieler/543666,IT1,US Sassuolo,3000000.0,7500000.0,2025,Stefano Turati,ITA-Serie A,2526,Sassuolo,Stefano Turati,ITA,GK,23,2001,6,6,532,5.9,7,1.18,22,15,68.2,2,1,3,2,33.3,0,0,0,0,,24.72826830937714,763.0
568617,2026-05-29,2500000,Udinese Calcio,410,IT1,Răzvan,Sava,Răzvan Sava,2025,410,razvan-sava,Romania,Timișoara  ,Romania,2002-06-21 00:00:00,Goalkeeper,Goalkeeper,right,197.0,2030-06-30 00:00:00,Elevenelite,https://img.a.transfermarkt.technology/portrait/header/568617-1730124399.jpg?lm=1,0.0,0.0,,https://www.transfermarkt.co.uk/razvan-sava/profil/spieler/568617,IT1,Udinese Calcio,2500000.0,2500000.0,2025,Razvan Sava,ITA-Serie A,2526,Udinese,Razvan Sava,ROU,GK,23,2002,7,6,620,6.9,14,2.03,28,14,50.0,2,2,2,1,16.7,0,0,0,0,,23.93702943189596,1493.0
604207,2026-05-29,600000,Parma Calcio 1913,130,IT1,Filippo,Rinaldi,Filippo Rinaldi,2025,130,filippo-rinaldi,Italy,Montecchio Emilia  ,Italy,2002-12-04 00:00:00,Goalkeeper,Goalkeeper,right,188.0,2029-06-30 00:00:00,GLM,https://img.a.transfermarkt.technology/portrait/header/604207-1758687826.jpg?lm=1,2.0,0.0,,https://www.transfermarkt.co.uk/filippo-rinaldi/profil/spieler/604207,IT1,Parma Calcio 1913,600000.0,600000.0,2025,Filippo Rinaldi,ITA-Serie A,2526,Parma,Filippo Rinaldi,ITA,GK,22,2002,1,1,90,1.0,0,0.0,4,4,100.0,0,1,0,1,100.0,0,0,0,0,,23.482546201232033,1128.0
659648,2026-05-29,600000,US Sassuolo,6574,IT1,Gioele,Zacchi,Gioele Zacchi,2025,6574,gioele-zacchi,Italy,Modena  ,Italy,2003-07-10 00:00:00,Goalkeeper,Goalkeeper,right,185.0,,14 ROYAL FOOTBALL,https://img.a.transfermarkt.technology/portrait/header/659648-1757676122.jpg?lm=1,7.0,0.0,,https://www.transfermarkt.co.uk/gioele-zacchi/profil/spieler/659648,IT1,US Sassuolo,600000.0,600000.0,2025,Gioele Zacchi,ITA-Serie A,2526,Sassuolo,Gioele Zacchi,ITA,GK,22,2003,1,0,8,0.1,0,0.0,0,0,,0,0,0,0,,0,0,0,0,,22.885694729637233,0.0
916430,2026-05-29,8000000,SS Lazio,398,IT1,Edoardo,Motta,Edoardo Motta,2025,398,edoardo-motta,Italy,Biella  ,Italy,2005-01-13 00:00:00,Goalkeeper,Goalkeeper,right,194.0,2030-06-30 00:00:00,Un1que Football,https://img.a.transfermarkt.technology/portrait/header/916430-1745844405.jpg?lm=1,1.0,0.0,,https://www.transfermarkt.co.uk/edoardo-motta/profil/spieler/916430,IT1,Società Sportiva Lazio S.p.A.,8000000.0,8000000.0,2025,Edoardo Motta,ITA-Serie A,2526,Lazio,Edoardo Motta,ITA,GK,20,2005,9,9,810,9.0,10,1.11,32,22,68.8,5,2,2,3,33.3,1,0,1,0,100.0,21.371663244353183,1493.0
992569,2026-05-29,3500000,Bologna FC 1909,1025,IT1,Massimo,Pessina,Massimo Pessina,2025,1025,massimo-pessina,Italy,Alzano Lombardo  ,Italy,2007-12-25 00:00:00,Goalkeeper,Goalkeeper,right,188.0,2029-06-30 00:00:00,BC Group,https://img.a.transfermarkt.technology/portrait/header/992569-1762757870.jpg?lm=1,12.0,0.0,,https://www.transfermarkt.co.uk/massimo-pessina/profil/spieler/992569,IT1,Bologna Football Club 1909,3500000.0,3500000.0,2025,Massimo Pessina,ITA-Serie A,2526,Bologna,Massimo Pessina,ITA,GK,17,2007,4,3,353,3.9,2,0.51,9,7,77.8,2,1,0,3,100.0,0,0,0,0,,18.425735797399042,1128.0
45672,2026-06-01,1800000,Paris FC,10004,FR1,Kevin,Trapp,Kevin Trapp,2025,10004,kevin-trapp,Germany,Merzig  ,Germany,1990-07-08 00:00:00,Goalkeeper,Goalkeeper,right,189.0,2028-06-30 00:00:00,Sports360 GmbH,https://img.a.transfermarkt.technology/portrait/header/45672-1724772525.jpg?lm=1,9.0,0.0,,https://www.transfermarkt.co.uk/kevin-trapp/profil/spieler/45672,FR1,Paris FC,1800000.0,12000000.0,2025,Kevin Trapp,FRA-Ligue 1,2526,Paris FC,Kevin Trapp,GER,GK,35,1990,22,22,1980,22.0,29,1.32,87,56,66.7,8,8,6,7,31.8,8,6,1,1,14.3,35.898699520876114,760.0
48015,2026-06-01,1500000,AS Monaco,162,FR1,Lukas,Hradecky,Lukas Hradecky,2025,162,lukas-hradecky,CSSR,Bratislava  ,Finland,1989-11-24 00:00:00,Goalkeeper,Goalkeeper,right,192.0,2027-06-30 00:00:00,,https://img.a.transfermarkt.technology/portrait/header/48015-1695367833.jpg?lm=1,105.0,0.0,3443.0,https://www.transfermarkt.co.uk/lukas-hradecky/profil/spieler/48015,FR1,AS Monaco,1500000.0,12000000.0,2025,Lukáš Hrádecký,FRA-Ligue 1,2526,Monaco,Lukáš Hrádecký,FIN,GK,35,1989,17,17,1439,16.0,27,1.69,72,45,62.5,7,2,8,2,11.8,3,2,0,1,0.0,36.51745379876797,394.0
60543,2026-06-01,200000,RC Lens,826,FR1,Mathieu,Gorgelin,Mathieu Gorgelin,2025,826,mathieu-gorgelin,France,Ambérieu-en-Bugey  ,France,1990-08-05 00:00:00,Goalkeeper,Goalkeeper,left,187.0,,,https://img.a.transfermarkt.technology/portrait/header/60543-1704795204.jpg?lm=1,1.0,0.0,,https://www.transfermarkt.co.uk/mathieu-gorgelin/profil/spieler/60543,FR1,RC Lens,200000.0,1000000.0,2025,Mathieu Gorgelin,FRA-Ligue 1,2526,Lens,Mathieu Gorgelin,FRA,GK,34,1990,1,1,90,1.0,0,0.0,4,4,100.0,1,0,0,1,100.0,0,0,0,0,,35.82203969883641,0.0
60561,2026-06-01,900000,FC Nantes,995,FR1,Anthony,Lopes,Anthony Lopes,2025,995,anthony-lopes,France,Givors  ,Portugal,1990-10-01 00:00:00,Goalkeeper,Goalkeeper,left,184.0,2028-06-30 00:00:00,,https://img.a.transfermarkt.technology/portrait/header/60561-1640775949.jpg?lm=1,14.0,0.0,,https://www.transfermarkt.co.uk/anthony-lopes/profil/spieler/60561,FR1,FC Nantes,900000.0,25000000.0,2025,Anthony Lopes,FRA-Ligue 1,2526,Nantes,Anthony Lopes,POR,GK,34,1990,31,31,2788,31.0,50,1.61,147,97,66.0,4,7,20,6,19.4,5,5,0,0,0.0,35.66598220396988,760.0
112822,2026-06-01,200000,RC Strasbourg Alsace,667,FR1,Karl-Johan,Johnsson,Karl-Johan Johnsson,2025,667,karl-johan-johnsson,Sweden,Ränneslöv  ,Sweden,1990-01-28 00:00:00,Goalkeeper,Goalkeeper,right,188.0,,,https://img.a.transfermarkt.technology/portrait/header/112822-1732486706.png?lm=1,9.0,0.0,,https://www.transfermarkt.co.uk/karl-johan-johnsson/profil/spieler/112822,FR1,RC Strasbourg Alsace,200000.0,2500000.0,2025,Karl-Johan Johnsson,FRA-Ligue 1,2526,Strasbourg,Karl-Johan Johnsson,SWE,GK,35,1990,1,1,90,1.0,0,0.0,2,2,100.0,1,0,0,1,100.0,0,0,0,0,,36.33949349760438,0.0
127188,2026-06-01,700000,OGC Nice,417,FR1,Maxime,Dupé,Maxime Dupé,2025,417,maxime-dupe,France,Malestroit  ,France,1993-03-04 00:00:00,Goalkeeper,Goalkeeper,right,188.0,2028-06-30 00:00:00,SVF FOOT,https://img.a.transfermarkt.technology/portrait/header/127188-1756822707.jpg?lm=1,0.0,0.0,,https://www.transfermarkt.co.uk/maxime-dupe/profil/spieler/127188,FR1,OGC Nice,700000.0,2500000.0,2025,Maxime Dupé,FRA-Ligue 1,2526,Nice,Maxime Dupé,FRA,GK,32,1993,8,8,720,8.0,15,1.87,35,20,57.1,1,4,3,1,12.5,3,3,0,0,0.0,33.242984257357975,760.0
147051,2026-06-01,2500000,FC Lorient,1158,FR1,Yvon,Mvogo,Yvon Mvogo,2025,1158,yvon-mvogo,Cameroon,Yaoundé  ,Switzerland,1994-06-06 00:00:00,Goalkeeper,Goalkeeper,right,190.0,2027-06-30 00:00:00,THE·TEAM,https://img.a.transfermarkt.technology/portrait/header/147051-1719215379.jpg?lm=1,13.0,0.0,,https://www.transfermarkt.co.uk/yvon-mvogo/profil/spieler/147051,FR1,FC Lorient,2500000.0,4500000.0,2025,Yvon Mvogo,FRA-Ligue 1,2526,Lorient,Yvon Mvogo,SUI,GK,31,1994,31,31,2790,31.0,43,1.39,119,76,63.9,10,12,9,6,19.4,5,4,0,1,0.0,31.98631074606434,394.0
164904,2026-06-01,900000,Le Havre AC,738,FR1,Mory,Diaw,Mory Diaw,2025,738,mory-diaw,France,Poissy  ,Senegal,1993-06-22 00:00:00,Goalkeeper,Goalkeeper,right,197.0,2027-06-30 00:00:00,,https://img.a.transfermarkt.technology/portrait/header/164904-1782195360.jpg?lm=1,8.0,0.0,,https://www.transfermarkt.co.uk/mory-diaw/profil/spieler/164904,FR1,Le Havre AC,900000.0,2000000.0,2025,Mory Diaw,FRA-Ligue 1,2526,Le Havre,Mory Diaw,SEN,GK,32,1993,30,30,2655,29.5,41,1.39,121,80,66.1,6,12,12,7,23.3,8,6,2,0,25.0,32.941820670773446,394.0
164915,2026-06-01,400000,Le Havre AC,738,FR1,Lionel,Mpasi-Nzau,Lionel Mpasi-Nzau,2025,738,lionel-mpasi-nzau,France,Meaux  ,DR Congo,1994-08-01 00:00:00,Goalkeeper,Goalkeeper,right,182.0,2027-06-30 00:00:00,ASR SPORT,https://img.a.transfermarkt.technology/portrait/header/164915-1666190720.JPG?lm=1,32.0,0.0,,https://www.transfermarkt.co.uk/lionel-mpasi-nzau/profil/spieler/164915,FR1,Le Havre AC,400000.0,700000.0,2025,Lionel Mpasi,FRA-Ligue 1,2526,Le Havre,Lionel Mpasi,COD,GK,30,1994,4,3,315,3.5,2,0.57,17,15,88.2,0,2,1,1,33.3,0,0,0,0,,31.83299110198494,394.0
170911,2026-06-01,800000,AJ Auxerre,290,FR1,Donovan,Léon,Donovan Léon,2025,290,donovan-leon,French Guiana,Cayenne  ,French Guiana,1992-11-03 00:00:00,Goalkeeper,Goalkeeper,right,187.0,2027-06-30 00:00:00,Trust 360,https://img.a.transfermarkt.technology/portrait/header/170911-1593969267.jpg?lm=1,37.0,0.0,,https://www.transfermarkt.co.uk/donovan-leon/profil/spieler/170911,FR1,AJ Auxerre,800000.0,1200000.0,2025,Donovan Léon,FRA-Ligue 1,2526,Auxerre,Donovan Léon,GUF,GK,32,1992,29,29,2460,27.3,35,1.28,130,95,73.1,7,9,13,9,31.0,3,2,1,0,33.3,33.57426420260096,394.0
190280,2026-06-01,400000,FC Nantes,995,FR1,Patrik,Carlgren,Patrik Carlgren,2025,995,patrik-carlgren,Sweden,Falun  ,Sweden,1992-01-08 00:00:00,Goalkeeper,Goalkeeper,right,189.0,,,https://img.a.transfermarkt.technology/portrait/header/190280-1726237403.jpg?lm=1,1.0,0.0,,https://www.transfermarkt.co.uk/patrik-carlgren/profil/spieler/190280,FR1,FC Nantes,400000.0,1200000.0,2025,Patrik Carlgren,FRA-Ligue 1,2526,Nantes,Patrik Carlgren,SWE,GK,33,1992,3,2,182,2.0,2,0.99,13,11,84.6,1,1,0,1,50.0,0,0,0,0,,34.39561943874059,0.0
191056,2026-06-01,7000000,Stade Rennais FC,273,FR1,Brice,Samba,Brice Samba,2025,273,brice-samba,Congo,Linzolo  ,France,1994-04-25 00:00:00,Goalkeeper,Goalkeeper,left,187.0,2029-06-30 00:00:00,Sport Cover,https://img.a.transfermarkt.technology/portrait/header/191056-1602242038.jpg?lm=1,4.0,0.0,,https://www.transfermarkt.co.uk/brice-samba/profil/spieler/191056,FR1,Stade Rennais FC,7000000.0,15000000.0,2025,Brice Samba,FRA-Ligue 1,2526,Rennes,Brice Samba,FRA,GK,31,1994,32,32,2880,32.0,44,1.37,129,84,65.9,17,8,7,10,31.3,6,4,2,0,33.3,32.101300479123886,1125.0
229604,2026-06-01,6000000,Olympique Marseille,244,FR1,Gerónimo,Rulli,Gerónimo Rulli,2025,244,geronimo-rulli,Argentina,La Plata  ,Argentina,1992-05-20 00:00:00,Goalkeeper,Goalkeeper,right,189.0,2027-06-30 00:00:00,KMB,https://img.a.transfermarkt.technology/portrait/header/229604-1698670758.jpg?lm=1,8.0,0.0,,https://www.transfermarkt.co.uk/geronimo-rulli/profil/spieler/229604,FR1,Olympique Marseille,6000000.0,14000000.0,2025,Gerónimo Rulli,FRA-Ligue 1,2526,Marseille,Gerónimo Rulli,ARG,GK,33,1992,29,29,2610,29.0,34,1.17,110,76,69.1,15,5,9,8,27.6,6,5,0,1,0.0,34.03148528405202,394.0
251322,2026-06-01,3500000,AS Monaco,162,FR1,Philipp,Köhn,Philipp Köhn,2025,162,philipp-kohn,Germany,Dinslaken  ,Switzerland,1998-04-02 00:00:00,Goalkeeper,Goalkeeper,right,190.0,2028-06-30 00:00:00,,https://img.a.transfermarkt.technology/portrait/header/251322-1661531623.png?lm=1,0.0,0.0,,https://www.transfermarkt.co.uk/philipp-kohn/profil/spieler/251322,FR1,AS Monaco,3500000.0,8000000.0,2025,Philipp Köhn,FRA-Ligue 1,2526,Monaco,Philipp Köhn,SUI,GK,27,1998,19,17,1621,18.0,27,1.5,75,48,64.0,9,4,4,5,29.4,2,2,0,0,0.0,28.164271047227928,760.0
282028,2026-06-01,1500000,Olympique Lyon,1041,FR1,Rémy,Descamps,Rémy Descamps,2025,1041,remy-descamps,France,Marcq-en-Barœul  ,France,1996-06-25 00:00:00,Goalkeeper,Goalkeeper,both,196.0,2029-06-30 00:00:00,BESTWAY SOCCER,https://img.a.transfermarkt.technology/portrait/header/282028-1608790532.jpg?lm=1,0.0,0.0,,https://www.transfermarkt.co.uk/remy-descamps/profil/spieler/282028,FR1,Olympique Lyon,1500000.0,2000000.0,2025,Rémy Descamps,FRA-Ligue 1,2526,Lyon,Rémy Descamps,FRA,GK,29,1996,5,5,450,5.0,3,0.6,17,14,82.4,3,1,1,4,80.0,0,0,0,0,,29.932922655715263,1125.0
315253,2026-06-01,2500000,Olympique Marseille,244,FR1,Jeffrey,de Lange,Jeffrey de Lange,2025,244,jeffrey-de-lange,Netherlands,Amstelveen  ,Netherlands,1998-04-01 00:00:00,Goalkeeper,Goalkeeper,right,190.0,2027-06-30 00:00:00,Muy Manero,https://img.a.transfermarkt.technology/portrait/header/315253-1723035184.jpg?lm=1,2.0,0.0,,https://www.transfermarkt.co.uk/jeffrey-de-lange/profil/spieler/315253,FR1,Olympique Marseille,2500000.0,3000000.0,2025,Jeffrey De Lange,FRA-Ligue 1,2526,Marseille,Jeffrey De Lange,NED,GK,27,1998,5,5,450,5.0,11,2.2,24,13,54.2,3,0,2,1,20.0,0,0,0,0,,28.16700889801506,394.0
316884,2026-06-01,9000000,Olympique Lyon,1041,FR1,Dominik,Greif,Dominik Greif,2025,1041,dominik-greif,Slovakia,Bratislava  ,Slovakia,1997-04-06 00:00:00,Goalkeeper,Goalkeeper,right,197.0,2029-06-30 00:00:00,Stars & Friends,https://img.a.transfermarkt.technology/portrait/header/316884-1773950159.jpg?lm=1,5.0,0.0,,https://www.transfermarkt.co.uk/dominik-greif/profil/spieler/316884,FR1,Olympique Lyon,9000000.0,9000000.0,2025,Dominik Greif,FRA-Ligue 1,2526,Lyon,Dominik Greif,SVK,GK,28,1997,29,29,2610,29.0,37,1.28,115,77,67.8,15,5,9,11,37.9,5,2,3,0,60.0,29.152635181382614,1125.0
318470,2026-06-01,30000000,Paris Saint-Germain,583,FR1,Matvey,Safonov,Matvey Safonov,2025,583,matvey-safonov,Russia,Krasnodar  ,Russia,1999-02-25 00:00:00,Goalkeeper,Goalkeeper,right,192.0,2029-06-30 00:00:00,BUILD-UP,https://img.a.transfermarkt.technology/portrait/header/318470-1732658603.jpg?lm=1,18.0,0.0,,https://www.transfermarkt.co.uk/matvey-safonov/profil/spieler/318470,FR1,Paris Saint-Germain,30000000.0,30000000.0,2025,Matvei Safonov,FRA-Ligue 1,2526,Paris SG,Matvei Safonov,RUS,GK,26,1999,15,15,1350,15.0,14,0.93,54,40,74.1,11,0,4,8,53.3,1,0,1,0,100.0,27.263518138261464,1125.0
328770,2026-06-01,400000,FC Toulouse,415,FR1,Kjetil,Haug,Kjetil Haug,2025,415,kjetil-haug,Norway,Halden  ,Norway,1998-06-12 00:00:00,Goalkeeper,Goalkeeper,right,191.0,2029-06-30 00:00:00,Golden Sports Mgmt,https://img.a.transfermarkt.technology/portrait/header/328770-1663671597.jpg?lm=1,5.0,0.0,,https://www.transfermarkt.co.uk/kjetil-haug/profil/spieler/328770,FR1,FC Toulouse,400000.0,600000.0,2025,Kjetil Haug,FRA-Ligue 1,2526,Toulouse,Kjetil Haug,NOR,GK,27,1998,1,0,31,0.3,1,2.9,2,1,50.0,0,0,0,0,,0,0,0,0,,27.969883641341546,1125.0
333175,2026-06-01,600000,FC Lorient,1158,FR1,Bingourou,Kamara,Bingourou Kamara,2025,1158,bingourou-kamara,France,Longjumeau  ,Senegal,1996-10-21 00:00:00,Goalkeeper,Goalkeeper,right,195.0,2027-06-30 00:00:00,B2W,https://img.a.transfermarkt.technology/portrait/header/333175-1525697908.jpg?lm=1,2.0,0.0,,https://www.transfermarkt.co.uk/bingourou-kamara/profil/spieler/333175,FR1,FC Lorient,600000.0,2500000.0,2025,Bingourou Kamara,FRA-Ligue 1,2526,Lorient,Bingourou Kamara,SEN,GK,28,1996,3,3,270,3.0,8,2.67,16,8,50.0,1,0,2,1,33.3,1,0,0,1,,29.609856262833677,394.0
346546,2026-06-01,2500000,Stade Brestois 29,3911,FR1,Radoslaw,Majecki,Radoslaw Majecki,2025,3911,radoslaw-majecki,Poland,Starachowice  ,Poland,1999-11-16 00:00:00,Goalkeeper,Goalkeeper,right,193.0,2028-06-30 00:00:00,ROOF,https://img.a.transfermarkt.technology/portrait/header/346546-1672484869.jpg?lm=1,1.0,0.0,,https://www.transfermarkt.co.uk/radoslaw-majecki/profil/spieler/346546,FR1,Stade Brestois 29,2500000.0,7000000.0,2025,Radosław Majecki,FRA-Ligue 1,2526,Brest,Radosław Majecki,POL,GK,25,1999,10,10,864,9.6,18,1.87,44,26,59.1,1,4,5,3,30.0,1,1,0,0,0.0,26.54072553045859,760.0
361256,2026-06-01,10000000,LOSC Lille,1082,FR1,Berke,Özer,Berke Özer,2025,1082,berke-ozer,Türkiye,İzmir  ,Türkiye,2000-05-25 00:00:00,Goalkeeper,Goalkeeper,right,191.0,2029-06-30 00:00:00,Gold and Foot,https://img.a.transfermarkt.technology/portrait/header/361256-1773343032.jpg?lm=1,2.0,0.0,,https://www.transfermarkt.co.uk/berke-ozer/profil/spieler/361256,FR1,LOSC Lille,10000000.0,10000000.0,2025,Berke Özer,FRA-Ligue 1,2526,Lille,Berke Özer,TUR,GK,25,2000,32,32,2834,31.5,34,1.08,105,70,67.6,18,7,7,13,40.6,3,1,1,1,50.0,26.017796030116358,1125.0
415383,2026-06-01,6000000,Angers SCO,1420,FR1,Hervé,Koffi,Hervé Koffi,2025,1420,herve-koffi,Burkina Faso,Bobo-Dioulasso  ,Burkina Faso,1996-10-16 00:00:00,Goalkeeper,Goalkeeper,right,186.0,2028-06-30 00:00:00,ASR SPORT,https://img.a.transfermarkt.technology/portrait/header/415383-1672499883.jpg?lm=1,70.0,0.0,,https://www.transfermarkt.co.uk/herve-koffi/profil/spieler/415383,FR1,Angers SCO,6000000.0,6000000.0,2025,Hervé Koffi,FRA-Ligue 1,2526,Angers,Hervé Koffi,BFA,GK,28,1996,30,30,2658,29.5,36,1.22,157,120,77.1,9,9,12,10,33.3,6,3,2,1,40.0,29.623545516769337,760.0
417278,2026-06-01,1500000,LOSC Lille,1082,FR1,Arnaud,Bodart,Arnaud Bodart,2025,1082,arnaud-bodart,Belgium,Seraing  ,Belgium,1998-03-11 00:00:00,Goalkeeper,Goalkeeper,right,186.0,2027-06-30 00:00:00,DWMA,https://img.a.transfermarkt.technology/portrait/header/417278-1704961747.jpg?lm=1,0.0,0.0,,https://www.transfermarkt.co.uk/arnaud-bodart/profil/spieler/417278,FR1,LOSC Lille,1500000.0,6500000.0,2025,Arnaud Bodart,FRA-Ligue 1,2526,Lille,Arnaud Bodart,BEL,GK,27,1998,3,2,226,2.5,3,1.19,7,4,57.1,0,0,2,0,0.0,1,1,0,0,0.0,28.22450376454483,394.0
448632,2026-06-01,7000000,OGC Nice,417,FR1,Yehvann,Diouf,Yehvann Diouf,2025,417,yehvann-diouf,France,Montreuil-sous-Bois  ,Senegal,1999-11-16 00:00:00,Goalkeeper,Goalkeeper,right,188.0,2030-06-30 00:00:00,FAIR SPORT MNG,https://img.a.transfermarkt.technology/portrait/header/448632-1756822717.jpg?lm=1,2.0,0.0,,https://www.transfermarkt.co.uk/yehvann-diouf/profil/spieler/448632,FR1,OGC Nice,7000000.0,12000000.0,2025,Yehvann Diouf,FRA-Ligue 1,2526,Nice,Yehvann Diouf,SEN,GK,25,1999,26,26,2340,26.0,45,1.73,136,91,66.9,6,7,13,5,19.2,7,5,1,1,16.7,26.54072553045859,1490.0
463600,2026-06-01,25000000,Paris Saint-Germain,583,FR1,Lucas,Chevalier,Lucas Chevalier,2025,583,lucas-chevalier,France,Calais  ,France,2001-11-06 00:00:00,Goalkeeper,Goalkeeper,right,189.0,2030-06-30 00:00:00,,https://img.a.transfermarkt.technology/portrait/header/463600-1708342501.jpg?lm=1,1.0,0.0,,https://www.transfermarkt.co.uk/lucas-chevalier/profil/spieler/463600,FR1,Paris Saint-Germain,25000000.0,40000000.0,2025,Lucas Chevalier,FRA-Ligue 1,2526,Paris SG,Lucas Chevalier,FRA,GK,23,2001,17,17,1530,17.0,13,0.76,45,32,71.1,12,3,2,9,52.9,3,1,1,1,50.0,24.566735112936346,1490.0
525155,2026-06-01,4000000,Stade Brestois 29,3911,FR1,Grégoire,Coudert,Grégoire Coudert,2025,3911,gregoire-coudert,France,Rodez  ,France,1999-04-03 00:00:00,Goalkeeper,Goalkeeper,left,192.0,2027-06-30 00:00:00,Gersh,https://img.a.transfermarkt.technology/portrait/header/525155-1632761084.jpg?lm=1,0.0,0.0,,https://www.transfermarkt.co.uk/gregoire-coudert/profil/spieler/525155,FR1,Stade Brestois 29,4000000.0,4000000.0,2025,Grégoire Coudert,FRA-Ligue 1,2526,Brest,Grégoire Coudert,FRA,GK,26,1999,25,24,2192,24.4,40,1.64,116,76,65.5,9,5,10,6,25.0,4,3,1,0,25.0,27.16221765913758,394.0
542452,2026-06-01,2000000,FC Metz,347,FR1,Jonathan,Fischer,Jonathan Fischer,2025,347,jonathan-fischer,,,Denmark,2001-11-09 00:00:00,Goalkeeper,Goalkeeper,left,198.0,2029-06-30 00:00:00,AS1,https://img.a.transfermarkt.technology/portrait/header/542452-1711581097.jpg?lm=1,2.0,0.0,,https://www.transfermarkt.co.uk/jonathan-fischer/profil/spieler/542452,FR1,FC Metz,2000000.0,3500000.0,2025,Jonathan Fischer,FRA-Ligue 1,2526,Metz,Jonathan Fischer,DEN,GK,23,2001,27,26,2354,26.2,56,2.14,148,92,62.2,3,5,18,5,19.2,7,6,1,0,14.3,24.55852156057495,1125.0
548347,2026-06-01,300000,Angers SCO,1420,FR1,Melvin,Zinga,Melvin Zinga,2025,1420,melvin-zinga,France,Montivilliers  ,France,2002-03-16 00:00:00,Goalkeeper,Goalkeeper,left,187.0,,TEAM REAG CONSULTING,https://img.a.transfermarkt.technology/portrait/header/548347-1750955335.png?lm=1,5.0,0.0,,https://www.transfermarkt.co.uk/melvin-zinga/profil/spieler/548347,FR1,Angers SCO,300000.0,300000.0,2025,Melvin Zinga,FRA-Ligue 1,2526,Angers,Melvin Zinga,CGO,GK,23,2002,3,2,222,2.5,5,2.03,13,8,61.5,0,0,2,0,0.0,0,0,0,0,,24.210814510609172,0.0
695422,2026-06-01,400000,AJ Auxerre,290,FR1,Théo,De Percin,Théo De Percin,2025,290,theo-de-percin,France,Tarbes  ,France,2001-02-02 00:00:00,Goalkeeper,Goalkeeper,right,185.0,2029-06-30 00:00:00,Kemari,https://img.a.transfermarkt.technology/portrait/header/695422-1672329898.jpg?lm=1,1.0,0.0,,https://www.transfermarkt.co.uk/theo-de-percin/profil/spieler/695422,FR1,AJ Auxerre,400000.0,400000.0,2025,Théo De Percin,FRA-Ligue 1,2526,Auxerre,Théo De Percin,MTQ,GK,24,2001,8,5,598,6.6,9,1.35,24,15,62.5,1,1,3,1,20.0,2,1,1,0,50.0,25.32511978097194,1125.0
743515,2026-06-01,30000000,RC Lens,826,FR1,Robin,Risser,Robin Risser,2025,826,robin-risser,France,Colmar  ,France,2004-12-02 00:00:00,Goalkeeper,Goalkeeper,right,193.0,2030-06-30 00:00:00,Carmenta,https://img.a.transfermarkt.technology/portrait/header/743515-1732575159.png?lm=1,0.0,0.0,,https://www.transfermarkt.co.uk/robin-risser/profil/spieler/743515,FR1,RC Lens,30000000.0,30000000.0,2025,Robin Risser,FRA-Ligue 1,2526,Lens,Robin Risser,FRA,GK,20,2004,33,33,2970,33.0,35,1.06,111,76,68.5,21,4,8,11,33.3,6,3,2,1,40.0,21.49486652977413,1490.0
750878,2026-06-01,5000000,Paris FC,10004,FR1,Obed,Nkambadio,Obed Nkambadio,2025,10004,obed-nkambadio,France,Paris  ,France,2003-02-07 00:00:00,Goalkeeper,Goalkeeper,right,190.0,2027-06-30 00:00:00,Mickael Libong,https://img.a.transfermarkt.technology/portrait/header/750878-1750172738.jpg?lm=1,1.0,0.0,,https://www.transfermarkt.co.uk/obed-nkambadio/profil/spieler/750878,FR1,Paris FC,5000000.0,7000000.0,2025,Obed Nkambadio,FRA-Ligue 1,2526,Paris FC,Obed Nkambadio,FRA,GK,22,2003,12,12,1080,12.0,21,1.75,47,26,55.3,3,3,6,1,8.3,4,2,1,1,33.3,23.312799452429843,394.0
834397,2026-06-01,25000000,RC Strasbourg Alsace,667,FR1,Mike,Penders,Mike Penders,2025,667,mike-penders,Belgium,Maasmechelen  ,Belgium,2005-07-31 00:00:00,Goalkeeper,Goalkeeper,left,200.0,2032-06-30 00:00:00,MARTIN RIHA,https://img.a.transfermarkt.technology/portrait/header/834397-1782074650.jpg?lm=1,0.0,0.0,,https://www.transfermarkt.co.uk/mike-penders/profil/spieler/834397,FR1,RC Strasbourg Alsace,25000000.0,25000000.0,2025,Mike Penders,FRA-Ligue 1,2526,Strasbourg,Mike Penders,BEL,GK,20,2005,33,33,2970,33.0,47,1.42,154,107,69.5,14,8,11,8,24.2,5,4,1,0,20.0,20.83504449007529,2221.0
912902,2026-06-01,18000000,FC Toulouse,415,FR1,Guillaume,Restes,Guillaume Restes,2025,415,guillaume-restes,France,Toulouse  ,France,2005-03-11 00:00:00,Goalkeeper,Goalkeeper,left,188.0,2028-06-30 00:00:00,Unique Sports Group,https://img.a.transfermarkt.technology/portrait/header/912902-1676656145.jpg?lm=1,19.0,0.0,,https://www.transfermarkt.co.uk/guillaume-restes/profil/spieler/912902,FR1,FC Toulouse,18000000.0,20000000.0,2025,Guillaume Restes,FRA-Ligue 1,2526,Toulouse,Guillaume Restes,FRA,GK,20,2005,33,33,2939,32.7,45,1.38,129,84,65.1,12,8,13,9,27.3,5,5,0,0,0.0,21.22381930184805,760.0
979761,2026-06-01,200000,Stade Rennais FC,273,FR1,Mathys,Silistrie,Mathys Silistrie,2025,273,mathys-silistrie,France,Drancy  ,France,2005-09-16 00:00:00,Goalkeeper,Goalkeeper,right,188.0,2027-06-30 00:00:00,HEWGO SPORT,https://img.a.transfermarkt.technology/portrait/header/979761-1770737381.jpg?lm=1,,,,https://www.transfermarkt.co.uk/mathys-silistrie/profil/spieler/979761,FR1,Stade Rennais FC,200000.0,200000.0,2025,Mathys Silestrie,FRA-Ligue 1,2526,Rennes,Mathys Silestrie,FRA,GK,19,2005,2,2,180,2.0,6,3.0,14,8,57.1,0,0,2,0,0.0,0,0,0,0,,20.706365503080082,394.0
988275,2026-06-01,200000,Le Havre AC,738,FR1,Paul,Argney,Paul Argney,2025,738,paul-argney,France,Granville  ,France,2006-05-23 00:00:00,Goalkeeper,Goalkeeper,right,186.0,2027-06-30 00:00:00,SEG,https://img.a.transfermarkt.technology/portrait/header/988275-1701165489.jpg?lm=1,6.0,0.0,,https://www.transfermarkt.co.uk/paul-argney/profil/spieler/988275,FR1,Le Havre AC,200000.0,200000.0,2025,Paul Argney,FRA-Ligue 1,2526,Le Havre,Paul Argney,FRA,GK,19,2006,1,1,90,1.0,1,1.0,3,2,66.7,1,0,0,0,0.0,0,0,0,0,,20.024640657084188,394.0
1041614,2026-06-01,1000000,Paris Saint-Germain,583,FR1,Renato,Marin,Renato Marin,2025,583,renato-marin,Brazil,São Paulo  ,Italy,2006-07-10 00:00:00,Goalkeeper,Goalkeeper,right,190.0,2027-06-30 00:00:00,,https://img.a.transfermarkt.technology/portrait/header/1041614-1730123074.jpg?lm=1,12.0,0.0,,https://www.transfermarkt.co.uk/renato-marin/profil/spieler/1041614,FR1,Paris Saint-Germain,1000000.0,1000000.0,2025,Renato Marin,FRA-Ligue 1,2526,Paris SG,Renato Marin,ITA,GK,19,2006,2,2,180,2.0,2,1.0,5,3,60.0,1,1,0,1,50.0,0,0,0,0,,19.89322381930185,394.0
1073176,2026-06-01,200000,Angers SCO,1420,FR1,Oumar,Pona,Oumar Pona,2025,1420,oumar-pona,France,Bondy  ,Mali,2006-06-21 00:00:00,Goalkeeper,Goalkeeper,right,195.0,2027-06-30 00:00:00,Concept Sport Agency,https://img.a.transfermarkt.technology/portrait/header/1073176-1750955375.png?lm=1,2.0,0.0,,https://www.transfermarkt.co.uk/oumar-pona/profil/spieler/1073176,FR1,Angers SCO,200000.0,200000.0,2025,Oumar Pona,FRA-Ligue 1,2526,Angers,Oumar Pona,FRA,GK,19,2006,2,2,180,2.0,7,3.5,13,6,46.2,0,0,2,0,0.0,0,0,0,0,,19.94524298425736,394.0
99617,2026-06-02,100000,Seattle Sounders FC,9636,MLS1,Stefan,Frei,Stefan Frei,2025,9636,stefan-frei,Switzerland,Altstätten  ,United States,1986-04-20 00:00:00,Goalkeeper,Goalkeeper,,195.0,2027-12-31 00:00:00,THE·TEAM,https://img.a.transfermarkt.technology/portrait/header/99617-1771756765.jpg?lm=1,0.0,0.0,,https://www.transfermarkt.co.uk/stefan-frei/profil/spieler/99617,MLS1,Seattle Sounders FC,100000.0,1000000.0,2025,Stefan Ortega,ENG-Premier League,2526,Nottingham,Stefan Ortega,GER,GK,32,1992,3,3,270,3.0,4,1.33,12,8,66.7,0,1,2,1,33.3,0,0,0,0,,40.11772758384668,577.0
126630,2026-06-02,300000,D.C. United,2440,MLS1,Sean,Johnson,Sean Johnson,2025,2440,sean-johnson,United States,"Lilburn, Georgia  ",United States,1989-05-31 00:00:00,Goalkeeper,Goalkeeper,right,190.0,2027-06-30 00:00:00,,https://img.a.transfermarkt.technology/portrait/header/126630-1771687154.jpg?lm=1,13.0,0.0,,https://www.transfermarkt.co.uk/sean-johnson/profil/spieler/126630,MLS1,D.C. United,300000.0,1800000.0,2025,Sam Johnstone,ENG-Premier League,2526,Wolves,Sam Johnstone,ENG,GK,32,1993,12,12,1080,12.0,24,2.0,63,39,61.9,0,2,10,0,0.0,1,1,0,0,0.0,37.00479123887748,393.0
72476,2026-06-03,6000000,Fulham FC,931,GB1,Bernd,Leno,Bernd Leno,2025,931,bernd-leno,Germany,Bietigheim-Bissingen  ,Germany,1992-03-04 00:00:00,Goalkeeper,Goalkeeper,right,190.0,2027-06-30 00:00:00,fair-sport GmbH,https://img.a.transfermarkt.technology/portrait/header/72476-1774470314.jpg?lm=1,9.0,0.0,,https://www.transfermarkt.co.uk/bernd-leno/profil/spieler/72476,GB1,Fulham FC,6000000.0,35000000.0,2025,Bernd Leno,ENG-Premier League,2526,Fulham,Bernd Leno,GER,GK,33,1992,38,38,3420,38.0,51,1.34,149,98,65.8,15,7,16,9,23.7,4,3,0,1,0.0,34.247775496235455,392.0
74960,2026-06-03,500000,Burnley FC,1132,GB1,Martin,Dúbravka,Martin Dúbravka,2025,1132,martin-dubravka,CSSR,Žilina  ,Slovakia,1989-01-15 00:00:00,Goalkeeper,Goalkeeper,right,191.0,2027-06-30 00:00:00,1863,https://img.a.transfermarkt.technology/portrait/header/74960-1700237195.jpg?lm=1,60.0,0.0,,https://www.transfermarkt.co.uk/martin-dubravka/profil/spieler/74960,GB1,Burnley FC,500000.0,7500000.0,2025,Martin Dúbravka,ENG-Premier League,2526,Burnley,Martin Dúbravka,SVK,GK,36,1989,35,35,3150,35.0,71,2.03,198,127,64.1,4,8,23,4,11.4,7,6,0,1,0.0,37.379876796714576,392.0
85941,2026-06-03,4000000,Nottingham Forest,703,GB1,Stefan,Ortega,Stefan Ortega,2025,281,stefan-ortega,Germany,Hofgeismar  ,Germany,1992-11-06 00:00:00,Goalkeeper,Goalkeeper,right,185.0,,,https://img.a.transfermarkt.technology/portrait/header/85941-1668065114.jpg?lm=1,0.0,0.0,,https://www.transfermarkt.co.uk/stefan-ortega/profil/spieler/85941,GB1,Manchester City,4000000.0,9000000.0,2025,Stefan Ortega,ENG-Premier League,2526,Nottingham,Stefan Ortega,GER,GK,32,1992,3,3,270,3.0,4,1.33,12,8,66.7,0,1,2,1,33.3,0,0,0,0,,33.57152635181382,0.0
99397,2026-06-03,200000,Leeds United,399,GB1,Karl,Darlow,Karl Darlow,2025,399,karl-darlow,England,Northampton  ,Wales,1990-10-08 00:00:00,Goalkeeper,Goalkeeper,right,190.0,,Unique Sports Group,https://img.a.transfermarkt.technology/portrait/header/99397-1724939153.jpg?lm=1,15.0,0.0,,https://www.transfermarkt.co.uk/karl-darlow/profil/spieler/99397,GB1,Leeds United,200000.0,4500000.0,2025,Karl Darlow,ENG-Premier League,2526,Leeds United,Karl Darlow,WAL,GK,34,1990,22,22,1980,22.0,27,1.23,90,63,70.0,7,8,7,5,22.7,2,2,0,0,0.0,35.65229295003422,0.0
105470,2026-06-03,15000000,Liverpool FC,31,GB1,,Alisson,Alisson,2025,31,alisson,Brazil,Novo Hamburgo  ,Brazil,1992-10-02 00:00:00,Goalkeeper,Goalkeeper,right,193.0,2027-06-30 00:00:00,,https://img.a.transfermarkt.technology/portrait/header/105470-1780389358.jpg?lm=1,83.0,0.0,,https://www.transfermarkt.co.uk/alisson/profil/spieler/105470,GB1,Liverpool FC,15000000.0,90000000.0,2025,Alisson,ENG-Premier League,2526,Liverpool,Alisson,BRA,GK,32,1992,26,26,2340,26.0,31,1.19,88,57,64.8,13,8,5,8,30.8,2,2,0,0,0.0,33.667351129363446,392.0
110864,2026-06-03,2000000,Wolverhampton Wanderers,543,GB1,Sam,Johnstone,Sam Johnstone,2025,543,sam-johnstone,England,Preston  ,England,1993-03-25 00:00:00,Goalkeeper,Goalkeeper,right,193.0,2028-06-30 00:00:00,Unique Sports Group,https://img.a.transfermarkt.technology/portrait/header/110864-1672915792.jpg?lm=1,4.0,0.0,,https://www.transfermarkt.co.uk/sam-johnstone/profil/spieler/110864,GB1,Wolverhampton Wanderers,2000000.0,12000000.0,2025,Sam Johnstone,ENG-Premier League,2526,Wolves,Sam Johnstone,ENG,GK,32,1993,12,12,1080,12.0,24,2.0,63,39,61.9,0,2,10,0,0.0,1,1,0,0,0.0,33.190965092402465,758.0
111873,2026-06-03,12000000,Aston Villa,405,GB1,Emiliano,Martínez,Emiliano Martínez,2025,405,emiliano-martinez,Argentina,Mar del Plata  ,Argentina,1992-09-02 00:00:00,Goalkeeper,Goalkeeper,right,195.0,2029-06-30 00:00:00,Universal Twenty Two,https://img.a.transfermarkt.technology/portrait/header/111873-1668180824.jpg?lm=1,64.0,0.0,,https://www.transfermarkt.co.uk/emiliano-martinez/profil/spieler/111873,GB1,Aston Villa,12000000.0,35000000.0,2025,Emiliano Martínez,ENG-Premier League,2526,Aston Villa,Emiliano Martínez,ARG,GK,32,1992,32,32,2835,31.5,39,1.24,134,95,70.9,16,6,10,8,25.0,1,0,1,0,100.0,33.74948665297741,1123.0
120629,2026-06-03,4000000,West Ham United,379,GB1,Alphonse,Areola,Alphonse Areola,2025,379,alphonse-areola,France,Paris  ,France,1993-02-27 00:00:00,Goalkeeper,Goalkeeper,right,195.0,2027-06-30 00:00:00,Rafaela Pimenta,https://img.a.transfermarkt.technology/portrait/header/120629-1663243036.jpg?lm=1,5.0,0.0,,https://www.transfermarkt.co.uk/alphonse-areola/profil/spieler/120629,GB1,West Ham United,4000000.0,17500000.0,2025,Alphonse Areola,ENG-Premier League,2526,West Ham,Alphonse Areola,FRA,GK,32,1993,20,20,1800,20.0,37,1.85,113,76,67.3,4,5,11,0,0.0,6,5,0,1,0.0,33.2621492128679,392.0
124884,2026-06-03,1500000,Aston Villa,405,GB1,Marco,Bizot,Marco Bizot,2025,405,marco-bizot,Netherlands,Hoorn  ,Netherlands,1991-03-10 00:00:00,Goalkeeper,Goalkeeper,right,193.0,2027-06-30 00:00:00,Key United,https://img.a.transfermarkt.technology/portrait/header/124884-1707302509.jpg?lm=1,1.0,0.0,,https://www.transfermarkt.co.uk/marco-bizot/profil/spieler/124884,GB1,Aston Villa,1500000.0,7000000.0,2025,Marco Bizot,ENG-Premier League,2526,Aston Villa,Marco Bizot,NED,GK,34,1991,7,6,585,6.5,10,1.54,29,19,65.5,3,2,1,2,33.3,1,1,0,0,0.0,35.233401779603014,392.0
127202,2026-06-03,3500000,Nottingham Forest,703,GB1,Matz,Sels,Matz Sels,2025,703,matz-sels,Belgium,Lint  ,Belgium,1992-02-26 00:00:00,Goalkeeper,Goalkeeper,right,188.0,2028-06-30 00:00:00,Cherry Sports,https://img.a.transfermarkt.technology/portrait/header/127202-1665067633.jpg?lm=1,13.0,0.0,,https://www.transfermarkt.co.uk/matz-sels/profil/spieler/127202,GB1,Nottingham Forest,3500000.0,8000000.0,2025,Matz Sels,ENG-Premier League,2526,Nottingham,Matz Sels,BEL,GK,33,1992,31,30,2668,29.6,39,1.32,132,93,70.5,10,10,10,7,23.3,5,4,1,0,20.0,34.26694045174538,758.0
130164,2026-06-03,13000000,Everton FC,29,GB1,Jordan,Pickford,Jordan Pickford,2025,29,jordan-pickford,England,Washington  ,England,1994-03-07 00:00:00,Goalkeeper,Goalkeeper,left,185.0,2029-06-30 00:00:00,CAA Stellar,https://img.a.transfermarkt.technology/portrait/header/130164-1668499964.jpg?lm=1,89.0,0.0,,https://www.transfermarkt.co.uk/jordan-pickford/profil/spieler/130164,GB1,Everton FC,13000000.0,40000000.0,2025,Jordan Pickford,ENG-Premier League,2526,Everton,Jordan Pickford,ENG,GK,31,1994,38,38,3420,38.0,50,1.32,149,99,66.4,13,10,15,11,28.9,4,3,1,0,25.0,32.24093086926762,1123.0
136401,2026-06-03,800000,Wolverhampton Wanderers,543,GB1,Daniel,Bentley,Daniel Bentley,2025,543,daniel-bentley,England,Basildon  ,England,1993-07-13 00:00:00,Goalkeeper,Goalkeeper,,193.0,2027-06-30 00:00:00,Unique Sports Group,https://img.a.transfermarkt.technology/portrait/header/136401-1700737411.jpg?lm=1,,,,https://www.transfermarkt.co.uk/daniel-bentley/profil/spieler/136401,GB1,Wolverhampton Wanderers,800000.0,4000000.0,2025,Daniel Bentley,ENG-Premier League,2526,Wolves,Daniel Bentley,ENG,GK,32,1993,3,3,270,3.0,7,2.33,14,7,50.0,0,1,2,0,0.0,1,1,0,0,0.0,32.889801505817935,392.0
192080,2026-06-03,5000000,Newcastle United,762,GB1,Nick,Pope,Nick Pope,2025,762,nick-pope,England,Soham  ,England,1992-04-19 00:00:00,Goalkeeper,Goalkeeper,right,198.0,2027-06-30 00:00:00,CAA Stellar,https://img.a.transfermarkt.technology/portrait/header/192080-1663841362.jpg?lm=1,10.0,0.0,,https://www.transfermarkt.co.uk/nick-pope/profil/spieler/192080,GB1,Newcastle United,5000000.0,20000000.0,2025,Nick Pope,ENG-Premier League,2526,Newcastle,Nick Pope,ENG,GK,33,1992,27,27,2416,26.8,38,1.42,127,89,70.1,10,5,12,7,25.9,2,2,0,0,0.0,34.12183436002738,392.0
192279,2026-06-03,5000000,Arsenal FC,11,GB1,Kepa,Arrizabalaga,Kepa Arrizabalaga,2025,11,kepa-arrizabalaga,Spain,Ondarroa  ,Spain,1994-10-03 00:00:00,Goalkeeper,Goalkeeper,right,188.0,2028-06-30 00:00:00,AC Talent,https://img.a.transfermarkt.technology/portrait/header/192279-1661855851.jpg?lm=1,13.0,0.0,,https://www.transfermarkt.co.uk/kepa-arrizabalaga/profil/spieler/192279,GB1,Arsenal FC,5000000.0,60000000.0,2025,Kepa Arrizabalaga,ENG-Premier League,2526,Arsenal,Kepa Arrizabalaga,ESP,GK,30,1994,1,1,90,1.0,1,1.0,3,2,66.7,1,0,0,0,0.0,0,0,0,0,,31.665982203969882,758.0
201574,2026-06-03,1000000,Nottingham Forest,703,GB1,Angus,Gunn,Angus Gunn,2025,703,angus-gunn,England,Norwich  ,Scotland,1996-01-22 00:00:00,Goalkeeper,Goalkeeper,right,196.0,,Triple S Sports,https://img.a.transfermarkt.technology/portrait/header/201574-1716378186.jpg?lm=1,25.0,0.0,,https://www.transfermarkt.co.uk/angus-gunn/profil/spieler/201574,GB1,Nottingham Forest,1000000.0,10000000.0,2025,Angus Gunn,ENG-Premier League,2526,Nottingham,Angus Gunn,SCO,GK,29,1996,1,0,45,0.5,0,0.0,0,0,,0,0,0,0,,0,0,0,0,,30.362765229295004,0.0
226049,2026-06-03,3000000,Liverpool FC,31,GB1,Freddie,Woodman,Freddie Woodman,2025,31,freddie-woodman,England,London  ,England,1997-03-04 00:00:00,Goalkeeper,Goalkeeper,right,188.0,2027-06-30 00:00:00,,https://img.a.transfermarkt.technology/portrait/header/226049-1737883837.jpg?lm=1,6.0,0.0,,https://www.transfermarkt.co.uk/freddie-woodman/profil/spieler/226049,GB1,Liverpool FC,3000000.0,10000000.0,2025,Freddie Woodman,ENG-Premier League,2526,Liverpool,Freddie Woodman,ENG,GK,28,1997,3,2,213,2.4,4,1.69,13,9,69.2,1,0,1,0,0.0,0,0,0,0,,29.248459958932237,392.0
249994,2026-06-03,3500000,Wolverhampton Wanderers,543,GB1,José,Sá,José Sá,2025,543,jose-sa,Portugal,Braga  ,Portugal,1993-01-17 00:00:00,Goalkeeper,Goalkeeper,right,192.0,2027-06-30 00:00:00,Gestifute,https://img.a.transfermarkt.technology/portrait/header/249994-1696600015.jpg?lm=1,5.0,0.0,,https://www.transfermarkt.co.uk/jose-sa/profil/spieler/249994,GB1,Wolverhampton Wanderers,3500000.0,18000000.0,2025,José Sá,ENG-Premier League,2526,Wolves,José Sá,POR,GK,32,1993,23,23,2070,23.0,37,1.61,102,65,63.7,3,8,12,4,17.4,3,3,0,0,0.0,33.374401095140314,392.0
258919,2026-06-03,28000000,Crystal Palace,873,GB1,Dean,Henderson,Dean Henderson,2025,873,dean-henderson,England,Whitehaven  ,England,1997-03-12 00:00:00,Goalkeeper,Goalkeeper,right,188.0,2028-06-30 00:00:00,Unique Sports Group,https://img.a.transfermarkt.technology/portrait/header/258919-1716297478.jpg?lm=1,5.0,0.0,,https://www.transfermarkt.co.uk/dean-henderson/profil/spieler/258919,GB1,Crystal Palace,28000000.0,28000000.0,2025,Dean Henderson,ENG-Premier League,2526,Crystal Palace,Dean Henderson,ENG,GK,28,1997,37,37,3330,37.0,51,1.38,156,104,67.3,11,11,15,11,29.7,6,5,1,0,16.7,29.22655715263518,758.0
262749,2026-06-03,30000000,Arsenal FC,11,GB1,David,Raya,David Raya,2025,11,david-raya,Spain,Barcelona  ,Spain,1995-09-15 00:00:00,Goalkeeper,Goalkeeper,right,186.0,2028-06-30 00:00:00,FUTBOL21 AGENCY,https://img.a.transfermarkt.technology/portrait/header/262749-1780663789.jpg?lm=1,13.0,0.0,,https://www.transfermarkt.co.uk/david-raya/profil/spieler/262749,GB1,Arsenal FC,30000000.0,40000000.0,2025,David Raya,ENG-Premier League,2526,Arsenal,David Raya,ESP,GK,29,1995,37,37,3330,37.0,26,0.7,86,59,69.8,25,7,5,19,51.4,0,0,0,0,,30.715947980835043,758.0
286047,2026-06-03,18000000,Tottenham Hotspur,148,GB1,Guglielmo,Vicario,Guglielmo Vicario,2025,148,guglielmo-vicario,Italy,Udine  ,Italy,1996-10-07 00:00:00,Goalkeeper,Goalkeeper,right,194.0,2028-06-30 00:00:00,THE·TEAM,https://img.a.transfermarkt.technology/portrait/header/286047-1725874745.jpg?lm=1,5.0,0.0,,https://www.transfermarkt.co.uk/guglielmo-vicario/profil/spieler/286047,GB1,Tottenham Hotspur,18000000.0,35000000.0,2025,Guglielmo Vicario,ENG-Premier League,2526,Tottenham,Guglielmo Vicario,ITA,GK,28,1996,31,31,2790,31.0,50,1.61,133,83,62.4,7,9,15,7,22.6,2,2,0,0,0.0,29.65366187542779,758.0
296802,2026-06-03,4000000,Crystal Palace,873,GB1,Walter,Benítez,Walter Benítez,2025,873,walter-benitez,Argentina,General San Martín  ,Argentina,1993-01-19 00:00:00,Goalkeeper,Goalkeeper,right,191.0,2028-06-30 00:00:00,KMB,https://img.a.transfermarkt.technology/portrait/header/296802-1682332928.jpg?lm=1,1.0,0.0,,https://www.transfermarkt.co.uk/walter-benitez/profil/spieler/296802,GB1,Crystal Palace,4000000.0,14000000.0,2025,Walter Benítez,ENG-Premier League,2526,Crystal Palace,Walter Benítez,ARG,GK,32,1993,1,1,90,1.0,0,0.0,3,3,100.0,0,1,0,1,100.0,1,0,0,1,,33.36892539356605,758.0
315858,2026-06-03,45000000,Manchester City,281,GB1,Gianluigi,Donnarumma,Gianluigi Donnarumma,2025,281,gianluigi-donnarumma,Italy,Castellammare di Stabia  ,Italy,1999-02-25 00:00:00,Goalkeeper,Goalkeeper,right,196.0,2030-06-30 00:00:00,Team Raiola,https://img.a.transfermarkt.technology/portrait/header/315858-1761076746.jpg?lm=1,83.0,0.0,,https://www.transfermarkt.co.uk/gianluigi-donnarumma/profil/spieler/315858,GB1,Manchester City,45000000.0,65000000.0,2025,Gianluigi Donnarumma,ENG-Premier League,2526,Manchester City,Gianluigi Donnarumma,ITA,GK,26,1999,34,34,3060,34.0,29,0.85,106,75,72.6,22,9,3,15,44.1,1,0,1,0,100.0,27.26899383983573,1488.0
336077,2026-06-03,5000000,Manchester United,985,GB1,Altay,Bayındır,Altay Bayındır,2025,985,altay-bayindir,Türkiye,Bursa  ,Türkiye,1998-04-14 00:00:00,Goalkeeper,Goalkeeper,right,198.0,2027-06-30 00:00:00,SEFA SEYREK,https://img.a.transfermarkt.technology/portrait/header/336077-1781173656.jpg?lm=1,12.0,0.0,,https://www.transfermarkt.co.uk/altay-bayindir/profil/spieler/336077,GB1,Manchester United,5000000.0,16000000.0,2025,Altay Bayındır,ENG-Premier League,2526,Manchester Utd,Altay Bayındır,TUR,GK,27,1998,6,6,540,6.0,11,1.83,24,13,54.2,2,1,3,0,0.0,0,0,0,0,,28.136892539356605,392.0
340918,2026-06-03,28000000,Brentford FC,1148,GB1,Caoimhín,Kelleher,Caoimhín Kelleher,2025,1148,caoimhin-kelleher,Ireland,Cork  ,Ireland,1998-11-23 00:00:00,Goalkeeper,Goalkeeper,right,188.0,2030-06-30 00:00:00,ROOF,https://img.a.transfermarkt.technology/portrait/header/340918-1708933663.jpg?lm=1,32.0,0.0,,https://www.transfermarkt.co.uk/caoimhin-kelleher/profil/spieler/340918,GB1,Brentford FC,28000000.0,28000000.0,2025,Caoimhín Kelleher,ENG-Premier League,2526,Brentford,Caoimhín Kelleher,IRL,GK,26,1998,37,37,3330,37.0,49,1.32,154,105,68.2,13,11,13,10,27.0,8,5,3,0,37.5,27.526351813826146,1488.0
352041,2026-06-03,10000000,Leeds United,399,GB1,Lucas,Perri,Lucas Perri,2025,399,lucas-perri,Brazil,Valinhos  ,Brazil,1997-12-10 00:00:00,Goalkeeper,Goalkeeper,right,197.0,2029-06-30 00:00:00,LEFT Sports,https://img.a.transfermarkt.technology/portrait/header/352041-1733188777.jpg?lm=1,0.0,0.0,,https://www.transfermarkt.co.uk/lucas-perri/profil/spieler/352041,GB1,Leeds United,10000000.0,16000000.0,2025,Lucas Perri,ENG-Premier League,2526,Leeds United,Lucas Perri,BRA,GK,27,1997,16,16,1440,16.0,29,1.81,67,38,56.7,4,6,6,3,18.8,4,4,0,0,0.0,28.479123887748116,1123.0
400536,2026-06-03,15000000,West Ham United,379,GB1,Mads,Hermansen,Mads Hermansen,2025,379,mads-hermansen,Denmark,Odense  ,Denmark,2000-07-11 00:00:00,Goalkeeper,Goalkeeper,right,187.0,2030-06-30 00:00:00,CAA Stellar,https://img.a.transfermarkt.technology/portrait/header/400536-1707386039.jpg?lm=1,3.0,0.0,,https://www.transfermarkt.co.uk/mads-hermansen/profil/spieler/400536,GB1,West Ham United,15000000.0,18000000.0,2025,Mads Hermansen,ENG-Premier League,2526,West Ham,Mads Hermansen,DEN,GK,25,2000,18,18,1620,18.0,28,1.56,82,53,65.9,6,4,8,7,38.9,1,1,0,0,0.0,25.894592744695416,1488.0
403151,2026-06-03,22000000,Chelsea FC,631,GB1,Robert,Sánchez,Robert Sánchez,2025,631,robert-sanchez,Spain,Cartagena  ,Spain,1997-11-18 00:00:00,Goalkeeper,Goalkeeper,right,197.0,2030-06-30 00:00:00,CAA Stellar,https://img.a.transfermarkt.technology/portrait/header/403151-1695028195.jpg?lm=1,3.0,0.0,,https://www.transfermarkt.co.uk/robert-sanchez/profil/spieler/403151,GB1,Chelsea FC,22000000.0,32000000.0,2025,Robert Sánchez,ENG-Premier League,2526,Chelsea,Robert Sánchez,ESP,GK,27,1997,35,35,3039,33.8,49,1.45,147,97,66.7,13,8,14,9,25.7,2,2,0,0,0.0,28.539356605065024,1488.0
427568,2026-06-03,12000000,Newcastle United,762,GB1,Aaron,Ramsdale,Aaron Ramsdale,2025,762,aaron-ramsdale,England,Stoke-on-Trent  ,England,1998-05-14 00:00:00,Goalkeeper,Goalkeeper,right,190.0,2028-06-30 00:00:00,World in Motion,https://img.a.transfermarkt.technology/portrait/header/427568-1681828000.jpg?lm=1,5.0,0.0,,https://www.transfermarkt.co.uk/aaron-ramsdale/profil/spieler/427568,GB1,Newcastle United,12000000.0,40000000.0,2025,Aaron Ramsdale,ENG-Premier League,2526,Newcastle,Aaron Ramsdale,ENG,GK,27,1998,12,11,1004,11.2,17,1.52,41,24,58.5,4,2,5,1,9.1,3,3,0,0,0.0,28.05475701574264,758.0
488935,2026-06-03,2500000,Brentford FC,1148,GB1,Hákon,Valdimarsson,Hákon Valdimarsson,2025,1148,hakon-valdimarsson,Iceland,Reykjavik  ,Iceland,2001-10-13 00:00:00,Goalkeeper,Goalkeeper,right,195.0,2030-06-30 00:00:00,CAA Stellar,https://img.a.transfermarkt.technology/portrait/header/488935-1689319830.jpg?lm=1,22.0,0.0,,https://www.transfermarkt.co.uk/hakon-valdimarsson/profil/spieler/488935,GB1,Brentford FC,2500000.0,2500000.0,2025,Hákon Valdimarsson,ENG-Premier League,2526,Brentford,Hákon Valdimarsson,ISL,GK,23,2001,1,1,90,1.0,3,3.0,4,1,25.0,1,0,0,0,0.0,0,0,0,0,,24.637919233401778,1488.0
502676,2026-06-03,28000000,Liverpool FC,31,GB1,Giorgi,Mamardashvili,Giorgi Mamardashvili,2025,31,giorgi-mamardashvili,Georgia,Tiflis  ,Georgia,2000-09-29 00:00:00,Goalkeeper,Goalkeeper,left,197.0,2031-06-30 00:00:00,Free Football,https://img.a.transfermarkt.technology/portrait/header/502676-1716542116.jpg?lm=1,38.0,0.0,,https://www.transfermarkt.co.uk/giorgi-mamardashvili/profil/spieler/502676,GB1,Liverpool FC,28000000.0,45000000.0,2025,Giorgi Mamardashvili,ENG-Premier League,2526,Liverpool,Giorgi Mamardashvili,GEO,GK,24,2000,10,10,867,9.6,18,1.87,51,33,64.7,3,1,6,2,20.0,2,1,1,0,50.0,25.675564681724847,1853.0
503883,2026-06-03,35000000,Manchester United,985,GB1,Senne,Lammens,Senne Lammens,2025,1096,senne-lammens,Belgium,Zottegem  ,Belgium,2002-07-07 00:00:00,Goalkeeper,Goalkeeper,right,193.0,2030-06-30 00:00:00,PROFI-MANAGEMENT,https://img.a.transfermarkt.technology/portrait/header/503883-1755675220.jpg?lm=1,3.0,0.0,,https://www.transfermarkt.co.uk/senne-lammens/profil/spieler/503883,BE1,Royal Antwerp FC,35000000.0,35000000.0,2025,Senne Lammens,ENG-Premier League,2526,Manchester Utd,Senne Lammens,BEL,GK,23,2002,32,32,2880,32.0,39,1.22,118,78,66.9,18,10,4,8,25.0,4,4,0,0,0.0,23.906913073237508,1488.0
565093,2026-06-03,40000000,Brighton & Hove Albion,1237,GB1,Bart,Verbruggen,Bart Verbruggen,2025,1237,bart-verbruggen,Netherlands,Zwolle  ,Netherlands,2002-08-18 00:00:00,Goalkeeper,Goalkeeper,right,193.0,2028-06-30 00:00:00,Stirr Associates,https://img.a.transfermarkt.technology/portrait/header/565093-1716990260.jpg?lm=1,33.0,0.0,,https://www.transfermarkt.co.uk/bart-verbruggen/profil/spieler/565093,GB1,Brighton & Hove Albion,40000000.0,40000000.0,2025,Bart Verbruggen,ENG-Premier League,2526,Brighton,Bart Verbruggen,NED,GK,22,2002,38,38,3420,38.0,46,1.21,151,103,69.5,14,11,13,10,26.3,6,5,1,0,16.7,23.79192334017796,758.0
566799,2026-06-03,25000000,Manchester City,281,GB1,James,Trafford,James Trafford,2025,281,james-trafford,England,Greysouthen  ,England,2002-10-10 00:00:00,Goalkeeper,Goalkeeper,right,192.0,2030-06-30 00:00:00,,https://img.a.transfermarkt.technology/portrait/header/566799-1689876147.jpg?lm=1,2.0,0.0,,https://www.transfermarkt.co.uk/james-trafford/profil/spieler/566799,GB1,Manchester City,25000000.0,30000000.0,2025,James Trafford,ENG-Premier League,2526,Manchester City,James Trafford,ENG,GK,22,2002,4,4,360,4.0,6,1.5,20,14,70.0,1,0,3,1,25.0,1,1,0,0,0.0,23.64681724845996,1488.0
585323,2026-06-03,15000000,Chelsea FC,631,GB1,Filip,Jørgensen,Filip Jørgensen,2025,631,filip-jorgensen,Sweden,Lomma  ,Denmark,2002-04-16 00:00:00,Goalkeeper,Goalkeeper,right,192.0,2031-06-30 00:00:00,LIAN Sports Group,https://img.a.transfermarkt.technology/portrait/header/585323-1718280485.jpg?lm=1,2.0,0.0,,https://www.transfermarkt.co.uk/filip-jorgensen/profil/spieler/585323,GB1,Chelsea FC,15000000.0,20000000.0,2025,Filip Jørgensen,ENG-Premier League,2526,Chelsea,Filip Jørgensen,DEN,GK,23,2002,5,3,379,4.2,5,1.19,13,8,61.5,1,2,0,0,0.0,0,0,0,0,,24.13141683778234,1853.0
605426,2026-06-03,3000000,Sunderland AFC,289,GB1,Melker,Ellborg,Melker Ellborg,2025,289,melker-ellborg,Sweden,Kalmar  ,Sweden,2003-05-22 00:00:00,Goalkeeper,Goalkeeper,right,191.0,2030-06-30 00:00:00,MD Management,https://img.a.transfermarkt.technology/portrait/header/605426-1740563649.jpg?lm=1,0.0,0.0,,https://www.transfermarkt.co.uk/melker-ellborg/profil/spieler/605426,GB1,Sunderland AFC,3000000.0,3000000.0,2025,Melker Ellborg,ENG-Premier League,2526,Sunderland,Melker Ellborg,SWE,GK,22,2003,3,3,270,3.0,2,0.67,12,10,83.3,2,0,1,1,33.3,0,0,0,0,,23.033538672142367,1488.0
646991,2026-06-03,28000000,Sunderland AFC,289,GB1,Robin,Roefs,Robin Roefs,2025,289,robin-roefs,Netherlands,Heeswijk  ,Netherlands,2003-01-17 00:00:00,Goalkeeper,Goalkeeper,left,193.0,2030-06-30 00:00:00,SEG,https://img.a.transfermarkt.technology/portrait/header/646991-1723035894.jpg?lm=1,1.0,0.0,,https://www.transfermarkt.co.uk/robin-roefs/profil/spieler/646991,GB1,Sunderland AFC,28000000.0,28000000.0,2025,Robin Roefs,ENG-Premier League,2526,Sunderland,Robin Roefs,NED,GK,22,2003,35,35,3150,35.0,46,1.31,154,108,70.1,12,12,11,10,28.6,3,2,1,0,33.3,23.37577002053388,1488.0
725912,2026-06-03,15000000,Tottenham Hotspur,148,GB1,Antonín,Kinský,Antonín Kinský,2025,148,antonin-kinsky,Czech Republic,Praha  ,Czech Republic,2003-03-13 00:00:00,Goalkeeper,Goalkeeper,right,190.0,2031-06-30 00:00:00,,https://img.a.transfermarkt.technology/portrait/header/725912-1766160431.jpg?lm=1,0.0,0.0,,https://www.transfermarkt.co.uk/antonin-kinsky/profil/spieler/725912,GB1,Tottenham Hotspur,15000000.0,15000000.0,2025,Antonín Kinský,ENG-Premier League,2526,Tottenham,Antonín Kinský,CZE,GK,22,2003,7,7,630,7.0,7,1.0,17,10,58.8,3,2,2,2,28.6,1,1,0,0,0.0,23.225188227241617,1853.0
829299,2026-06-03,4000000,Burnley FC,1132,GB1,Max,Weiß,Max Weiß,2025,1132,max-weiss,Germany,Speyer  ,Germany,2004-06-15 00:00:00,Goalkeeper,Goalkeeper,right,190.0,2029-06-30 00:00:00,,https://img.a.transfermarkt.technology/portrait/header/829299-1721465999.jpg?lm=1,0.0,0.0,,https://www.transfermarkt.co.uk/max-weiss/profil/spieler/829299,GB1,Burnley FC,4000000.0,4000000.0,2025,Max Weiß,ENG-Premier League,2526,Burnley,Max Weiß,GER,GK,21,2004,3,3,270,3.0,4,1.33,14,10,71.4,0,2,1,0,0.0,1,1,0,0,0.0,21.965776865160848,1123.0
73396,2026-06-04,100000,Atlético Nacional,8172,COL1,David,Ospina,David Ospina,2025,8172,david-ospina,Colombia,Medellín  ,Colombia,1988-08-31 00:00:00,Goalkeeper,Goalkeeper,right,183.0,2026-06-30 00:00:00,Alinea,https://img.a.transfermarkt.technology/portrait/header/73396-1722444561.JPG?lm=1,131.0,0.0,3816.0,https://www.transfermarkt.co.uk/david-ospina/profil/spieler/73396,COL1,Atlético Nacional,100000.0,8000000.0,2025,David Soria,ESP-La Liga,2526,Getafe,David Soria,ESP,GK,32,1993,38,38,3420,38.0,38,1.0,154,115,75.3,15,6,17,12,31.6,4,1,2,1,66.7,37.75770020533881,26.0
78570,2026-06-04,1200000,Al-Khaleej FC,6070,SA1,Anthony,Moris,Anthony Moris,2025,6070,anthony-moris,Belgium,Arlon  ,Luxembourg,1990-04-29 00:00:00,Goalkeeper,Goalkeeper,left,186.0,2027-06-30 00:00:00,Soccerprod,https://img.a.transfermarkt.technology/portrait/header/78570-1714467075.png?lm=1,82.0,0.0,,https://www.transfermarkt.co.uk/anthony-moris/profil/spieler/78570,SA1,Al-Khaleej Club (Saihat),1200000.0,2000000.0,2025,Anthony Lopes,FRA-Ligue 1,2526,Nantes,Anthony Lopes,POR,GK,34,1990,31,31,2788,31.0,50,1.61,147,97,66.0,4,7,20,6,19.4,5,5,0,0,0.0,36.09856262833676,391.0
168166,2026-06-04,350000,Standard Liège,3057,BE1,Lucas,Pirard,Lucas Pirard,2025,3057,lucas-pirard,Belgium,Sprimont  ,Belgium,1995-03-10 00:00:00,Goalkeeper,Goalkeeper,right,191.0,2028-06-30 00:00:00,,https://img.a.transfermarkt.technology/portrait/header/168166-1706870344.jpg?lm=1,1.0,0.0,,https://www.transfermarkt.co.uk/lucas-pirard/profil/spieler/168166,BE1,Standard Liège,350000.0,1500000.0,2025,Lucas Perri,ENG-Premier League,2526,Leeds United,Lucas Perri,BRA,GK,27,1997,16,16,1440,16.0,29,1.81,67,38,56.7,4,6,6,3,18.8,4,4,0,0,0.0,31.236139630390145,757.0
465682,2026-06-04,1000000,Junior FC,11854,COL1,Mauro,Silveira,Mauro Silveira,2025,11854,mauro-silveira,Uruguay,Montevideo  ,Uruguay,2000-05-06 00:00:00,Goalkeeper,Goalkeeper,right,187.0,2028-06-30 00:00:00,JM Agente Deportivo,https://img.a.transfermarkt.technology/portrait/header/465682-1752505115.JPG?lm=1,0.0,0.0,,https://www.transfermarkt.co.uk/mauro-silveira/profil/spieler/465682,COL1,Junior FC,1000000.0,1000000.0,2025,Marco Silvestri,ITA-Serie A,2526,Cremonese,Marco Silvestri,ITA,GK,34,1991,4,4,360,4.0,7,1.75,22,15,68.2,0,3,1,0,0.0,0,0,0,0,,26.078028747433265,757.0
1193791,2026-06-04,100000,Union Saint-Gilloise,3948,BE1,Giorgi,Kavlashvili,Giorgi Kavlashvili,2025,3948,giorgi-kavlashvili,,,Georgia,2007-01-24 00:00:00,Goalkeeper,Goalkeeper,left,195.0,2028-06-30 00:00:00,GBM Sports Group.bv,https://img.a.transfermarkt.technology/portrait/header/1193791-1772107172.jpg?lm=1,0.0,0.0,,https://www.transfermarkt.co.uk/giorgi-kavlashvili/profil/spieler/1193791,BE1,Union Saint-Gilloise,100000.0,100000.0,2025,Giorgi Mamardashvili,ENG-Premier League,2526,Liverpool,Giorgi Mamardashvili,GEO,GK,24,2000,10,10,867,9.6,18,1.87,51,33,64.7,3,1,6,2,20.0,2,1,1,0,50.0,19.359342915811087,757.0
1283879,2026-06-04,150000,Deportivo Pereira,9811,COL1,Jorge,Martínez,Jorge Martínez,2025,9811,jorge-martinez,Colombia,Carepa  ,Colombia,2006-04-29 00:00:00,Goalkeeper,Goalkeeper,right,185.0,,,https://img.a.transfermarkt.technology/portrait/header/1283879-1768616448.JPG?lm=1,,,,https://www.transfermarkt.co.uk/jorge-martinez/profil/spieler/1283879,COL1,Deportivo Pereira,150000.0,150000.0,2025,Josep Martinez,ITA-Serie A,2526,Inter,Josep Martinez,ESP,GK,27,1998,5,5,450,5.0,4,0.8,14,10,71.4,4,1,0,3,60.0,0,0,0,0,,20.098562628336754,0.0
44058,2026-06-05,800000,FC Barcelona,131,ES1,Wojciech,Szczesny,Wojciech Szczesny,2025,131,wojciech-szczesny,Poland,Warszawa  ,Poland,1990-04-18 00:00:00,Goalkeeper,Goalkeeper,right,195.0,2027-06-30 00:00:00,CAA Stellar,https://img.a.transfermarkt.technology/portrait/header/44058-1744278078.jpg?lm=1,84.0,0.0,,https://www.transfermarkt.co.uk/wojciech-szczesny/profil/spieler/44058,ES1,FC Barcelona,800000.0,40000000.0,2025,Wojciech Szczęsny,ESP-La Liga,2526,Barcelona,Wojciech Szczęsny,POL,GK,35,1990,8,8,720,8.0,15,1.87,37,22,59.5,4,0,4,0,0.0,2,1,1,0,50.0,36.13141683778234,390.0
73517,2026-06-05,800000,Sevilla FC,368,ES1,Ørjan,Nyland,Ørjan Nyland,2025,368,orjan-nyland,Norway,Volda  ,Norway,1990-09-10 00:00:00,Goalkeeper,Goalkeeper,right,192.0,,,https://img.a.transfermarkt.technology/portrait/header/73517-1779430891.jpg?lm=1,75.0,0.0,,https://www.transfermarkt.co.uk/orjan-nyland/profil/spieler/73517,ES1,Sevilla FC,800000.0,3000000.0,2025,Ørjan Nyland,ESP-La Liga,2526,Sevilla,Ørjan Nyland,NOR,GK,34,1990,5,5,450,5.0,8,1.6,19,11,57.9,1,1,3,1,20.0,1,1,0,0,0.0,35.73442847364819,0.0
74857,2026-06-05,3000000,Girona FC,12321,ES1,Marc-André,ter Stegen,Marc-André ter Stegen,2025,131,marc-andre-ter-stegen,Germany,Mönchengladbach  ,Germany,1992-04-30 00:00:00,Goalkeeper,Goalkeeper,right,187.0,2028-06-30 00:00:00,ROOF,https://img.a.transfermarkt.technology/portrait/header/74857-1674465246.jpg?lm=1,44.0,0.0,,https://www.transfermarkt.co.uk/marc-andre-ter-stegen/profil/spieler/74857,ES1,FC Barcelona,3000000.0,90000000.0,2025,Marc-André ter Stegen,ESP-La Liga,2526,Girona,Marc-André ter Stegen,GER,GK,33,1992,2,2,180,2.0,2,1.0,6,4,66.7,0,1,1,0,0.0,0,0,0,0,,34.09719370294319,756.0
94308,2026-06-05,700000,RCD Espanyol Barcelona,714,ES1,Marko,Dmitrovic,Marko Dmitrovic,2025,714,marko-dmitrovic,Jugoslawien (SFR),Subotica  ,Serbia,1992-01-24 00:00:00,Goalkeeper,Goalkeeper,left,189.0,2028-06-30 00:00:00,IDUB GLOBAL,https://img.a.transfermarkt.technology/portrait/header/94308-1669364494.jpg?lm=1,19.0,0.0,,https://www.transfermarkt.co.uk/marko-dmitrovic/profil/spieler/94308,ES1,RCD Espanyol Barcelona,700000.0,12000000.0,2025,Marko Dmitrović,ESP-La Liga,2526,Espanyol,Marko Dmitrović,SRB,GK,33,1992,37,37,3330,37.0,54,1.46,187,133,71.1,12,9,16,10,27.0,5,5,0,0,0.0,34.362765229295,756.0
108390,2026-06-05,15000000,Real Madrid,418,ES1,Thibaut,Courtois,Thibaut Courtois,2025,418,thibaut-courtois,Belgium,Bree  ,Belgium,1992-05-11 00:00:00,Goalkeeper,Goalkeeper,left,199.0,2027-06-30 00:00:00,RGM,https://img.a.transfermarkt.technology/portrait/header/108390-1717280733.jpg?lm=1,115.0,0.0,,https://www.transfermarkt.co.uk/thibaut-courtois/profil/spieler/108390,ES1,Real Madrid,15000000.0,75000000.0,2025,Thibaut Courtois,ESP-La Liga,2526,Real Madrid,Thibaut Courtois,BEL,GK,33,1992,32,32,2880,32.0,28,0.87,98,70,71.4,24,3,5,13,40.6,4,4,0,0,0.0,34.06707734428473,390.0
118997,2026-06-05,500000,CA Osasuna,331,ES1,Aitor,Fernández,Aitor Fernández,2025,331,aitor-fernandez,Spain,Arrasate  ,Spain,1991-05-03 00:00:00,Goalkeeper,Goalkeeper,right,182.0,2027-06-30 00:00:00,,https://img.a.transfermarkt.technology/portrait/header/118997-1683281584.jpg?lm=1,3.0,0.0,,https://www.transfermarkt.co.uk/aitor-fernandez/profil/spieler/118997,ES1,CA Osasuna,500000.0,10000000.0,2025,Aitor Fernández,ESP-La Liga,2526,Osasuna,Aitor Fernández,ESP,GK,34,1991,2,1,136,1.5,3,1.99,12,9,75.0,0,0,1,0,0.0,1,1,0,0,0.0,35.09103353867214,390.0
121483,2026-06-05,15000000,Atlético de Madrid,13,ES1,Jan,Oblak,Jan Oblak,2025,13,jan-oblak,Slovenia,Škofja Loka  ,Slovenia,1993-01-07 00:00:00,Goalkeeper,Goalkeeper,right,188.0,2028-06-30 00:00:00,Miha Mlakar,https://img.a.transfermarkt.technology/portrait/header/121483-1719350076.jpg?lm=1,84.0,0.0,,https://www.transfermarkt.co.uk/jan-oblak/profil/spieler/121483,ES1,Atlético de Madrid,15000000.0,100000000.0,2025,Jan Oblak,ESP-La Liga,2526,Atlético Madrid,Jan Oblak,SVN,GK,32,1993,30,30,2700,30.0,31,1.03,106,75,70.8,17,6,7,11,36.7,3,2,0,1,0.0,33.4072553045859,756.0
124419,2026-06-05,3000000,Sevilla FC,368,ES1,Odysseas,Vlachodimos,Odysseas Vlachodimos,2025,368,odysseas-vlachodimos,Germany,Stuttgart  ,Greece,1994-04-26 00:00:00,Goalkeeper,Goalkeeper,right,191.0,2027-06-30 00:00:00,fair-sport GmbH,https://img.a.transfermarkt.technology/portrait/header/124419-1706829687.jpg?lm=1,53.0,0.0,,https://www.transfermarkt.co.uk/odysseas-vlachodimos/profil/spieler/124419,ES1,Sevilla FC,3000000.0,18000000.0,2025,Odysseas Vlachodimos,ESP-La Liga,2526,Sevilla,Odysseas Vlachodimos,GRE,GK,31,1994,33,33,2970,33.0,52,1.58,140,88,62.9,11,6,16,5,15.2,10,8,1,1,11.1,32.10951403148528,390.0
128969,2026-06-05,1800000,Levante UD,3368,ES1,Mathew,Ryan,Mathew Ryan,2025,3368,mathew-ryan,Australia,Plumpton  ,Australia,1992-04-08 00:00:00,Goalkeeper,Goalkeeper,right,184.0,,CAA Stellar,https://img.a.transfermarkt.technology/portrait/header/128969-1668505563.jpg?lm=1,105.0,0.0,,https://www.transfermarkt.co.uk/mathew-ryan/profil/spieler/128969,ES1,Levante UD,1800000.0,10000000.0,2025,Mathew Ryan,ESP-La Liga,2526,Levante,Mathew Ryan,AUS,GK,33,1992,36,36,3240,36.0,56,1.56,180,124,68.9,11,9,16,9,25.0,4,3,1,0,25.0,34.157426420260094,0.0
144128,2026-06-05,100000,Elche CF,1531,ES1,Matías,Dituro,Matías Dituro,2025,1531,matias-dituro,Argentina,Bigand  ,Argentina,1987-05-08 00:00:00,Goalkeeper,Goalkeeper,right,191.0,2027-06-30 00:00:00,Vibra Futbol,https://img.a.transfermarkt.technology/portrait/header/144128-1695219400.png?lm=1,,,,https://www.transfermarkt.co.uk/matias-dituro/profil/spieler/144128,ES1,Elche CF,100000.0,1000000.0,2025,Matías Dituro,ESP-La Liga,2526,Elche,Matías Dituro,ARG,GK,38,1987,22,22,1980,22.0,29,1.32,93,64,68.8,7,9,6,4,18.2,5,4,0,1,0.0,39.07734428473648,390.0
165467,2026-06-05,2000000,Valencia CF,1049,ES1,Stole,Dimitrievski,Stole Dimitrievski,2025,1049,stole-dimitrievski,Macedonia,Kumanovo  ,North Macedonia,1993-12-25 00:00:00,Goalkeeper,Goalkeeper,right,188.0,2028-06-30 00:00:00,AS1,https://img.a.transfermarkt.technology/portrait/header/165467-1541150592.jpg?lm=1,90.0,0.0,,https://www.transfermarkt.co.uk/stole-dimitrievski/profil/spieler/165467,ES1,Valencia CF,2000000.0,4000000.0,2025,Stole Dimitrievski,ESP-La Liga,2526,Valencia,Stole Dimitrievski,MKD,GK,31,1993,20,20,1800,20.0,25,1.25,77,52,67.5,10,3,7,5,25.0,4,3,0,1,0.0,32.4435318275154,756.0
195488,2026-06-05,1800000,Girona FC,12321,ES1,Paulo,Gazzaniga,Paulo Gazzaniga,2025,12321,paulo-gazzaniga,Argentina,Murphy  ,Argentina,1992-01-02 00:00:00,Goalkeeper,Goalkeeper,right,195.0,2027-06-30 00:00:00,LGT Football,https://img.a.transfermarkt.technology/portrait/header/195488-1769783747.jpg?lm=1,1.0,0.0,,https://www.transfermarkt.co.uk/paulo-gazzaniga/profil/spieler/195488,ES1,Girona FC,1800000.0,4000000.0,2025,Paulo Gazzaniga,ESP-La Liga,2526,Girona,Paulo Gazzaniga,ARG,GK,33,1992,35,35,3102,34.5,47,1.36,162,115,71.0,9,13,13,6,17.1,5,4,0,1,0.0,34.42299794661191,390.0
212862,2026-06-05,9000000,Real Sociedad,681,ES1,Álex,Remiro,Álex Remiro,2025,681,alex-remiro,Spain,Cascante  ,Spain,1995-03-24 00:00:00,Goalkeeper,Goalkeeper,right,192.0,2027-06-30 00:00:00,Feel Winner,https://img.a.transfermarkt.technology/portrait/header/212862-1694594210.jpg?lm=1,2.0,0.0,,https://www.transfermarkt.co.uk/alex-remiro/profil/spieler/212862,ES1,Real Sociedad,9000000.0,25000000.0,2025,Álex Remiro,ESP-La Liga,2526,Real Sociedad,Álex Remiro,ESP,GK,30,1995,37,37,3330,37.0,60,1.62,159,99,62.3,11,12,14,3,8.1,5,5,0,0,0.0,31.200547570157426,390.0
226012,2026-06-05,2800000,Getafe CF,3709,ES1,David,Soria,David Soria,2025,3709,david-soria,Spain,Madrid  ,Spain,1993-04-04 00:00:00,Goalkeeper,Goalkeeper,right,192.0,2030-06-30 00:00:00,AS1,https://img.a.transfermarkt.technology/portrait/header/226012-1696863038.jpg?lm=1,,,,https://www.transfermarkt.co.uk/david-soria/profil/spieler/226012,ES1,Getafe CF,2800000.0,18000000.0,2025,David Soria,ESP-La Liga,2526,Getafe,David Soria,ESP,GK,32,1993,38,38,3420,38.0,38,1.0,154,115,75.3,15,6,17,12,31.6,4,1,2,1,66.7,33.16906228610541,1486.0
242359,2026-06-05,3000000,Atlético de Madrid,13,ES1,Juan,Musso,Juan Musso,2025,13,juan-musso,Argentina,San Nicolás de los Arroyos  ,Argentina,1994-05-06 00:00:00,Goalkeeper,Goalkeeper,right,193.0,2028-06-30 00:00:00,,https://img.a.transfermarkt.technology/portrait/header/242359-1663583047.jpg?lm=1,4.0,0.0,,https://www.transfermarkt.co.uk/juan-musso/profil/spieler/242359,ES1,Atlético de Madrid,3000000.0,20000000.0,2025,Juan Musso,ESP-La Liga,2526,Atlético Madrid,Juan Musso,ARG,GK,31,1994,8,8,720,8.0,13,1.62,35,22,62.9,4,0,4,3,37.5,3,3,0,0,0.0,32.082135523613964,756.0
248738,2026-06-05,2800000,CA Osasuna,331,ES1,Sergio,Herrera,Sergio Herrera,2025,331,sergio-herrera,Spain,Miranda de Ebro  ,Spain,1993-06-05 00:00:00,Goalkeeper,Goalkeeper,right,192.0,2028-06-30 00:00:00,Gersh,https://img.a.transfermarkt.technology/portrait/header/248738-1732220099.jpg?lm=1,,,,https://www.transfermarkt.co.uk/sergio-herrera/profil/spieler/248738,ES1,CA Osasuna,2800000.0,8000000.0,2025,Sergio Herrera,ESP-La Liga,2526,Osasuna,Sergio Herrera,ESP,GK,32,1993,37,37,3284,36.5,47,1.29,160,113,70.6,11,9,17,7,18.9,8,8,0,0,0.0,32.99931553730322,756.0
262105,2026-06-05,350000,FK Javor-Matis Ivanjica,8819,SER1,Nikola,Vasiljevic,Nikola Vasiljevic,2025,8819,nikola-vasiljevic,Yugoslavia (Republic),Niš  ,Serbia,1996-06-24 00:00:00,Goalkeeper,Goalkeeper,right,202.0,2027-06-30 00:00:00,,https://img.a.transfermarkt.technology/portrait/header/262105-1694785419.jpg?lm=1,0.0,0.0,,https://www.transfermarkt.co.uk/nikola-vasiljevic/profil/spieler/262105,SER1,FK Javor-Matis Ivanjica,350000.0,800000.0,2025,Nikola Vasilj,,2526,St Pauli,Nikola Vasilj,BIH,GK,29,1995,34,34,3060,34.0,60,1.76,183,123,67.2,6,8,20,5,14.7,6,3,2,1,40.0,29.946611909650922,390.0
262396,2026-06-05,22000000,Athletic Bilbao,621,ES1,Unai,Simón,Unai Simón,2025,621,unai-simon,Spain,Vitoria-Gasteiz  ,Spain,1997-06-11 00:00:00,Goalkeeper,Goalkeeper,right,190.0,2029-06-30 00:00:00,CAA Stellar,https://img.a.transfermarkt.technology/portrait/header/262396-1709674901.png?lm=1,64.0,0.0,,https://www.transfermarkt.co.uk/unai-simon/profil/spieler/262396,ES1,Athletic Bilbao,22000000.0,30000000.0,2025,Unai Simón,ESP-La Liga,2526,Athletic Club,Unai Simón,ESP,GK,28,1997,37,37,3330,37.0,54,1.46,151,97,64.2,13,6,18,6,16.2,6,3,2,1,40.0,28.982888432580424,1121.0
275218,2026-06-05,6000000,Rayo Vallecano,367,ES1,Augusto,Batalla,Augusto Batalla,2025,367,augusto-batalla,Argentina,Hurlingham  ,Argentina,1996-04-30 00:00:00,Goalkeeper,Goalkeeper,right,185.0,2030-06-30 00:00:00,Hernan Berman,https://img.a.transfermarkt.technology/portrait/header/275218-1775761484.jpg?lm=1,13.0,0.0,,https://www.transfermarkt.co.uk/augusto-batalla/profil/spieler/275218,ES1,Rayo Vallecano,6000000.0,6000000.0,2025,Augusto Batalla,ESP-La Liga,2526,Rayo Vallecano,Augusto Batalla,ARG,GK,29,1996,34,34,3060,34.0,37,1.09,128,91,71.1,10,13,11,11,32.4,6,5,1,0,16.7,30.09719370294319,1486.0
283170,2026-06-05,4000000,Elche CF,1531,ES1,Iñaki,Peña,Iñaki Peña,2025,131,inaki-pena,Spain,Alicante  ,Spain,1999-03-02 00:00:00,Goalkeeper,Goalkeeper,right,184.0,2029-06-30 00:00:00,AC Talent,https://img.a.transfermarkt.technology/portrait/header/283170-1702502364.jpg?lm=1,0.0,0.0,,https://www.transfermarkt.co.uk/inaki-pena/profil/spieler/283170,ES1,FC Barcelona,4000000.0,10000000.0,2025,Iñaki Peña,ESP-La Liga,2526,Elche,Iñaki Peña,ESP,GK,26,1999,16,16,1440,16.0,28,1.75,83,55,66.3,3,4,9,4,25.0,2,2,0,0,0.0,27.260780287474333,1121.0
284430,2026-06-05,3000000,Real Oviedo,2497,ES1,Aarón,Escandell,Aarón Escandell,2025,2497,aaron-escandell,Spain,Carcaixent  ,Spain,1995-09-27 00:00:00,Goalkeeper,Goalkeeper,right,186.0,2027-06-30 00:00:00,Goal Management,https://img.a.transfermarkt.technology/portrait/header/284430-1583309348.jpg?lm=1,,,,https://www.transfermarkt.co.uk/aaron-escandell/profil/spieler/284430,ES1,Real Oviedo,3000000.0,3000000.0,2025,Aarón Escandell,ESP-La Liga,2526,Oviedo,Aarón Escandell,ESP,GK,29,1995,36,36,3240,36.0,56,1.56,201,145,72.1,6,11,19,10,27.8,7,5,2,0,28.6,30.688569472963724,390.0
286415,2026-06-05,2500000,Real Betis Balompié,150,ES1,Pau,López,Pau López,2025,150,pau-lopez,Spain,Girona  ,Spain,1994-12-13 00:00:00,Goalkeeper,Goalkeeper,left,189.0,2028-06-30 00:00:00,Goal Management,https://img.a.transfermarkt.technology/portrait/header/286415-1762266591.jpg?lm=1,2.0,0.0,,https://www.transfermarkt.co.uk/pau-lopez/profil/spieler/286415,ES1,Real Betis Balompié,2500000.0,24000000.0,2025,Pau López,ESP-La Liga,2526,Real Betis,Pau López,ESP,GK,30,1994,9,9,810,9.0,11,1.22,40,29,72.5,4,2,3,2,22.2,1,0,1,0,100.0,31.477070499657767,756.0
298197,2026-06-05,6000000,Deportivo Alavés,1108,ES1,Antonio,Sivera,Antonio Sivera,2025,1108,antonio-sivera,Spain,Xàbia  ,Spain,1996-08-11 00:00:00,Goalkeeper,Goalkeeper,right,185.0,2027-06-30 00:00:00,THE·TEAM,https://img.a.transfermarkt.technology/portrait/header/298197-1713856039.jpg?lm=1,10.0,0.0,,https://www.transfermarkt.co.uk/antonio-sivera/profil/spieler/298197,ES1,Deportivo Alavés,6000000.0,6000000.0,2025,Antonio Sivera,ESP-La Liga,2526,Alavés,Antonio Sivera,ESP,GK,28,1996,38,38,3420,38.0,56,1.47,153,97,63.4,11,10,17,5,13.2,5,5,0,0,0.0,29.815195071868583,390.0
303657,2026-06-05,9000000,Celta de Vigo,940,ES1,Ionuț,Radu,Ionuț Radu,2025,940,ionut-radu,Romania,Bucharest  ,Romania,1997-05-28 00:00:00,Goalkeeper,Goalkeeper,right,188.0,2029-06-30 00:00:00,,https://img.a.transfermarkt.technology/portrait/header/303657-1699432718.jpg?lm=1,9.0,0.0,,https://www.transfermarkt.co.uk/ionut-radu/profil/spieler/303657,ES1,Celta de Vigo,9000000.0,15000000.0,2025,Ionuț Radu,ESP-La Liga,2526,Celta Vigo,Ionuț Radu,ROU,GK,28,1997,38,38,3420,38.0,48,1.26,159,111,69.8,14,12,12,10,26.3,11,6,2,3,25.0,29.021218343600275,1121.0
397676,2026-06-05,1800000,Rayo Vallecano,367,ES1,Dani,Cárdenas,Dani Cárdenas,2025,367,dani-cardenas,Spain,Terrassa  ,Spain,1997-03-28 00:00:00,Goalkeeper,Goalkeeper,right,186.0,2027-06-30 00:00:00,,https://img.a.transfermarkt.technology/portrait/header/397676-1663571879.jpg?lm=1,,,,https://www.transfermarkt.co.uk/dani-cardenas/profil/spieler/397676,ES1,Rayo Vallecano,1800000.0,2000000.0,2025,Dani Cárdenas,ESP-La Liga,2526,Rayo Vallecano,Dani Cárdenas,ESP,GK,28,1997,4,4,360,4.0,7,1.75,26,19,73.1,2,1,1,1,25.0,2,1,1,0,50.0,29.188227241615333,390.0
404839,2026-06-05,12000000,Real Madrid,418,ES1,Andriy,Lunin,Andriy Lunin,2025,418,andriy-lunin,Ukraine,"Krasnograd, Kharkiv Oblast  ",Ukraine,1999-02-11 00:00:00,Goalkeeper,Goalkeeper,right,191.0,2030-06-30 00:00:00,Gestifute,https://img.a.transfermarkt.technology/portrait/header/404839-1701294131.jpg?lm=1,16.0,0.0,,https://www.transfermarkt.co.uk/andriy-lunin/profil/spieler/404839,ES1,Real Madrid,12000000.0,25000000.0,2025,Andriy Lunin,ESP-La Liga,2526,Real Madrid,Andriy Lunin,UKR,GK,26,1999,6,6,540,6.0,7,1.17,23,16,69.6,3,2,1,1,16.7,0,0,0,0,,27.312799452429843,1486.0
417913,2026-06-05,7000000,Real Betis Balompié,150,ES1,Álvaro,Valles,Álvaro Valles,2025,150,alvaro-valles,Spain,La Rinconada  ,Spain,1997-07-25 00:00:00,Goalkeeper,Goalkeeper,right,191.0,2030-06-30 00:00:00,Gersh,https://img.a.transfermarkt.technology/portrait/header/417913-1773343747.jpg?lm=1,,,,https://www.transfermarkt.co.uk/alvaro-valles/profil/spieler/417913,ES1,Real Betis Balompié,7000000.0,15000000.0,2025,Álvaro Vallés,ESP-La Liga,2526,Real Betis,Álvaro Vallés,ESP,GK,28,1997,28,28,2520,28.0,36,1.29,123,87,70.7,10,13,5,8,28.6,6,4,1,1,20.0,28.862422997946613,1486.0
466783,2026-06-05,4000000,Villarreal CF,1050,ES1,Arnau,Tenas,Arnau Tenas,2025,1050,arnau-tenas,Spain,Vic  ,Spain,2001-05-30 00:00:00,Goalkeeper,Goalkeeper,right,185.0,2029-06-30 00:00:00,De la Peña & Sostres,https://img.a.transfermarkt.technology/portrait/header/466783-1701444229.jpg?lm=1,0.0,0.0,,https://www.transfermarkt.co.uk/arnau-tenas/profil/spieler/466783,ES1,Villarreal CF,4000000.0,5000000.0,2025,Arnau Tenas,ESP-La Liga,2526,Villarreal,Arnau Tenas,ESP,GK,24,2001,10,10,900,10.0,16,1.6,46,30,65.2,4,3,3,0,0.0,2,2,0,0,0.0,25.01574264202601,1121.0
490606,2026-06-05,1400000,RCD Mallorca,237,ES1,Lucas,Bergström,Lucas Bergström,2025,237,lucas-bergstrom,Finland,Pargas  ,Finland,2002-09-05 00:00:00,Goalkeeper,Goalkeeper,right,205.0,2027-06-30 00:00:00,CAA Stellar,https://img.a.transfermarkt.technology/portrait/header/490606-1639405918.jpg?lm=1,1.0,0.0,,https://www.transfermarkt.co.uk/lucas-bergstrom/profil/spieler/490606,ES1,RCD Mallorca,1400000.0,1500000.0,2025,Lucas Bergström,ESP-La Liga,2526,Mallorca,Lucas Bergström,FIN,GK,22,2002,5,5,450,5.0,7,1.4,22,15,68.2,1,2,2,2,40.0,0,0,0,0,,23.748117727583846,390.0
525438,2026-06-05,1800000,Real Oviedo,2497,ES1,Horațiu,Moldovan,Horațiu Moldovan,2025,2497,horatiu-moldovan,Romania,Cluj-Napoca  ,Romania,1998-01-20 00:00:00,Goalkeeper,Goalkeeper,right,193.0,2027-06-30 00:00:00,,https://img.a.transfermarkt.technology/portrait/header/525438-1718199207.jpg?lm=1,16.0,0.0,,https://www.transfermarkt.co.uk/horatiu-moldovan/profil/spieler/525438,ES1,Real Oviedo,1800000.0,2600000.0,2025,Horaţiu Moldovan,ESP-La Liga,2526,Oviedo,Horaţiu Moldovan,ROU,GK,27,1998,2,2,180,2.0,4,2.0,8,4,50.0,0,0,2,0,0.0,0,0,0,0,,28.372347707049965,390.0
561613,2026-06-05,45000000,FC Barcelona,131,ES1,Joan,García,Joan García,2025,131,joan-garcia,Spain,Sallent de Llobregat  ,Spain,2001-05-04 00:00:00,Goalkeeper,Goalkeeper,right,194.0,2031-06-30 00:00:00,,https://img.a.transfermarkt.technology/portrait/header/561613-1747386081.jpg?lm=1,2.0,0.0,,https://www.transfermarkt.co.uk/joan-garcia/profil/spieler/561613,ES1,FC Barcelona,45000000.0,45000000.0,2025,Joan García,ESP-La Liga,2526,Barcelona,Joan García,ESP,GK,24,2001,30,30,2700,30.0,21,0.7,95,74,77.9,27,1,2,15,50.0,3,3,0,0,0.0,25.086926762491444,1851.0
562742,2026-06-05,6000000,RCD Mallorca,237,ES1,Leo,Román,Leo Román,2025,237,leo-roman,Spain,Ibiza  ,Spain,2000-07-06 00:00:00,Goalkeeper,Goalkeeper,right,189.0,2031-06-30 00:00:00,,https://img.a.transfermarkt.technology/portrait/header/562742-1745395600.jpg?lm=1,1.0,0.0,,https://www.transfermarkt.co.uk/leo-roman/profil/spieler/562742,ES1,RCD Mallorca,6000000.0,6000000.0,2025,Leo Román,ESP-La Liga,2526,Mallorca,Leo Román,ESP,GK,25,2000,33,33,2970,33.0,50,1.52,149,99,66.4,10,7,16,4,12.1,8,6,1,1,14.3,25.913757700205338,1851.0
625014,2026-06-05,9000000,Valencia CF,1049,ES1,Julen,Agirrezabala,Julen Agirrezabala,2025,1049,julen-agirrezabala,Spain,Donostia-San Sebastián  ,Spain,2000-12-26 00:00:00,Goalkeeper,Goalkeeper,left,187.0,2027-06-30 00:00:00,Gersh,https://img.a.transfermarkt.technology/portrait/header/625014-1709674945.png?lm=1,8.0,0.0,,https://www.transfermarkt.co.uk/julen-agirrezabala/profil/spieler/625014,ES1,Valencia CF,9000000.0,15000000.0,2025,Julen Agirrezabala,ESP-La Liga,2526,Valencia,Julen Agirrezabala,ESP,GK,24,2000,18,18,1620,18.0,30,1.67,83,52,63.9,3,7,8,4,22.2,4,3,1,0,25.0,25.440109514031484,390.0
625657,2026-06-05,1000000,Real Sociedad,681,ES1,Unai,Marrero,Unai Marrero,2025,681,unai-marrero,Spain,Donostia-San Sebastián  ,Spain,2001-10-09 00:00:00,Goalkeeper,Goalkeeper,right,189.0,2030-06-30 00:00:00,IDUB GLOBAL,https://img.a.transfermarkt.technology/portrait/header/625657-1692370133.jpg?lm=1,,,,https://www.transfermarkt.co.uk/unai-marrero/profil/spieler/625657,ES1,Real Sociedad,1000000.0,1000000.0,2025,Unai Marrero,ESP-La Liga,2526,Real Sociedad,Unai Marrero,ESP,GK,23,2001,1,1,90,1.0,1,1.0,8,7,87.5,0,1,0,0,0.0,0,0,0,0,,24.654346338124572,1486.0
834483,2026-06-05,3000000,Athletic Bilbao,621,ES1,Álex,Padilla,Álex Padilla,2025,621,alex-padilla,Spain,Zarautz  ,Mexico,2003-09-01 00:00:00,Goalkeeper,Goalkeeper,right,190.0,2029-06-30 00:00:00,THE·TEAM,https://img.a.transfermarkt.technology/portrait/header/834483-1709676711.png?lm=1,3.0,0.0,,https://www.transfermarkt.co.uk/alex-padilla/profil/spieler/834483,ES1,Athletic Bilbao,3000000.0,3000000.0,2025,Alex Padilla,ESP-La Liga,2526,Athletic Club,Alex Padilla,ESP,GK,21,2003,1,1,90,1.0,4,4.0,8,4,50.0,0,0,1,0,0.0,0,0,0,0,,22.759753593429156,1121.0
1169436,2026-06-05,300000,Girona FC,12321,ES1,Vladyslav,Krapyvtsov,Vladyslav Krapyvtsov,2025,12321,vladyslav-krapyvtsov,Ukraine,Kharkiv  ,Ukraine,2005-06-25 00:00:00,Goalkeeper,Goalkeeper,right,188.0,2029-06-30 00:00:00,ProStar,https://img.a.transfermarkt.technology/portrait/header/1169436-1692105603.png?lm=1,4.0,0.0,,https://www.transfermarkt.co.uk/vladyslav-krapyvtsov/profil/spieler/1169436,ES1,Girona FC,300000.0,400000.0,2025,Vladyslav Krapyvtsov,ESP-La Liga,2526,Girona,Vladyslav Krapyvtsov,UKR,GK,20,2005,2,1,136,1.5,6,3.97,10,4,40.0,0,0,1,0,0.0,1,1,0,0,0.0,20.944558521560573,1121.0
168278,2026-06-08,175000,FC Hermannstadt,58049,RO1,David,Lazar,David Lazar,2025,58049,david-lazar,Romania,Oradea  ,Romania,1991-08-08 00:00:00,Goalkeeper,Goalkeeper,,185.0,2028-06-30 00:00:00,,https://img.a.transfermarkt.technology/portrait/header/168278-1676965564.png?lm=1,1.0,0.0,,https://www.transfermarkt.co.uk/david-lazar/profil/spieler/168278,RO1,FC Hermannstadt,175000.0,1200000.0,2025,David Raya,ENG-Premier League,2526,Arsenal,David Raya,ESP,GK,29,1995,37,37,3330,37.0,26,0.7,86,59,69.8,25,7,5,19,51.4,0,0,0,0,,34.83367556468173,753.0
